,Date,approve_mean,disapprove_mean,Issue,approve_std,disapprove_std,approve_CI_upper,approve_CI_lower,disapprove_CI_upper,disapprove_CI_lower
0,2025-01-21,42.3873685,35.6126315,economy,0.0,0.0,42.3873685,42.3873685,35.6126315,35.6126315
1,2025-01-22,42.3873685,35.6126315,economy,0.0,0.0,42.3873685,42.3873685,35.6126315,35.6126315
2,2025-01-23,47.773330384526034,46.515446956408674,economy,2.5708547357385125,5.2041873577903885,52.81220566657352,42.73445510247855,56.715654177677834,36.315239735139514
3,2025-01-24,47.77309571856844,46.51497192155242,economy,2.571044525607143,5.20457154987298,52.812342988758445,42.73384844837844,56.71593215930346,36.31401168380138
4,2025-01-25,47.772868164869955,46.51451128405921,economy,2.571228529490072,5.2049440293709495,52.81247608267049,42.73326024706942,56.71620158162627,36.31282098649215
5,2025-01-26,47.77264946625468,46.514068571932,economy,2.5714053416133043,5.2053019505726565,52.81260393581675,42.7326949966926,56.716460395054405,36.311676748809596
6,2025-01-27,47.77244153783032,46.5136476619279,economy,2.571573417796785,5.205642187590741,52.812725436712014,42.73215763894862,56.71670634960575,36.310588974250045
7,2025-01-28,48.2425061126511,43.40559415382791,economy,2.2320658230067436,6.257561750486411,52.61735512574432,43.86765709955788,55.67041518478128,31.14077312287455
8,2025-01-29,48.242195004383746,43.40659130123654,economy,2.2323721541704287,6.257528522345237,52.61764442655779,43.8667455822097,55.6713472050332,31.141835397439873
9,2025-01-30,48.24190500323893,43.407552736802984,economy,2.2326566666242447,6.257494572184904,52.617912069822445,43.86589793665541,55.672242098285395,31.142863375320573
10,2025-01-31,48.2416397694204,43.40847057224797,economy,2.2329156598703337,6.257459970374832,52.618154462766256,43.86512507607455,55.67309211418264,31.1438490303133
11,2025-02-01,48.241403307249186,43.409336155819325,economy,2.2331450865858726,6.2574247982185325,52.6183676769575,43.864438937540875,55.67388876032765,31.144783551311
12,2025-02-02,48.241199993980004,43.41014000942366,economy,2.2333405228132706,6.257389148355182,52.618547418694014,43.863852569265994,55.674622740199815,31.145657278647498
13,2025-02-03,48.24103461179995,43.41087175901466,economy,2.2334971346482164,6.25735312501786,52.61868899571045,43.863380227889444,55.67528388404967,31.146459633979653
14,2025-02-04,46.92647048142729,41.876502689105564,economy,2.6200411270100132,5.572991458043623,52.06175109036691,41.791189872487664,52.79956594687106,30.953439431340065
15,2025-02-05,46.92722113611984,41.87780741098129,economy,2.6200349765109405,5.5736365863097665,52.062489690081286,41.791952582158395,52.802135120148435,30.953479701814146
16,2025-02-06,46.92792285899394,41.87893861805263,economy,2.6200168899769984,5.574200012432205,52.063155963348855,41.79268975463902,52.80437064241975,30.95350659368551
17,2025-02-07,46.928567222818586,41.87987104831757,economy,2.619985524151711,5.57466991927094,52.06373885015594,41.79339559548123,52.80622409008861,30.953518006546524
18,2025-02-08,46.92914499896982,41.880577077648695,economy,2.619939414625682,5.575033368712068,52.06422625163616,41.79406374630348,52.80764248032435,30.953511674973043
19,2025-02-09,46.929646082998445,41.88102649504455,economy,2.619876962136746,5.575276185000908,52.064604928786466,41.794687237210425,52.80856781764633,30.953485172442775
20,2025-02-10,46.93005941021184,41.881186247206955,economy,2.6197964165236423,5.575382820066501,52.06486038659818,41.7952584338255,52.8089365745373,30.95343591987661
21,2025-02-11,46.368483239397314,42.50596140248877,economy,2.279748880518195,4.633629731709503,50.836791045212976,41.90017543358165,51.5878756766394,33.424047128338145
22,2025-02-12,46.368856466014336,42.5053406476915,economy,2.2798733576358825,4.633963108571609,50.837408246980665,41.900304685048006,51.58790834049185,33.422772954891144
23,2025-02-13,46.84519165104433,42.956138495952835,economy,2.298525373930476,4.302450112552963,51.350301383948064,42.3400819181406,51.38894071655665,34.523336275349024
24,2025-02-14,46.845071191222644,42.955164112416725,economy,2.2984616852111155,4.30245399265666,51.35005609423643,42.34008628820886,51.38797393802378,34.52235428680967
25,2025-02-15,46.84485352700661,42.95406489813804,economy,2.298327731518914,4.302132180370821,51.34957588078368,42.340131173229544,51.386243971664854,34.52188582461123
26,2025-02-16,45.434922650890364,45.89932924987755,economy,3.163046200150367,6.346220316255353,51.63449320318508,39.23535209859565,58.337921069738044,33.46073743001706
27,2025-02-17,45.201945914795914,46.26370324920299,economy,2.8683381221561133,5.72586080856022,50.823888634221895,39.58000319536993,57.48639043398102,35.04101606442496
28,2025-02-18,44.80563112458105,46.08706825466743,economy,3.3290659932120485,4.947943519331239,51.33060047127666,38.280661777885435,55.78503755255666,36.3890989567782
29,2025-02-19,44.8052087957425,46.08679435128275,economy,3.328773128307031,4.947799959185516,51.329604127224286,38.28081346426072,55.78448227128636,36.38910643127914
30,2025-02-20,45.37798764494473,46.72833305343648,economy,3.4259618771510834,4.887389187666801,52.09287292416086,38.663102365728605,56.30761586126341,37.14905024560955
31,2025-02-21,45.37712263441015,46.72851947562575,economy,3.425783566844314,4.886915534075925,52.091658425425,38.662586843395296,56.30687392241457,37.15016502883694
32,2025-02-22,45.376041664176746,46.72904448792067,economy,3.4256166711350318,4.886204236128185,52.09025033960141,38.66183298875208,56.30600479073191,37.15208418510942
33,2025-02-23,45.37472129040856,46.729948813141334,economy,3.4254630055016144,4.885227653368329,52.08862878119172,38.660813799625394,56.30499501374326,37.15490261253941
34,2025-02-24,45.3731358513969,46.73127707182978,economy,3.4253245009939786,4.88395535531693,52.0867718733451,38.659499829448706,56.30382956825096,37.1587245754086
35,2025-02-25,45.350928623830754,46.06765779358582,economy,3.126323927331957,4.697021495442338,51.47852352140139,39.223333726260115,55.273819924652805,36.86149566251884
36,2025-02-26,45.34909121583635,46.069505097589854,economy,3.1261760157622103,4.695560140397787,51.476396206730286,39.22178622494242,55.27280297276952,36.86620722241019
37,2025-02-27,45.34695199901653,46.07171251722703,economy,3.1259861680743297,4.693770835052718,51.47388488844222,39.220019109590844,55.271503353930356,36.8719216805237
38,2025-02-28,46.492193380958064,46.594442924539955,economy,3.65123009744517,4.342181964501618,53.6486043719506,39.33578238996553,55.105119574963126,38.08376627411678
39,2025-03-01,46.490309013373945,46.597080109436355,economy,3.6518575387376653,4.339522181876389,53.64794978929977,39.33266823744812,55.10254358591408,38.09161663295863
40,2025-03-02,46.48835690882851,46.600226294294956,economy,3.652616628105789,4.336335328664596,53.64748549991585,39.32922831774116,55.099443538477566,38.101009050112346
41,2025-03-03,46.48633461764002,46.60393628074976,economy,3.6535216553817036,4.332562476858762,53.647237062188154,39.32543217309188,55.09575873539293,38.11211382610659
42,2025-03-04,45.441666975562754,46.357175283395904,economy,3.817885188688319,3.947206005905414,52.92472194539186,37.95861200573365,54.093699054970514,38.62065151182129
43,2025-03-05,45.43929712241759,46.360742410840494,economy,3.8183448196191754,3.942941085800392,52.923252968871175,37.95534127596401,54.08890693900926,38.632577882671725
44,2025-03-06,45.43658534115977,46.36480929148355,economy,3.8189337197575566,3.9379467787408213,52.92169543188458,37.95147525043496,54.08318497781556,38.64643360515154
45,2025-03-07,45.43349609589971,46.36942754197298,economy,3.81966605866576,3.9321413323028165,52.9200415708846,37.946950620914826,54.0764245532865,38.662430530659464
46,2025-03-08,45.4291785295913,46.371784073197375,economy,3.8203709209902446,3.9288418078875598,52.91710553473217,37.94125152445042,54.07231401665699,38.67125412973776
47,2025-03-09,45.413433756723016,46.64905602145954,economy,3.751008138593109,4.101829651730498,52.76540970836551,38.06145780508052,54.68864213885132,38.609469904067765
48,2025-03-10,43.43071478591692,47.94048436395523,economy,4.605830374266583,4.210299497419675,52.45814231947942,34.40328725235442,56.19267137889779,39.688297349012664
49,2025-03-11,43.47842031842614,48.37988308325769,economy,4.050954960766304,4.1347640749549015,51.41829204152809,35.53854859532419,56.48402067016929,40.27574549634608
50,2025-03-12,44.09864738302905,48.680500144287045,economy,3.8786418534159965,3.4667039790364598,51.700785415724404,36.4965093503337,55.4752399431985,41.88576034537559
51,2025-03-13,44.09734572550087,48.68451540833394,economy,3.8788638650980998,3.4608091552959332,51.69991890109315,36.494772549908596,55.467701352713966,41.90132946395391
52,2025-03-14,44.09578800496689,48.68922352307021,economy,3.879109448904506,3.454037267086707,51.698842524819725,36.49273348511406,55.459136566560154,41.91931047958027
53,2025-03-15,44.09519936681866,48.69179506437937,economy,3.8797412861795606,3.4508985057726917,51.6994922877306,36.490906445906724,55.45555613569385,41.92803399306489
54,2025-03-16,43.724852481670084,49.74106642380166,economy,3.8683476112117336,4.619427139459753,51.306813799645084,36.14289116369508,58.79514361714278,40.68698923046055
55,2025-03-17,43.691451011145084,50.371242189685226,economy,3.6564650369587763,4.720484549322594,50.85812248358428,36.524779538705886,59.62339190635751,41.11909247301294
56,2025-03-18,43.84204797521019,50.21714413827875,economy,3.505246794777241,4.507390447058706,50.712331692973585,36.9717642574468,59.05162941451381,41.382658862043684
57,2025-03-19,44.20541016914842,50.024019578797855,economy,3.5550251956991787,4.352744502261805,51.17325955271881,37.23756078557803,58.55539880323099,41.49264035436472
58,2025-03-20,44.20432833056663,50.028558920451104,economy,3.555660135418354,4.348967041704557,51.1734221959866,37.23523446514666,58.55253432219204,41.50458351871017
59,2025-03-21,44.20310340049778,50.033872221160536,economy,3.55631465697954,4.34475550263159,51.17348012817768,37.23272667281788,58.54959300631845,41.51815143600262
60,2025-03-22,44.20173317063363,50.03719928765783,economy,3.5565414562595477,4.343212504098125,51.172554424902344,37.23091191636492,58.549895795690155,41.5245027796255
61,2025-03-23,44.200192252576144,50.04110519379255,economy,3.556731083572942,4.341557253753579,51.17138517637911,37.22899932877318,58.55055741114957,41.53165297643554
62,2025-03-24,44.198463767966864,50.045651299785455,economy,3.556878068267417,4.339779292994797,51.169944781771,37.22698275416273,58.55161871405526,41.53968388551565
63,2025-03-25,44.08299735225428,49.65519957917544,economy,3.3510899218054506,4.208383507608763,50.65113359899296,37.5148611055156,57.90363125408861,41.40676790426227
64,2025-03-26,44.08099879011726,49.660176297160895,economy,3.3508836366400594,4.206887232419897,50.64873071793178,37.51326686230275,57.90567527270389,41.4146773216179
65,2025-03-27,44.24783293866154,50.568893455243106,economy,3.072553047444152,4.31235821146311,50.27003691165208,38.225628965671,59.0211155497108,42.11667136077541
66,2025-03-28,44.77706929477393,50.73102226202745,economy,3.16687144763302,4.033552383689212,50.98413733213465,38.57000125741321,58.636784934058305,42.8252595899966
67,2025-03-29,44.775956363313384,50.735686063717935,economy,3.1660975700526857,4.031420908752681,50.981507600616645,38.57040512601012,58.63727104487319,42.83410108256268
68,2025-03-30,44.7748507977166,50.741083710793085,economy,3.1650936011854056,4.029032810228836,50.978434256039996,38.57126733939321,58.637988018841604,42.844179402744565
69,2025-03-31,44.77444430230866,50.74635886858775,economy,3.164034430010574,4.026699085634849,50.97595178512938,38.572936819487936,58.63868907643205,42.854028660743445
70,2025-04-01,44.93486073911849,50.3541771091798,economy,2.8909347473704927,3.7572285246271986,50.60109284396466,39.268628634272325,57.71834501744911,42.99000920091049
71,2025-04-02,44.36366921200413,50.454102002497066,economy,3.4206088950702958,3.62519180489935,51.068062646341915,37.65927577766635,57.55947794009979,43.34872606489434
72,2025-04-03,44.362325594217175,50.46046608115305,economy,3.4195350445400745,3.622512465250767,51.06461428151572,37.66003690691863,57.56059051304455,43.36034164926155
73,2025-04-04,44.360824667105106,50.467006620165215,economy,3.417926504425767,3.61927944790928,51.05996061577961,37.661688718430604,57.5607943380674,43.37321890226303
74,2025-04-05,44.359070310020456,50.47075759288951,economy,3.4164434397758146,3.617809589599928,51.05529945198106,37.662841168059856,57.56166438850537,43.379850797273654
75,2025-04-06,44.357139421433935,50.47490416456252,economy,3.4147670391196883,3.6161530709484664,51.05008281810852,37.66419602475935,57.56256418362151,43.38724414550352
76,2025-04-07,43.87273935844424,51.4563888321751,economy,3.3050819690603337,3.7641678142306563,50.350700017802495,37.39477869908599,58.834157748067184,44.07861991628302
77,2025-04-08,43.5732476155221,51.38048687680817,economy,3.219436521013944,3.547759314942607,49.88334319670943,37.263152034334766,58.33409513409568,44.42687861952066
78,2025-04-09,43.57185790037811,51.38551359059141,economy,3.2176542338990974,3.5444095752515303,49.87846019882034,37.265255601935884,58.33255635808441,44.438470823098406
79,2025-04-10,43.52462505876084,51.9288601285552,economy,3.057706545212414,3.7393202961751073,49.51772988737717,37.53152023014451,59.25792790905841,44.59979234805199
80,2025-04-11,43.61525126293732,52.42076714655495,economy,2.8645643477202243,3.7137345582156795,49.22979738446896,38.00070514140568,59.69968688065768,45.14184741245222
81,2025-04-12,43.613890827337244,52.425608987425015,economy,2.8615103437908993,3.7112577574704306,49.22245110116741,38.00533055350708,59.69967419206706,45.15154378278297
82,2025-04-13,43.773845360915914,52.26514609190053,economy,2.7453263235476717,3.542622154182895,49.15468495506935,38.39300576676248,59.20868551409901,45.32160666970206
83,2025-04-14,43.17602813650171,53.180907440281786,economy,2.559180096544569,3.5616413452580704,48.19202112572906,38.16003514727435,60.1617244769876,46.20009040357597
84,2025-04-15,43.37824645496338,52.75605888299571,economy,2.5106095129083426,3.473337097599249,48.299041100263736,38.45745180966303,59.56379959429024,45.94831817170118
85,2025-04-16,43.37834886986397,52.76012640416466,economy,2.509254109552956,3.4706429964344956,48.29648692458776,38.46021081514018,59.56258667717627,45.95766613115305
86,2025-04-17,43.378421578119635,52.764787606419965,economy,2.5076683290577013,3.4676185691973944,48.29345150307273,38.46339165316654,59.561320002046855,45.968255210793075
87,2025-04-18,43.44371411495183,52.78580051124169,economy,2.3922179778794437,3.295791573868646,48.13246135159554,38.754966878308124,59.24555199602423,46.326049026459145
88,2025-04-19,43.44347805796042,52.78914814371353,economy,2.390123764375616,3.2940321786947044,48.12812063613663,38.75883547978421,59.24545121395515,46.332845073471915
89,2025-04-20,43.36932679065748,52.86332370053101,economy,2.4459282635275903,3.318136693109564,48.163346187171555,38.57530739414341,59.36687161902576,46.359775782036266
90,2025-04-21,42.48421963765648,52.9262372156078,economy,3.011480033232469,3.197551422645893,48.386720502792116,36.581718772520844,59.19343800399375,46.65903642722185
91,2025-04-22,42.33796448805838,53.48221770562182,economy,2.91070573185225,3.516742922308512,48.04294772248879,36.632981253627975,60.37503383334651,46.589401577897135
92,2025-04-23,42.0449818740642,53.60804019735955,economy,2.914798616895311,3.3676912268160306,47.75798716317901,36.33197658494939,60.20871500191897,47.00736539280013
93,2025-04-24,42.123278464118755,53.752802933678126,economy,2.816216371404978,3.290204463480706,47.643062552072514,36.603494376164996,60.20160368210031,47.30400218525594
94,2025-04-25,42.12999248103511,54.07173252077942,economy,2.701659796075605,3.333176516737629,47.4252456813433,36.83473928072692,60.60475849358517,47.53870654797367
95,2025-04-26,42.126647468402595,54.0757941610389,economy,2.6993985316127955,3.330297352270342,47.417468590363676,36.835826346441515,60.60317697148877,47.54841135058903
96,2025-04-27,41.88619033049595,54.141583992957266,economy,2.8790288759174016,3.2725789574099595,47.52908692729406,36.24329373369784,60.555838749480785,47.72732923643375
97,2025-04-28,41.14880300702438,53.76508593499709,economy,3.1619502036112705,3.260026750586826,47.34622540610247,34.951380607946284,60.15473836614727,47.37543350384691
98,2025-04-29,41.14616156035849,53.76701833642183,economy,3.16042700916498,3.2580953329959335,47.34059849832185,34.95172462239513,60.15288518909386,47.3811514837498
99,2025-04-30,41.14297098912543,53.76918458958582,economy,3.1587357093638744,3.2559744977753793,47.334092979478626,34.951848998772235,60.15089460522556,47.38747457394608
100,2025-05-01,41.13903132618395,53.77247373860752,economy,3.156655405191119,3.25422258273126,47.32607592035854,34.95198673200935,60.150750000760794,47.39419747645425
101,2025-05-02,41.134819032597264,53.77648449888602,economy,3.1542064876814524,3.252110934273432,47.31706374845291,34.95257431674162,60.150621930061945,47.402347067710096
102,2025-05-03,41.130653515114474,53.78004282123659,economy,3.151690233827441,3.2502204673754127,47.30796637341626,34.95334065681269,60.1504749372924,47.40961070518078
103,2025-05-04,41.12703865201098,53.78295604793553,economy,3.149984595231211,3.248822283207431,47.30100845866416,34.953068845357805,60.15064772302209,47.415264372848966
104,2025-05-05,41.02085119728959,53.552909548662015,economy,3.024246264915287,3.2717181635018613,46.94837387652355,35.09332851805563,59.96547714912566,47.14034194819837
105,2025-05-06,40.99439241560586,53.566484754887604,economy,3.0219765880532607,3.2609196366499256,46.917466528190246,35.07131830302147,59.957887242721455,47.17508226705375
106,2025-05-07,40.989237369904515,53.56977492296154,economy,3.0195665521980866,3.259671847581104,46.90758781221277,35.07088692759626,59.95873174422051,47.18081810170258
107,2025-05-08,40.98331176306437,53.57334170347704,economy,3.016883777003047,3.2583559619075766,46.896403965990345,35.0702195601384,59.95971938881589,47.18696401813819
108,2025-05-09,40.97653303151633,53.577210579566945,economy,3.013896639464044,3.2569664427257434,46.88377044486586,35.069295618166805,59.9608648073094,47.19355635182449
109,2025-05-10,40.969387463300905,53.579677739414656,economy,3.01040608194801,3.2569008617212316,46.86978338391901,35.0689915426828,59.96320342838827,47.19615205044104
110,2025-05-11,41.08823997756249,53.44269248471511,economy,3.083415155309557,3.3438074172030663,47.131733681969216,35.04474627315576,59.99655502243312,46.8888299469971
111,2025-05-12,41.388322095095134,53.07043429297262,economy,2.9044030637380662,3.2636012276899766,47.08095210002175,35.69569209016852,59.46709269924497,46.67377588670027
112,2025-05-13,41.253571791465234,52.97628430725763,economy,2.850191537609041,3.1750682079483457,46.83994720517895,35.667196377751516,59.19941799483639,46.75315061967887
113,2025-05-14,41.24949707984814,52.977473105486034,economy,2.8493373771633532,3.174638405281294,46.83419833908831,35.66479582060797,59.19976437983737,46.7551818311347
114,2025-05-15,41.86839885284411,53.373714457661706,economy,2.8441575409432716,3.6583589377844032,47.44294763309292,36.2938500725953,60.54409797571913,46.20333093960428
115,2025-05-16,41.86573212188023,53.3751013725209,economy,2.844096187447437,3.658749508436129,47.4401606492772,36.29130359448325,60.546250409055716,46.20395233598609
116,2025-05-17,41.86448419465318,53.374593369457706,economy,2.8445115208550975,3.6599093898676403,47.439726775529174,36.289241613777186,60.54801577359828,46.20117096531713
117,2025-05-18,41.71463097356341,53.3628256772074,economy,2.801133765334836,3.5411997361548977,47.20485315361969,36.22440879350713,60.303577160070994,46.4220741943438
118,2025-05-19,41.736238089850964,52.67538621643522,economy,2.6835673711073493,3.8200971083392017,46.99603013722137,36.47644604248056,60.16277654878006,45.187995884090384
119,2025-05-20,41.642255047680734,52.809574912142864,economy,2.749550143752463,3.9262052423885656,47.03137332943556,36.25313676592591,60.504937187224456,45.11421263706127
120,2025-05-21,41.64016644589741,52.80639464739417,economy,2.750150250264344,3.9281149923275387,47.03046093641552,36.24987195537929,60.505500032356146,45.1072892624322
121,2025-05-22,41.63798811624787,52.802565132714356,economy,2.7508232351971516,3.9303822271378346,47.02960165723429,36.24637457526145,60.50611429790451,45.0990159675242
122,2025-05-23,41.63588462639484,52.79918942606272,economy,2.7512453549659317,3.932491784256421,47.028325522128064,36.24344373066162,60.506873323205305,45.09150552892013
123,2025-05-24,41.63358744590717,52.794545025656724,economy,2.7513047214152664,3.9345355794400185,47.02614469988109,36.24103019193325,60.50623476135916,45.08285528995429
124,2025-05-25,41.75794803402698,52.624819518351025,economy,2.821731675318915,4.010555950555487,47.28854211765206,36.227353950401906,60.48550918143978,44.76412985526227
125,2025-05-26,41.81973653958432,52.37922901255913,economy,2.6396490369069254,3.7986353007181854,46.993448651921895,36.64602442724674,59.82455420196678,44.93390382315148
126,2025-05-27,41.58592578185645,53.12278115040752,economy,2.2615265583616493,3.424564039224587,46.01851783624529,37.15333372746762,59.83492666728771,46.41063563352733
127,2025-05-28,41.58529337148016,53.12039934154654,economy,2.259649612773318,3.425561296256761,46.01420661251586,37.15638013044446,59.834499482209786,46.40629920088329
128,2025-05-29,41.76048430580705,53.18014043078058,economy,2.2881562570363254,3.3593228482548363,46.24527056959825,37.27569804201585,59.76441321336006,46.59586764820111
129,2025-05-30,41.76148571211117,53.17886765245549,economy,2.2854793755506995,3.360001308213217,46.241025288190535,37.2819461360318,59.76447021655339,46.59326508835758
130,2025-05-31,41.76436286567903,53.175876584424074,economy,2.283110509389928,3.3605961974904335,46.23925946408329,37.289466267274776,59.76264513150532,46.589108037342825
131,2025-06-01,41.76776879935193,53.172520852791656,economy,2.2803631609322537,3.361199713662519,46.23728059477914,37.29825700392471,59.760472291570196,46.58456941401312
132,2025-06-02,41.95208387380016,52.63127272123151,economy,2.2764117485091604,3.431149536449112,46.41385090087812,37.49031684672221,59.35632581267177,45.90621962979125
133,2025-06-03,41.95729940905284,52.6262741146515,economy,2.2728693760386554,3.4306029158923557,46.4121233860886,37.50247543201707,59.35025582980052,45.902292399502485
134,2025-06-04,41.96332729679261,52.62058946005376,economy,2.2688047476054174,3.4299265652075333,46.41018460209923,37.516469991486,59.343245527860525,45.89793339224699
135,2025-06-05,41.9700719720877,52.61440513196911,economy,2.264239039009793,3.4292014517538507,46.4079804885469,37.532163455628506,59.33563997740666,45.89317028653156
136,2025-06-06,42.017159804292284,53.39789528548974,economy,2.08225967855196,3.658325829252044,46.098388774254126,37.93593083433044,60.568213910823744,46.227576660155734
137,2025-06-07,42.02166933172959,53.39589170191566,economy,2.0780359320900446,3.6596425509720927,46.09461975862608,37.9487189048331,60.56879110182096,46.222992302010354
138,2025-06-08,42.025587971053156,53.39440636866022,economy,2.0736073658920198,3.660434105865852,46.089858408201515,37.9613175339048,60.56885721615729,46.21995552116315
139,2025-06-09,41.700952883948936,53.46546629984954,economy,1.9257866827865449,3.484607757314867,45.47549478221056,37.92641098568731,60.29529750418668,46.6356350955124
140,2025-06-10,41.70472797538717,53.466555209571595,economy,1.92108426697594,3.484991700346077,45.47005313866001,37.93940281211433,60.29713894224991,46.63597147689328
141,2025-06-11,41.70893263754344,53.46794323620465,economy,1.9157647417071495,3.485374270294384,45.46383153128946,37.954033743797424,60.29927680598164,46.63660966642765
142,2025-06-12,41.948870240070356,53.71288687408594,economy,1.9413518335791788,3.361866908115246,45.75391983388555,38.143820646255165,60.30214601399182,47.123627734180054
143,2025-06-13,41.949312656360675,53.71411945795861,economy,1.9402022892589763,3.361381673925783,45.75210914330827,38.14651616941308,60.302427538853145,47.125811377064075
144,2025-06-14,42.236333986047605,53.38200564422546,economy,2.13827857544261,3.4579785848353906,46.42735999391512,38.04530797818009,60.159643670502824,46.60436761794809
145,2025-06-15,42.371956035600476,53.23238843444456,economy,2.2653537264890145,3.535404705774703,46.81204933951894,37.93186273168201,60.16178165776297,46.302995211126145
146,2025-06-16,41.75915065055852,53.48600130190005,economy,2.1489363693670414,3.3079029847954464,45.97106593451792,37.54723536659912,59.96949115209913,47.002511451700975
147,2025-06-17,41.83029509037259,53.459551505332406,economy,2.105802274383102,3.21322685571532,45.95766754816347,37.7029226325817,59.757476142534436,47.16162686813038
148,2025-06-18,42.18801085420246,53.260526951895926,economy,2.5006278878975565,3.2210803929875556,47.08924151448167,37.28678019392325,59.57384452215153,46.94720938164032
149,2025-06-19,42.18850351172207,53.2620225696464,economy,2.500487580089251,3.2202377865979623,47.089459168697,37.28754785474714,59.5736886313784,46.95035650791439
150,2025-06-20,42.04059185669584,53.42147118838667,economy,2.6942872870602184,3.3848425506987234,47.32139493933387,36.75978877405781,60.05576258775616,46.78717978901717
151,2025-06-21,42.04027339373537,53.42295688633105,economy,2.694519207166183,3.383835563710609,47.321531039781085,36.75901574768965,60.05527459120384,46.79063918145826
152,2025-06-22,42.09689114755927,53.284999940215116,economy,2.687431413210968,3.4594373364734365,47.36425671745277,36.82952557766577,60.06549711970305,46.50450276072718
153,2025-06-23,41.34140225378819,53.23741016284989,economy,3.0465965742693535,3.362219524266344,47.31273153935612,35.370072968220256,59.82736043041193,46.64745989528785
154,2025-06-24,41.16348230655699,53.45125767507678,economy,2.9717039793076148,3.289385735648951,46.98802210599992,35.33894250711407,59.89845371694872,47.00406163320484
155,2025-06-25,40.92672473105928,53.37171445407732,economy,2.8415665647255426,3.0595648885524356,46.496195197921345,35.357254264197216,59.368461635640095,47.374967272514546
156,2025-06-26,40.92468949764479,53.3731408099715,economy,2.842210214174294,3.0579551133673775,46.49542151742641,35.353957477863176,59.366732832171564,47.37954878777144
157,2025-06-27,40.923004698182076,53.37390081963956,economy,2.842734961841693,3.056047600620064,46.494765223391795,35.35124417297236,59.363754116854885,47.38404752242423
158,2025-06-28,40.920703646030134,53.374455375488054,economy,2.8432095510961912,3.053693196968719,46.49339436617867,35.3480129258816,59.359694041546746,47.38921670942936
159,2025-06-29,41.070927645379435,53.21521174971719,economy,2.9782245735260777,3.186243013327965,46.90824780949055,35.23360748126832,59.460248055840005,46.97017544359438
160,2025-06-30,41.346048652116814,52.93328834316703,economy,2.8734219314680636,3.0749815412173422,46.97795563779422,35.71414166643941,58.960252163953015,46.90632452238104
161,2025-07-01,41.34545061540125,52.93435297922781,economy,2.8747104524737312,3.073969642723786,46.97988310224976,35.71101812855274,58.95933347896643,46.90937247948919
162,2025-07-02,41.34475067424109,52.93545073975165,economy,2.8762065882954713,3.072819224366104,46.982115587300214,35.70738576118197,58.958176419509215,46.91272505999409
163,2025-07-03,41.34361697737095,52.936645808645864,economy,2.8777415667275092,3.071246358875312,46.98399044815687,35.70324350658503,58.956288672041474,46.91700294525025
164,2025-07-04,41.34254070730988,52.93577380910725,economy,2.879120937911346,3.0707251723327214,46.98561774561612,35.69946366900364,58.954395146879385,46.91715247133512
165,2025-07-05,41.341022447385605,52.93511936968897,economy,2.880863556193633,3.0706104985431653,46.987515017525126,35.69452987724608,58.953515946833576,46.91672279254436
166,2025-07-06,41.46515315868945,52.769223608979885,economy,2.924733324642293,3.1616237050378615,47.197630474988344,35.73267584239056,58.96600607085409,46.57244114710568
167,2025-07-07,41.29203554435677,52.48292173745819,economy,2.7452126689810186,3.0129097790034045,46.672652375559565,35.91141871315398,58.38822490430486,46.57761857061152
168,2025-07-08,41.60818084461137,52.30181284197666,economy,2.7362982883845595,2.88110771442016,46.97132548984511,36.24503619937763,57.94878396224018,46.65484172171315
169,2025-07-09,41.606896063664905,52.29930610905119,economy,2.738373178264825,2.8802016020622885,46.97410749306396,36.23968463426585,57.94450124909327,46.6541109690091
170,2025-07-10,41.6058344455045,52.295894382269545,economy,2.7408666857538853,2.8793992142858413,46.977933149582114,36.233735741426884,57.939516842269796,46.65227192226929
171,2025-07-11,41.60494666895346,52.29127452782149,economy,2.7431489942954665,2.878045019906461,46.98151869777257,36.22837464013435,57.93224276683816,46.65030628880483
172,2025-07-12,41.60331803097212,52.28902608145679,economy,2.744151445024477,2.876263046457836,46.98185486322009,36.224781198724145,57.92650165251415,46.65155051039943
173,2025-07-13,40.9980219170917,51.83268113646786,economy,3.0579626196799383,3.108319898933865,46.99162865166438,35.00441518251902,57.92498813837824,45.740374134557484
174,2025-07-14,41.20989576413657,52.39776750573892,economy,2.7383781376711567,2.87691692534689,46.577116913972034,35.8426746143011,58.036524679418825,46.75901033205901
175,2025-07-15,41.208690288137085,52.39613539010353,economy,2.738925127169381,2.875476413843878,46.57698353738907,35.8403970388851,58.03206916123753,46.76020161896953
176,2025-07-16,41.312379139662355,53.29032640507778,economy,2.8698047669871545,2.982671593424664,46.93719648295718,35.68756179636753,59.13636272819012,47.444290081965434
177,2025-07-17,41.31138687376383,53.28983107288594,economy,2.870415594988457,2.9817946995966897,46.937401439941205,35.685372307586455,59.13414868409545,47.44551346167643
178,2025-07-18,40.79704260365563,54.36879094724171,economy,2.6083290581711935,3.233072486378612,45.909367557671175,35.68471764964009,60.705613020543794,48.03196887393963
179,2025-07-19,40.79609078330712,54.36855239955285,economy,2.608457692340622,3.2331107875279534,45.90866786029474,35.6835137063195,60.70544954310763,48.03165525599806
180,2025-07-20,40.863654177615324,54.315367955135414,economy,2.672867700690785,3.3381876636862233,46.10247487096926,35.62483348426139,60.85821577596041,47.77252013431042
181,2025-07-21,40.813659356948286,54.59665595162873,economy,2.81998099397786,3.5503215194486706,46.340822105144895,35.286496608751676,61.555286129748126,47.63802577350934
182,2025-07-22,40.7980764109906,54.329253194915516,economy,2.70428597081173,3.5228424197733483,46.098476913781596,35.49767590819961,61.23402433767128,47.42448205215975
183,2025-07-23,40.7972251374498,54.330315471908364,economy,2.7041829441784113,3.5231562706977253,46.097423708039486,35.497026566860114,61.235701762475905,47.42492918134082
184,2025-07-24,40.79625210925289,54.3316345574265,economy,2.704038682806201,3.5235293924373137,46.09616792755305,35.49633629095273,61.237752166603634,47.42551694824936
185,2025-07-25,40.79509761257437,54.33299394558269,economy,2.703371385545798,3.523758928711993,46.09370552824413,35.496489696904604,61.2395614458582,47.426426445307186
186,2025-07-26,40.793790065868535,54.33463758274048,economy,2.702591204706684,3.524033628514779,46.09086882709364,35.49671130464343,61.241743494629446,47.42753167085151
187,2025-07-27,40.76489253513865,54.204654263098426,economy,2.7621171028963736,3.585164861372744,46.17864205681554,35.35114301346176,61.231577391389,47.17773113480785
188,2025-07-28,40.44344961856827,54.0512528892456,economy,2.702740064053158,3.453427760513078,45.74082014411246,35.146079093024085,60.81997129985123,47.282534478639974
189,2025-07-29,40.454646744590455,54.06087928257595,economy,2.6945260985038177,3.4408765857839003,45.73591789765794,35.17337559152297,60.80499739071239,47.316761174439506
190,2025-07-30,40.453824909130006,54.06269838345441,economy,2.6938644547240043,3.4413124553241325,45.733799240389054,35.17385057787096,60.80767079588971,47.31772597101911
191,2025-07-31,40.5277910429878,54.06139233372063,economy,2.6484445091007562,3.3579190625110176,45.71874228082528,35.33683980515032,60.642913696242225,47.47987097119904
192,2025-08-01,40.526991595896874,54.06333664358162,economy,2.647149521059271,3.3581349702139316,45.715404657173046,35.3385785346207,60.64528118520093,47.481392101962314
193,2025-08-02,40.52638697578146,54.06539148554138,economy,2.6456532416212184,3.3581643160005727,45.71186732935905,35.340906622203875,60.647393544902506,47.48338942618026
194,2025-08-03,41.00798597029907,53.8542559018347,economy,2.850978189261867,3.266522629466827,46.59590322125233,35.42006871934581,60.25664025558968,47.451871548079716
195,2025-08-04,40.938262832703344,53.753397794247604,economy,2.7241986032232544,3.1280654693858767,46.277692095020925,35.598833570385764,59.88440611424392,47.622389474251285
196,2025-08-05,40.938699234374695,53.75518514638772,economy,2.7239930933684158,3.1284193536730034,46.27772569737679,35.5996727713726,59.886887079586806,47.62348321318863
197,2025-08-06,40.93925839558392,53.75711387328719,economy,2.723770109440081,3.1287438816264364,46.27784781008648,35.60066898108136,59.889451881275,47.62477586529938
198,2025-08-07,40.940118090760464,53.75890604236962,economy,2.723568991597124,3.129247828119088,46.27831331429083,35.6019228672301,59.89223178548303,47.62558029925621
199,2025-08-08,40.93983365150282,53.76051385401512,economy,2.7238241513573875,3.1296678027929477,46.2785289881633,35.601138314842345,59.8946627474893,47.62636496054095
200,2025-08-09,40.939201017752,53.76265656005562,economy,2.7239358137748195,3.1298547206438094,46.27811521275064,35.600286822753354,59.897171812517485,47.62814130759375
201,2025-08-10,41.55336356112525,53.716345094031524,economy,2.872631087333008,3.0639733188633738,47.18372049229795,35.92300662995255,59.72173279900374,47.71095738905931
202,2025-08-11,41.54075202814433,53.51736738712313,economy,2.7058424244911814,2.9403948198934047,46.84420318014705,36.23730087614162,59.2805412341142,47.75419354013206
203,2025-08-12,41.54029144758235,53.51874615856785,economy,2.705841484112354,2.9397305145973247,46.843740756442564,36.23684213872213,59.28061796717861,47.756874349957094
204,2025-08-13,41.53994997516589,53.520146471762786,economy,2.7058166120120166,2.9388678241308654,46.843350534709444,36.236549415622335,59.28032740705928,47.75996553646629
205,2025-08-14,41.54006008598502,53.52119402011776,economy,2.7060361816108163,2.9381458625591756,46.84389100194222,36.23622917002782,59.279959910733744,47.76242812950178
206,2025-08-15,41.54093035683839,53.521366119097785,economy,2.705981583970915,2.9371214540356707,46.84465426142138,36.23720645225539,59.2781241690077,47.76460806918787
207,2025-08-16,41.54209356232292,53.52139073917506,economy,2.705895142803353,2.935861266064477,46.84564804221749,36.238539082428346,59.27567882066143,47.76710265768869
208,2025-08-17,41.54358495536171,53.52124844263153,economy,2.7057725504433883,2.9343375531019102,46.84689915423075,36.24027075649267,59.272550046711274,47.76994683855179
209,2025-08-18,41.20796191626951,53.04096894674505,economy,3.014700578330765,2.6560526256853527,47.11677504979781,35.29914878274121,58.246832093088344,47.83510580040176
210,2025-08-19,41.208837746813785,53.03960688924868,economy,3.015309773117632,2.6536581890011557,47.118844902124344,35.298830591503226,58.240776939690946,47.838436838806416
211,2025-08-20,40.547132725360754,53.93135000765518,economy,3.3631975247596197,3.493832228228312,47.13899987388961,33.9552655768319,60.77926117498267,47.083438840327695
212,2025-08-21,40.862310193836024,53.66693687613518,economy,3.349686802572629,3.4271383221090757,47.427696326878376,34.29692406079367,60.38412798746897,46.94974576480139
213,2025-08-22,40.8625220897312,53.665504509445455,economy,3.3510466794355427,3.4268919607642636,47.430573581424866,34.294470598037535,60.38221275254341,46.9487962663475
214,2025-08-23,40.86344579735061,53.663219808563674,economy,3.3526461280502566,3.426541854157278,47.43463220832911,34.2922593863721,60.37924184271194,46.94719777441541
215,2025-08-24,40.72889985378705,53.61050800752362,economy,3.3926154952210608,3.363467596845975,47.37842622442032,34.07937348315377,60.202904497341734,47.018111517705506
216,2025-08-25,40.4729883875398,53.90805235077524,economy,3.1052046066619456,3.143254934907802,46.55918941659721,34.38678735848239,60.06883202319453,47.747272678355955
217,2025-08-26,40.472775149849014,53.906226626772174,economy,3.1065554388595062,3.142367128858716,46.56162381001364,34.383926489684384,60.065266199335255,47.74718705420909
218,2025-08-27,40.47243970423477,53.90418835755362,economy,3.1080804544925336,3.141365758735316,46.564277395040136,34.38060201342941,60.06126524467484,47.7471114704324
219,2025-08-28,40.47131314774906,53.90042095885674,economy,3.109984305130487,3.141204657494562,46.56688238580481,34.375743909693306,60.05718208754608,47.7436598301674
220,2025-08-29,40.47090364217472,53.89609680909733,economy,3.1114530897791317,3.140111393787339,46.569351698141816,34.37245558620762,60.050715140920516,47.74147847727414
221,2025-08-30,40.517613655943066,53.8793219223713,economy,3.118680122690229,3.1194762655483275,46.63022669641592,34.405000615470215,59.993495402846015,47.76514844189658
222,2025-08-31,40.62556820552769,53.67500290560389,economy,3.1432971008498307,3.2980737860710914,46.78643052319336,34.464705887862024,60.13922752630323,47.21077828490455
223,2025-09-01,40.62638201600336,53.67046627458032,economy,3.1455781476555407,3.2962578708375463,46.79171518540822,34.4610488465985,60.13113170142191,47.209800847738734
224,2025-09-02,40.28931473655645,53.5398091090766,economy,3.0306549979618906,3.069894685918125,46.22939853256175,34.349230940551145,59.55680269347613,47.52281552467707
225,2025-09-03,40.28781029222988,53.53911681850249,economy,3.031121793266597,3.068347400768272,46.22880900703241,34.346811577427346,59.553077724008304,47.52515591299668
226,2025-09-04,40.28638888088841,53.53831356899154,economy,3.031805245080263,3.0670969249019273,46.22872716124573,34.34405060053109,59.54982354179932,47.52680359618376
227,2025-09-05,40.44816063872112,54.42085252354995,economy,2.7881327879589075,3.4109978571300954,45.91290090312058,34.98342037432166,61.10640832352493,47.73529672357496
228,2025-09-06,40.44721544251114,54.422644594062156,economy,2.7882144843531984,3.411582368184169,45.91211583184341,34.982315053178866,61.109346035703126,47.735943152421186
229,2025-09-07,40.44610326721677,54.42485461403568,economy,2.7881986497860303,3.4122939970352113,45.91097262079739,34.98123391363615,61.11295084822469,47.73675837984667
230,2025-09-08,40.188962773878316,54.34151444729993,economy,2.6809312610203175,3.21517396336947,45.44358804547814,34.934337502278495,60.643255415504086,48.03977347909577
231,2025-09-09,39.8160187703149,54.88503761328407,economy,2.5942705848715257,3.4189270049636944,44.90078911666309,34.731248423966704,61.58613454301291,48.18394068355523
232,2025-09-10,39.81383928509146,54.88826601826631,economy,2.59325336196431,3.4193196243392845,44.89661587454151,34.73106269564141,61.5901324819713,48.18639955456131
233,2025-09-11,39.811410371321784,54.891483554244004,economy,2.592242197969044,3.420112485395524,44.89220507934111,34.73061566330246,61.59490402561923,48.18806308286878
234,2025-09-12,39.80787522561329,54.8941600235605,economy,2.5905518612521066,3.4207528956000965,44.88535687366742,34.730393577559155,61.59883569893669,48.189484348184315
235,2025-09-13,39.803875735120876,54.8973199479007,economy,2.5885163466483405,3.42142334655379,44.87736777455162,34.73038369569013,61.603309707146124,48.19133018865527
236,2025-09-14,39.799290804687466,54.90101273581883,economy,2.5861069180005836,3.422181613711111,44.86806036396861,34.73052124540632,61.60848869869261,48.19353677294505
