,Date,economy_avg,foreign_policy_avg,immigration_avg,inflation_avg,economy_std,foreign_policy_std,immigration_std,inflation_std,trade_tariffs_avg,trade_tariffs_std,healthcare_avg,healthcare_std,economy_upper_CI,economy_lower_CI,foreign_policy_upper_CI,foreign_policy_lower_CI,immigration_upper_CI,immigration_lower_CI,inflation_upper_CI,inflation_lower_CI,trade_tariffs_upper_CI,trade_tariffs_lower_CI,healthcare_upper_CI,healthcare_lower_CI
0,2025-01-30,4.83349991138125,2.769999999999996,1.6026681142188033,3.158724351749497,5.669352173114411,2.0,2.9187458148944336,5.294245970521826,3.4210938802956097,6.967950370829109,-14.0,2.0,10.502852084495661,-0.8358522617331605,4.769999999999996,0.769999999999996,4.521413929113237,-1.3160777006756303,8.452970322271323,-2.1355216187723287,10.38904425112472,-3.546856490533499,-12.0,-16.0
1,2025-01-31,4.832316505614293,2.769999999999996,1.6028138076528928,3.1571916979493224,5.668933842994977,2.0,2.9190387993622093,5.294976302005092,3.419734354621595,6.96738558160029,-14.0,2.0,10.50125034860927,-0.8366173373806838,4.769999999999996,0.769999999999996,4.521852607015102,-1.3162249917093165,8.452167999954415,-2.1377846040557698,10.387119936221884,-3.547651226978695,-12.0,-16.0
2,2025-02-01,4.831214153895947,2.769999999999996,1.60293607211666,3.1557995785003286,5.668549292740335,2.0,2.919296386409181,5.295639195133348,3.4185299484436875,6.966884973963429,-14.0,2.0,10.499763446636281,-0.8373351388443879,4.769999999999996,0.769999999999996,4.522232458525841,-1.3163603142925213,8.451438773633676,-2.1398396166330196,10.385414922407117,-3.548355025519742,-12.0,-16.0
3,2025-02-02,4.830206716411764,2.769999999999996,1.6030315967300648,3.1545703913996093,5.6682041279060424,2.0,2.919513337603653,5.296224130716376,2.5752147352458863,6.968415159167451,-14.0,2.0,10.498410844317807,-0.8379974114942783,4.769999999999996,0.769999999999996,4.522544934333718,-1.316481740873588,8.450794522115984,-2.1416537393167667,9.543629894413337,-4.393200423921565,-12.0,-16.0
4,2025-02-03,4.829309354682543,2.769999999999996,1.6030967672706382,3.153528618821664,5.667904478566147,2.0,2.9196839299501085,5.296719607094211,4.509917884286677,6.482528880380213,-14.0,2.0,10.49721383324869,-0.8385951238836036,4.769999999999996,0.769999999999996,4.522780697220747,-1.3165871626794703,8.450248225915875,-2.143190988272547,10.99244676466689,-1.9726109960935352,-12.0,-16.0
5,2025-02-04,5.049667419448742,2.769999999999996,5.018818759337146,1.235336693069844,4.652229650943493,2.0,5.265040682622527,4.081399746867071,4.50884635256697,6.482791356801926,-8.604621251845817,5.739054257256965,9.701897070392235,0.3974377685052488,4.769999999999996,0.769999999999996,10.283859441959674,-0.24622192328538173,5.316736439936914,-2.8460630537972267,10.991637709368897,-1.973945004234956,-2.8655669945888516,-14.343675509102782
6,2025-02-05,5.049112927817426,2.769999999999996,5.016710072582812,1.2357914893998174,4.652784548787891,2.0,5.264624482638282,4.082146153602735,4.50801118231435,6.483057672528345,-8.607457051846493,5.738878327346312,9.701897476605318,0.39632837902953444,4.769999999999996,0.769999999999996,10.281334555221093,-0.24791441005546933,5.317937643002552,-2.8463546642029174,10.991068854842695,-1.9750464902139946,-2.868578724500181,-14.346335379192805
7,2025-02-06,5.048683095290514,2.769999999999996,5.014806375302366,1.2363082073937544,4.6533153298952445,2.0,5.264250530294841,4.082806950248157,4.507444401661627,6.483327511804345,-8.60996462944923,5.73872158808436,9.701998425185758,0.3953677653952692,4.769999999999996,0.769999999999996,10.279056905597207,-0.2494441549924744,5.319115157641912,-2.846498742854403,10.990771913465972,-1.9758831101427177,-2.8712430413648704,-14.34868621753359
8,2025-02-07,5.048394767217401,2.769999999999996,5.013139419470626,1.236892691605243,4.653817271720199,2.0,5.2639256580798905,4.0833692102275405,4.5071810150171885,6.483600491170017,-8.61209477183507,5.738587576765707,9.7022120389376,0.39457749549720145,4.769999999999996,0.769999999999996,10.277065077550517,-0.2507862386092645,5.320261901832783,-2.8464765186222976,10.990781506187204,-1.9764194761528282,-2.8735071950693625,-14.350682348600778
9,2025-02-08,5.048266350663901,2.769999999999996,5.011743949452027,1.2375512825357255,4.654285186895825,2.0,5.2636573319443425,4.083818797070229,4.507259290961375,6.483876142061318,-8.613793651103254,5.738480127997043,9.702551537559726,0.39398116376807657,4.769999999999996,0.769999999999996,10.27540128139637,-0.2519133824923152,5.321370079605955,-2.846267514534504,10.991135433022693,-1.9766168510999425,-2.875313523106211,-14.352273779100297
10,2025-02-09,5.048317964822897,2.769999999999996,5.010657985867001,1.2382908635618768,4.654713375769216,2.0,5.263453697801946,4.084140253995269,4.626043731488377,5.286795443776802,-8.615002392048625,5.738403371478759,9.703031340592112,0.39360458905368123,4.769999999999996,0.769999999999996,10.274111683668947,-0.25279571193494554,5.322431117557146,-2.845849390433392,9.912839175265178,-0.660751712288425,-2.8765990205698664,-14.353405763527384
11,2025-02-10,5.048571612126073,2.769999999999996,5.009923148306969,1.2391189139922714,4.65509557165332,2.0,5.263323631350121,4.084316679423323,4.626584282320101,5.287589318234913,-8.615656582353633,5.738361722981696,9.703667183779395,0.39347604047275286,4.769999999999996,0.769999999999996,10.27324677965709,-0.2534004830431522,5.323435593415595,-2.8451977654310516,9.914173600555014,-0.6610050359148119,-2.877294859371937,-14.35401830533533
12,2025-02-11,3.862597519827042,2.769999999999996,5.009585024305164,-2.2025593310371736,4.150997437596658,2.0,5.26327679152885,4.904737649264851,4.627457657503895,5.288218502280816,-9.40175259616769,4.478324667943325,8.013594957423699,-0.28839991776961593,4.769999999999996,0.769999999999996,10.272861815834013,-0.25369176722368625,2.702178318227677,-7.107296980302024,9.91567615978471,-0.6607608447769211,-4.923427928224364,-13.880077264111016
13,2025-02-12,3.8635915856910965,2.769999999999996,5.009693593555096,-2.200599805968778,4.151638222312156,2.0,5.263323677957408,4.905243774140212,4.62870231320779,5.288660388351737,-9.401080971768401,4.4789604721603515,8.015229808003253,-0.2880466366210599,4.769999999999996,0.769999999999996,10.273017271512504,-0.25363008440231205,2.704643968171434,-7.10584358010899,9.917362701559526,-0.6599580751439467,-4.92212049960805,-13.880041443928754
14,2025-02-13,3.8891154165302986,4.545426176534653,6.813799351448726,-2.1988272513550036,3.7580997471691586,0.898366442687961,5.468928480656902,4.90566588353959,-0.41795393334024183,6.036607170003787,-9.400036802594318,4.479548291215671,7.647215163699457,0.13101566936113995,5.443792619222614,3.6470597338466915,12.282727832105628,1.3448708707918238,2.7068386321845863,-7.104493134894593,5.618653236663545,-6.454561103344029,-4.920488511378647,-13.87958509380999
15,2025-02-14,3.889969703186894,4.545634222986426,6.81411882766046,-2.197270958797394,3.7586233328733205,0.8982134620562768,5.4688634723576595,4.905992439627144,-0.4161935741982621,6.0376557177541565,-9.39857722163272,4.4800799656701775,7.648593036060214,0.13134637031357332,5.443847685042703,3.6474207609301494,12.28298230001812,1.3452553553028004,2.70872148082975,-7.103263398424538,5.6214621435558945,-6.453849291952419,-4.918497255962543,-13.878657187302899
16,2025-02-15,3.8908517850132904,4.546031017562745,6.815267925692899,-2.1959630057076307,3.7589780111287356,0.8979214853315204,5.4687191552458465,4.906210808028709,-0.41469287296751395,6.038654535168884,-9.396655315533483,4.480546402315267,7.649829796142026,0.1318737738845548,5.443952502894265,3.6481095322312247,12.283987080938745,1.3465487704470522,2.710247802321078,-7.102173813736339,5.62396166220137,-6.4533474081363975,-4.916108913218216,-13.877201717848749
17,2025-02-16,-0.4646601241470716,-4.473037224273006,2.5003398405195507,-2.194938520732401,8.261046344386887,7.510235696954346,7.747356887386533,4.906307137843602,-6.408758204518243,7.504727344903414,-9.39421968585349,4.480937442133687,7.796386220239816,-8.725706468533959,3.0371984726813395,-11.983272921227352,10.247696727906083,-5.247017046866983,2.7113686171112015,-7.101245658576003,1.0959691403851712,-13.913485549421658,-4.913282243719802,-13.875157127987176
18,2025-02-17,-1.062486458789781,-4.09910932983343,1.294089878990592,-2.194235985266789,7.489370079780267,5.967428647107879,7.070829524990211,4.906266222068973,-6.428288133182642,6.147933194807773,-9.391213943192279,4.481241702784644,6.426883620990486,-8.551856538570048,1.868319317274449,-10.066537976941309,8.364919403980803,-5.776739645999619,2.7120302368021836,-7.1005022073357615,-0.28035493837486936,-12.576221327990414,-4.909972240407635,-13.872455645976922
19,2025-02-18,-1.2829559315062649,-3.020957012827812,3.914554437419169,-7.2323948040383055,6.621597445257144,5.78781335787124,6.207568289585602,8.313946514334459,-7.854841910111426,5.60241798599485,-9.38757612107353,4.481446389844548,5.338641513750879,-7.90455337676341,2.7668563450434283,-8.808770370699051,10.122122727004772,-2.2930138521664327,1.0815517102961536,-15.546341318372765,-2.2524239241165755,-13.457259896106276,-4.906129731228981,-13.869022510918077
20,2025-02-19,-1.2831038967526642,-3.021355615916291,3.9153402354753113,-7.231628057516614,6.6219562661501135,5.787999665051107,6.208348347144269,8.31364959354717,-7.146584008572264,5.473392608947659,-9.383237993514236,4.481537069576623,5.338852369397449,-7.905060162902778,2.7666440491348157,-8.809355280967399,10.12368858261958,-2.2930081116689576,1.082021536030556,-15.545277651063785,-1.6731913996246046,-12.619976617519923,-4.901700923937613,-13.864775063090859
21,2025-02-20,-1.3512844367609216,-3.174679521547939,5.135798984205617,-7.8130672380979425,6.167196868927828,5.189727053055491,6.443075435656865,7.385876268177084,-7.14716663487405,5.473244002967835,-9.37812427658264,4.4814973941241565,4.815912432166907,-7.518481305688749,2.0150475315075522,-8.36440657460343,11.578874419862482,-1.3072764514512478,-0.4271909699208587,-15.198943506275025,-1.6739226319062146,-12.620410637841886,-4.896626882458483,-13.859621670706796
22,2025-02-21,-1.3523355961691301,-3.175229487903759,5.136727542082662,-7.813437555430889,6.167459487997805,5.189967342555739,6.443820922889902,7.38562938853734,-7.148165164096564,5.472708499982294,-9.3721516896675,4.481308767584968,4.815123891828675,-7.519795084166935,2.0147378546519796,-8.365196830459498,11.580548464972564,-1.30709338080724,-0.4278081668935494,-15.19906694396823,-1.6754566641142707,-12.620873664078857,-4.890842922082532,-13.853460457252469
23,2025-02-22,-1.3539413036056203,-3.1759346006896303,5.137911651956708,-7.814488307814739,6.167614966386769,5.190170401428367,6.444710343753492,7.385175331142316,-7.149627986579581,5.471739324247845,-9.365227846386382,4.480949938238916,4.813673662781149,-7.52155626999239,2.014235800738737,-8.366105002117997,11.5826219957102,-1.306798691796784,-0.4293129766724233,-15.199663638957055,-1.6778886623317364,-12.621367310827427,-4.8842779081474665,-13.846177784625297
24,2025-02-23,-1.3561657264363278,-3.1768116699799696,5.139379441972379,-7.816300942635265,6.1676489011682785,5.190330798002112,6.445758601870777,7.384489406881485,-7.151607863285213,5.470285187596529,-9.357249937676524,4.480396498003367,4.811483174731951,-7.523814627604606,2.0135191280221423,-8.367142467982081,11.585138043843155,-1.3063791598983983,-0.43181153575377973,-15.200790349516751,-1.6813226756886843,-12.621893050881742,-4.876853439673157,-13.837646435679892
25,2025-02-24,-1.3590791476992692,-3.1778789792828532,5.14116171474376,-7.818964539440962,6.167545264505854,5.190442574359436,6.4469819459184805,7.383544317039472,-6.221886618055564,6.333159572048226,-9.34810316013545,4.479620264617555,4.808466116806585,-7.526624412205123,2.0125635950765823,-8.36832155364229,11.58814366066224,-1.305820231174721,-0.4354202224014907,-15.202508856480435,0.11127295399266224,-12.55504619010379,-4.868482895517895,-13.827723424753005
26,2025-02-25,-0.7173720765526918,-3.179156419779324,5.143292242788634,-7.995027137291896,5.810072350058637,5.190499194354703,6.448398106023779,6.380594760662541,-6.225182354363694,6.331253838727261,-9.337658830424822,4.478588514589407,5.092700273505946,-6.5274444266113285,2.011342774575379,-8.369655614134027,11.591690348812413,-1.3051058632351449,-1.6144323766293551,-14.375621897954439,0.10607148436356706,-12.556436193090956,-4.859070315835415,-13.81624734501423
27,2025-02-26,-0.7210565195783232,-3.180665641162805,5.145808109225386,-7.998490964862401,5.810052039478038,5.190493484568592,6.450026449176576,6.379254704714418,-6.22903482836625,6.328985578272544,-9.325772110580983,4.4772630248439755,5.088995519899715,-6.531108559056362,2.0098278434057875,-8.371159125731397,11.595834558401961,-1.3042183399511904,-1.619236260147983,-14.377745669576818,0.09995074990629416,-12.558020406638793,-4.848509085737008,-13.80303513542496
28,2025-02-27,-0.7254028328210169,-3.1824302219174516,5.148750102554403,-8.002852876386576,5.809867696803809,5.19041756689409,6.451888157098923,6.377428963158531,-6.23350047797289,6.326316062432704,-9.312279248086522,4.4755988672341935,5.084464863982792,-6.535270529624826,2.0079873449766383,-8.37284778881154,11.600638259653326,-1.3031380545445197,-1.6254239132280457,-14.380281839545107,0.09281558445981375,-12.559816540405594,-4.836680380852329,-13.787878115320716
29,2025-02-28,-0.10260608105085445,-3.184475862433973,5.963008000624086,-7.871698521931733,5.368863141609594,5.190262781174903,5.7985062255079525,5.456674339588484,-6.238640994914883,6.323202610082213,-9.296994206727472,4.473542881074802,5.26625706055874,-5.471469222660449,2.00578691874093,-8.374738643608875,11.76151422613204,0.1645017751161335,-2.415024182343249,-13.328372861520217,0.0845616151673303,-12.561843604997097,-4.8234513256526705,-13.770537087802275
30,2025-03-01,-0.10712717095000746,-3.186830605040783,5.966426542597663,-7.87642093973985,5.368739453692173,5.190019595979489,5.799709175940335,5.4542235706132525,-6.238614194356223,6.242877116687534,-9.27970452701312,4.471031722371989,5.261612282742166,-5.4758666246421805,2.0031889909387064,-8.376850201020272,11.766135718537999,0.16671736665732784,-2.4221973691265974,-13.330644510353103,0.004262922331311536,-12.481491311043758,-4.808672804641131,-13.75073624938511
31,2025-03-02,-0.11222487443906959,-3.1895250858564514,5.970487571875184,-7.882015642549006,5.368384569235133,5.1896775051764585,5.80092010991906,5.451066730489432,-5.1220515938217686,7.003145305307109,-9.260166204583093,4.467989351058097,5.256159694796063,-5.4806094436742026,2.000152419320007,-8.37920259103291,11.771407681794244,0.16956746195612382,-2.4309489120595744,-13.333082373038437,1.8810937114853408,-12.125196899128877,-4.792176853524997,-13.728155555641191
32,2025-03-03,-0.11795642899775483,-3.1925928243829294,5.975260649604519,-7.888573966655663,5.367768938836033,5.1892249074585335,5.802135160601245,5.447121937276051,-5.128915353979466,7.000367838445553,-9.2380973062319,4.464323764170512,5.249812509838278,-5.485725367833788,1.9966320830756041,-8.381817731841462,11.777395810205764,0.17312548900327407,-2.4414520293796125,-13.335695903931715,1.8714524844660865,-12.129283192425019,-4.773773542061388,-13.702421070402412
33,2025-03-04,-0.9161057380519905,-5.219602414799903,7.565727140053336,-8.792835711387141,5.386876559381003,5.922626030048264,5.6451944391020366,6.957000630241765,-8.634497967237639,7.0499233775280565,-6.322562044866402,3.6000055117338716,4.470770821329013,-6.302982297432993,0.7030236152483607,-11.142228444848167,13.210921579155372,1.9205327009512994,-1.835835081145376,-15.749836341628907,-1.5845745897095824,-15.684421344765695,-2.72255653313253,-9.922567556600274
34,2025-03-05,-0.92204211476087,-5.222185631672593,7.571688701774594,-8.79900701801048,5.38513923906357,5.921020841344096,5.644448526576877,6.953412353143639,-8.63988762942604,7.045311970045221,-6.302660339865395,3.5820757950479143,4.463097124302701,-6.30718135382444,0.6988352096715031,-11.14320647301669,13.21613722835147,1.927240175197717,-1.8455946648668409,-15.752419371154119,-1.5945756593808191,-15.685199599471261,-2.7205845448174806,-9.88473613491331
35,2025-03-06,-0.9288200994176717,-5.225542773968078,7.578783654527491,-8.806213979562342,5.383023841295237,5.919246446957386,5.643390350589015,6.949360515570839,-8.646359645512124,7.040134715535143,-6.2798253173767495,3.561286121662264,4.454203741877565,-6.311843940712908,0.693703672989308,-11.144789220925464,13.222174005116507,1.9353933039384765,-1.856853463991503,-15.755574495133182,-1.6062249299769809,-15.686494361047266,-2.7185391957144853,-9.841111439039015
36,2025-03-07,-0.9365268372321603,-5.229760243507723,7.587136478173182,-8.814564024108906,5.38048547480996,5.917285845179536,5.641979008055629,6.944796478338599,-8.654029660771622,7.034333456602411,-6.253718643846003,3.5372184157357562,4.4439586375778,-6.317012312042121,0.6875256016718128,-11.147046088687258,13.22911548622881,1.945157470117553,-1.8697675457703067,-15.759360502447505,-1.6196962041692107,-15.688363117374033,-2.716500228110247,-9.79093705958176
37,2025-03-08,-0.9432011928316848,-5.230059641452279,7.59725275370723,-8.82297235920048,5.37823223023476,5.916614687493635,5.63932268429048,6.938815973676501,-8.659133877596139,7.028060372864103,-6.2239571994163825,3.509374187786489,4.435031037403075,-6.321433423066445,0.6865550460413568,-11.146674328945913,13.236575437997711,1.9579300694167499,-1.884156385523978,-15.76178833287698,-1.6310735047320355,-15.68719425046024,-2.7145830116298937,-9.73333138720287
38,2025-03-09,-1.236026328208539,-6.068709685481582,7.722304130708247,-8.832611274120065,5.475312549615311,6.3491167498454075,5.54032036631609,6.932106308522477,-8.71282592649032,7.544834315272619,-6.788702562183513,3.5868034606546444,4.239286221406772,-6.7113388778238505,0.2804070643638257,-12.41782643532699,13.262624497024337,2.1819837643921574,-1.9005049655975883,-15.764717582642543,-1.1679916112177002,-16.257660241762938,-3.2018991015288685,-10.375506022838158
39,2025-03-10,-4.510297124741091,-7.376530090865596,5.982745082993068,-8.84360602082996,6.850815029477505,5.68979342421456,5.808074412221498,6.92459081975154,-8.718997357261065,7.538540773903803,-6.787900484083376,3.5838804950305536,2.340517904736414,-11.361112154218596,-1.6867366666510355,-13.066323515080157,11.790819495214567,0.17467067077156972,-1.9190152010784196,-15.7681968405815,-1.1804565833572624,-16.257538131164868,-3.204019989052822,-10.371780979113929
40,2025-03-11,-4.902015280748581,-7.445829977033464,6.78103637570094,-10.372876269157645,6.226553447524554,5.030314298515404,5.821548010377858,5.932122809619613,-8.726196130867013,7.531656874936456,-9.417255431422268,3.876419379160805,1.324538166775973,-11.128568728273136,-2.4155156785180596,-12.476144275548869,12.602584386078798,0.9594883653230823,-4.4407534595380325,-16.304999078777257,-1.1945392559305574,-16.25785300580347,-5.540836052261463,-13.293674810583072
41,2025-03-12,-4.5827659116543575,-7.917237237440893,5.90034298595574,-12.117426601941661,5.576027105254809,4.701989502826163,5.053812805853032,7.189615130710808,-10.462225743602735,7.316305952605333,-8.051546397901527,2.8218617254411194,0.9932611936004516,-10.158793016909167,-3.2152477346147297,-12.619226740267056,10.954155791808773,0.8465301801027083,-4.927811471230853,-19.30704173265247,-3.145919790997402,-17.77853169620807,-5.229684672460408,-10.873408123342646
42,2025-03-13,-4.588083302535807,-7.919020040984918,5.901415209537529,-12.128134608879078,5.570159660850658,4.700512643777302,5.053533118529145,7.1794839435607605,-10.386834315133596,6.663299385599626,-8.05215703712726,2.820417058065222,0.9820763583148509,-10.158242963386465,-3.218507397207616,-12.61953268476222,10.954948328066674,0.8478820910083833,-4.9486506653183175,-19.307618552439838,-3.7235349295339697,-17.050133700733223,-5.231739979062039,-10.872574095192483
43,2025-03-14,-4.594349705445991,-7.921561231438852,5.901543941246004,-12.140681757465858,5.563451473383711,4.698478216026107,5.052934024850087,7.168088686739781,-10.39107249797129,6.660582981025752,-8.052953489784493,2.818774182714522,0.9691017679377198,-10.1578011788297,-3.223083015412745,-12.620039447464958,10.954477966096091,0.8486099163959171,-4.972593070726077,-19.30877044420564,-3.7304895169455383,-17.05165547899704,-5.2341793070699705,-10.871727672499015
44,2025-03-15,-4.597510138446545,-7.924948029572695,5.9015762904344395,-12.146340037640716,5.561527810963875,4.695820715943603,5.052118106915421,7.1651999358393175,-10.396216271021867,6.6575135612104255,-8.053956478504436,2.816913420065411,0.96401767251733,-10.159037949410418,-3.2291273136290917,-12.620768745516298,10.95369439734986,0.8494581835190189,-4.981140101801398,-19.311539973480034,-3.7387027098114416,-17.053729832232293,-5.237043058439024,-10.870869898569847
45,2025-03-16,-6.017157073158877,-9.601370676342482,5.901500001671217,-12.153093725800375,6.88221375570739,5.239831377102983,5.05106068334923,7.162087799340495,-9.67923116191476,7.003913255367779,-8.055188655166466,2.8148131798288185,0.8650566825485129,-12.899370828866267,-4.361539299239499,-14.841202053445464,10.952560685020448,0.8504393183219872,-4.99100592645988,-19.31518152514087,-2.675317906546981,-16.68314441728254,-5.240375475337648,-10.870001834995286
46,2025-03-17,-6.680952656734651,-9.606081823553932,5.901301621693423,-13.197652966964627,6.771993772764559,5.235657908896013,5.049734634670332,6.687897555984458,-9.685624812617688,7.00132432968793,-8.056674798416516,2.812449732923356,0.09104111602990805,-13.45294642949921,-4.370423914657919,-14.841739732449945,10.951036256363755,0.8515669870230909,-6.509755410980169,-19.885550522949085,-2.684300482929758,-16.686949142305618,-5.2442250654931595,-10.869124531339873
47,2025-03-18,-6.376064718772115,-8.502617621888962,5.847082333007884,-12.567500466789387,6.500449530242837,5.085523667263057,4.698671980699366,6.23969237014291,-9.062723930550874,6.551101613186017,-8.058442038781783,2.8097969468867343,0.12438481147072178,-12.876514249014953,-3.417093954625906,-13.58814128915202,10.54575431370725,1.1484103523085176,-6.327808096646477,-18.807192836932295,-2.511622317364857,-15.61382554373689,-5.248645091895048,-10.868238985668517
48,2025-03-19,-5.819857815415598,-8.507964641553237,6.571587121820393,-11.757930206509357,6.474512694475027,5.081880637105911,4.852177864245919,6.108117720645512,-9.06923200711565,6.548680736649129,-8.060520116447503,2.8068259771879807,0.6546548790594287,-12.294370509890625,-3.4260840044473255,-13.589845278659148,11.423764986066312,1.7194092575744744,-5.649812485863845,-17.86604792715487,-2.5205512704665205,-15.61791274376478,-5.2536941392595224,-10.867346093635483
49,2025-03-20,-5.825479591241429,-8.514303001751607,6.571352166126534,-11.764810477278257,6.472121514450385,5.0776098715026965,4.850261256422134,6.105048075167923,-9.076290862097514,6.545917415981509,-8.062941677828668,2.803504905421834,0.6466419232089562,-12.297601105691815,-3.4366931302489103,-13.591912873254303,11.421613422548667,1.7210909097044,-5.659762402110334,-17.86985855244618,-2.5303734461160046,-15.622208278079022,-5.2594367724068345,-10.866446583250502
50,2025-03-21,-5.832018559213346,-8.521738779007105,6.571123781188662,-11.772603166897664,6.46948728767691,5.072640552374312,4.847986494395336,6.1015597881849315,-9.081185076047722,6.546369253957622,-8.06574261838698,2.799798313244477,0.6374687284635634,-12.301505846890256,-3.4490982266327928,-13.594379331381418,11.419110275583998,1.7231372867933263,-5.671043378712732,-17.874162955082596,-2.5348158220901,-15.627554330005346,-5.265944305142503,-10.865540931631456
51,2025-03-22,-5.83671622721902,-8.530389020198955,6.572563451052769,-11.776682950861098,6.4682728854218166,5.066893220777702,4.845342905613672,6.100693526144048,-9.086587412180483,6.546928264637193,-8.06421399285202,2.799198113553764,0.6315566582027969,-12.304989112640836,-3.4634957994212527,-13.597282240976657,11.41790635666644,1.7272205454390974,-5.6759894247170495,-17.877376477005146,-2.53965914754329,-15.633515676817677,-5.2650158792982555,-10.863412106405784
52,2025-03-23,-5.842163530304024,-8.540383177730773,6.574224824417709,-11.781257274328775,6.466987205381912,5.060278371756153,4.842264637119219,6.09972475033218,-8.254329856533943,6.933119992768709,-8.062540091131835,2.7985949740216896,0.6248236750778879,-12.309150735685936,-3.4801048059746194,-13.600661549486926,11.416489461536928,1.7319601872984904,-5.681532523996595,-17.880982024660955,-1.321209863765234,-15.187449849302652,-5.263945117110145,-10.861135065153524
53,2025-03-24,-5.848438719181172,-8.551864799221695,6.576130968406758,-11.786374814397512,6.465623656296303,5.052694753616129,4.83870504892712,6.098642596736076,-8.258982034350668,6.935109008048169,-8.060707997491363,2.7979903011914105,0.6171849371151312,-12.314062375477477,-3.499170045605566,-13.604559552837824,11.41483601733388,1.7374259194796382,-5.687732217661436,-17.88501741113359,-1.3238730263024987,-15.194091042398837,-5.262717696299953,-10.858698298682773
54,2025-03-25,-5.573204963584804,-8.564993526768367,6.720415061349056,-10.999854000708698,6.1123874133927405,5.04402729756282,4.458756641925126,5.752300436890133,-8.263860788359985,6.93745576504501,-8.058703515851537,2.797385615547492,0.5391824498079361,-11.685592376977546,-3.5209662292055466,-13.609020824331187,11.179171703274182,2.26165841942393,-5.247553563818565,-16.752154437598833,-1.3264050233149742,-15.201316553404995,-5.261317900304045,-10.85608913139903
55,2025-03-26,-5.580180805394136,-8.579947474543921,6.722632548083145,-11.004364023195034,6.110972204955451,5.034144581929228,4.454049880066791,5.75149878687006,-8.268982703976048,6.940200847570187,-8.05651100271498,2.796782554573059,0.5307913995613154,-11.691153010349588,-3.5458028926146934,-13.61409205647315,11.176682428149936,2.2685826680163537,-5.252865236324974,-16.755862810065096,-1.328781856405861,-15.209183551546236,-5.259728448141922,-10.85329355728804
56,2025-03-27,-6.321587680001605,-8.914957690627002,6.651234867129265,-11.473851601432806,5.79051602990256,4.333875692807304,4.120956682661971,5.349696343650238,-8.290627483209434,6.852587933129163,-8.054113171296592,2.7961828754130837,-0.5310716500990456,-12.112103709904165,-4.581081997819698,-13.248833383434306,10.772191549791236,2.530278184467294,-6.124155257782568,-16.823547945083043,-1.438039550080271,-15.143215416338597,-5.257930295883508,-10.850296046709676
57,2025-03-28,-5.954300595514249,-8.92967736956425,6.6276740045376314,-11.482770883548424,5.474857009391218,4.320486228030425,3.7514994524103353,4.80884723775486,-8.292495114551022,6.858483053999953,-8.051490860898289,2.7955884569865574,-0.47944358612303173,-11.429157604905466,-4.609191141533825,-13.250163597594675,10.379173456947967,2.876174552127296,-6.673923645793564,-16.291618121303284,-1.4340120605510691,-15.150978168550974,-5.2559024039117315,-10.847079317884846
58,2025-03-29,-5.960076788450398,-8.946352885791535,6.62989940711761,-11.485314192743926,5.472554796249665,4.305147667703522,3.7445857725348883,4.806272805563152,-8.294186295926218,6.8651909564166385,-8.051831013383831,2.794577353348113,-0.4875219922007332,-11.432631584700063,-4.641205218088014,-13.251500553495056,10.374485179652499,2.8853136345827215,-6.679041387180774,-16.29158699830708,-1.42899533950958,-15.159377252342857,-5.257253660035718,-10.846408366731943
59,2025-03-30,-5.966579259746511,-8.965197776456474,6.63240240160753,-11.488053976273152,5.469857847623569,4.287610390852852,3.73656763797688,4.803169563949301,-7.547094126331849,6.862230890203452,-8.052315469792367,2.7935266804902494,-0.49672141212294196,-11.436437107370079,-4.677587385603622,-13.252808167309325,10.368970039584411,2.89583476363065,-6.684884412323851,-16.291223540222454,-0.6848632361283977,-14.409325016535302,-5.258788789302118,-10.845842150282616
60,2025-03-31,-5.972259890484884,-8.979941231363094,6.636323996502224,-11.491006809830436,5.467755892604847,4.277244997215176,3.727733065154877,4.799478343049963,-7.542953714731597,6.867652646077626,-8.052960900612662,2.7924344295477956,-0.504503997880037,-11.44001578308973,-4.702696234147918,-13.25718622857827,10.3640570616571,2.908590931347347,-6.691528466780473,-16.2904851528804,-0.6753010686539715,-14.410606360809222,-5.260526471064867,-10.845395330160457
61,2025-04-01,-5.419737825188722,-8.996473773582768,6.982318151421466,-11.55953833883728,5.101923036926855,4.265513231705296,3.7093072643364917,4.236066833183509,-8.377026635601995,5.927441342260923,-7.822917038223464,2.1488950058721414,-0.3178147882618676,-10.521660862115578,-4.730960541877471,-13.261987005288063,10.691625415757958,3.273010887084974,-7.323471505653771,-15.795605172020789,-2.4495852933410722,-14.304467977862917,-5.674022032351322,-9.971812044095605
62,2025-04-02,-6.091179805993625,-10.413179756942585,6.7546868230528085,-13.002728375364304,5.427809272326233,4.5550563666003985,3.564183579350317,5.932833180923448,-10.553163056814348,6.407358704941836,-7.82344419273255,2.1478352378674224,-0.6633705336673925,-11.518989078319859,-5.858123390342186,-14.968236123542983,10.318870402403125,3.1905032437024916,-7.069895194440856,-18.93556155628775,-4.1458043518725125,-16.960521761756183,-5.675608954865128,-9.971279430599973
63,2025-04-03,-6.098886806191547,-10.434090999519086,6.755275189857704,-13.00693560367148,5.425717242053293,4.5380073230478635,3.559854269077903,5.9299009703186725,-10.559892687952072,6.407718622069279,-7.82404218664493,2.146562514282932,-0.673169564138254,-11.52460404824484,-5.896083676471222,-14.97209832256695,10.315129458935607,3.1954209207798008,-7.077034633352807,-18.936836573990153,-4.152174065882793,-16.96761131002135,-5.677479672361998,-9.970604700927861
64,2025-04-04,-6.10692790603845,-10.453100406554382,6.753020648988492,-13.011803359069614,5.422845988803974,4.520875184350618,3.5580837566962926,5.926694007051091,-10.564654788895893,6.406616615538463,-7.824718196690519,2.145053281298509,-0.6840819172344759,-11.529773894842425,-5.932225222203765,-14.973975590904999,10.311104405684784,3.194936892292199,-7.085109352018523,-18.938497366120703,-4.15803817335743,-16.971271404434358,-5.67966491539201,-9.969771477989028
65,2025-04-05,-6.112434305304253,-10.459845094321317,6.750744388712081,-13.015828925200925,5.420752312393841,4.517218892430536,3.555176736951369,5.925657565869117,-10.57076719672896,6.402270624578289,-7.825480163688408,2.1432813712774776,-0.6916819929104125,-11.533186617698094,-5.94262620189078,-14.977063986751853,10.30592112566345,3.195567651760712,-7.090171359331808,-18.94148649107004,-4.168496572150671,-16.97303782130725,-5.682198792410931,-9.968761534965886
66,2025-04-06,-6.118512971623165,-10.46728747694981,6.748132365854394,-13.02045185948875,5.418372312324326,4.513493439008228,3.551876293024329,5.924617685343448,-10.57372045429379,6.397991018317994,-7.826336898963346,2.141217621925362,-0.7001406592988388,-11.536885283947491,-5.953794037941582,-14.98078091595804,10.300008658878722,3.196256072830065,-7.095834174145302,-18.945069544832197,-4.1757294359757955,-16.971711472611783,-5.685119277037984,-9.967554520888708
67,2025-04-07,-7.584283137220106,-11.359945652102182,4.905520898774456,-13.124293778906127,5.655900399083184,4.024449017467571,5.272221162548608,5.529288324115856,-12.121081737664639,5.757148464394144,-7.827298210472095,2.138829421071063,-1.9283827381369214,-13.24018353630329,-7.335496634634611,-15.384394669569753,10.177742061323064,-0.36670026377415255,-7.595005454790271,-18.653582103021982,-6.3639332732704945,-17.878230202058784,-5.688468789401032,-9.966127631543158
68,2025-04-08,-7.807706887464932,-10.385607162955239,5.154930053951391,-13.95601839476864,5.355237554697281,3.861151040531918,4.872528577910698,5.440816932096966,-11.694973773096734,4.983488910761622,-10.497893921990089,3.6634418939973243,-2.4524693327676514,-13.162944442162214,-6.524456122423321,-14.246758203487158,10.027458631862089,0.2824014760406932,-8.515201462671673,-19.396835326865606,-6.711484862335112,-16.678462683858356,-6.834452027992764,-14.161335815987414
69,2025-04-09,-7.814123290806858,-10.614770474163723,5.12272305094079,-14.338694509544617,5.350775283616563,3.9399191267669083,4.81194821285235,5.862606573253947,-12.135168789863117,5.29469769673106,-10.5019519174598,3.6621081177951083,-2.4633480071902953,-13.164898574423422,-6.674851347396816,-14.554689600930631,9.93467126379314,0.31077483808843986,-8.47608793629067,-20.201301082798565,-6.840471093132058,-17.42986648659418,-6.839843799664692,-14.16406003525491
70,2025-04-10,-8.404381338758226,-10.836103429934727,4.7484815308716595,-14.774916403553627,5.378217282075179,3.580408132968604,4.597301822541385,5.598650042087536,-12.139158366299228,5.288237506434091,-10.507022866817682,3.6606364845433266,-3.026164056683047,-13.782598620833404,-7.255695296966124,-14.416511562903331,9.345783353413044,0.1511797083302744,-9.17626636146609,-20.373566445641163,-6.850920859865137,-17.427395872733317,-6.846386382274355,-14.167659351361008
71,2025-04-11,-8.80553791042591,-10.837500273820652,4.065830785204767,-15.522788623321166,5.123278328332422,3.579355950420512,4.49047976203517,5.416129178833468,-12.141385625515946,5.2848162397336145,-10.513223795909754,3.6590094926293895,-3.6822595820934882,-13.928816238758332,-7.25814432340014,-14.416856224241164,8.556310547239937,-0.4246489768304027,-10.106659444487697,-20.938917802154634,-6.856569385782332,-17.42620186524956,-6.854214303280365,-14.172233288539143
72,2025-04-12,-8.811739153492276,-10.839004900576331,4.061093310141109,-15.527661116626204,5.118589661371552,3.578299253607284,4.488335758080104,5.412083293071084,-12.144028041483942,5.280843376661032,-10.52068507398437,3.657206273307838,-3.6931494921207237,-13.930328814863827,-7.260705646969047,-14.417304154183615,8.549429068221212,-0.4272424479389949,-10.115577823555121,-20.939744409697287,-6.86318466482291,-17.424871418144974,-6.863478800676531,-14.177891347292206
73,2025-04-13,-8.49158276319916,-10.80988447406278,4.055381497425979,-16.43561066078288,4.932256617149327,3.1919637649725763,4.485915391164739,5.585445565203955,-14.721986153996507,5.158878619935087,-10.52955240043965,3.655201788117167,-3.559326146049833,-13.423839380348486,-7.617920709090204,-14.001848239035358,8.541296888590718,-0.43053389373875994,-10.850165095578927,-22.021056225986836,-9.56310753406142,-19.880864773931595,-6.874350612322483,-14.184754188556816
74,2025-04-14,-10.005268843640396,-10.266023065538514,1.2100893174524676,-16.827824199569985,5.144663405326641,3.369399825116741,6.658489626769346,5.565278828702959,-14.754787011271855,4.87601800774349,-14.399804859486686,5.584886038177941,-4.860605438313755,-15.149932248967037,-6.896623240421773,-13.635422890655255,7.868578944221814,-5.448400309316878,-11.262545370867027,-22.393103028272943,-9.878769003528365,-19.630805019015344,-8.814918821308744,-19.984690897664628
75,2025-04-15,-9.378119259122057,-10.266874680500083,1.113261086158297,-16.559263413153303,4.921481564530931,3.368582504096116,6.4608816249570005,5.163381790991227,-14.717363093549672,4.334134184923541,-13.561385522829008,5.405332649897579,-4.456637694591126,-14.299600823652987,-6.898292176403967,-13.635457184596198,7.5741427111152975,-5.3476205387987035,-11.395881622162076,-21.72264520414453,-10.38322890862613,-19.051497278473214,-8.15605287293143,-18.966718172726587
76,2025-04-16,-9.382083313676707,-10.26769004624654,1.105667916263693,-16.563625924081048,4.91894064707622,3.3677280583061404,6.458783698606926,5.15903868445464,-14.721122219564336,4.328563975164169,-13.569246219916462,5.403216327994014,-4.463142666600487,-14.301023960752929,-6.899961987940401,-13.63541810455268,7.5644516148706185,-5.353115782343233,-11.404587239626409,-21.722664608535688,-10.392558244400167,-19.049686194728505,-8.166029891922449,-18.972462547910474
77,2025-04-17,-9.386670597458314,-10.268461859595536,1.0965960501825254,-16.56880966370558,4.916069217116362,3.36683451635477,6.456465736856361,5.154083354099197,-14.72396848391104,4.3259010919091265,-13.578393721908988,5.400823677056681,-4.470601380341953,-14.302739814574675,-6.901627343240767,-13.635296375950306,7.553061787038887,-5.359869686673836,-11.414726309606383,-21.722893017804775,-10.398067392001913,-19.049869575820168,-8.177570044852306,-18.97921739896567
78,2025-04-18,-9.342322658521196,-10.269182041349351,1.085882770512481,-16.574903261793036,4.675963895363124,3.365899704968145,6.4539011324134306,5.148449765361637,-14.727350623213011,4.322760148646466,-13.588964160672353,5.398121315491226,-4.666358763158072,-14.01828655388432,-6.903282336381206,-13.635081746317496,7.539783902925912,-5.368018361900949,-11.4264534964314,-21.723353027154673,-10.404590474566545,-19.05011077185948,-8.190842845181127,-18.98708547616358
79,2025-04-19,-9.345905158511602,-10.270569900609635,1.078086983783759,-16.57900741095327,4.673467507579699,3.3645081412443005,6.453595762407717,5.14657906738468,-14.731057573232508,4.317948897700593,-13.59644120367693,5.397621165776475,-4.672437650931903,-14.0193726660913,-6.906061759365334,-13.635078041853935,7.531682746191477,-5.375508778623958,-11.43242834356859,-21.725586478337952,-10.413108675531916,-19.0490064709331,-8.198820037900454,-18.994062369453406
80,2025-04-20,-9.494174310285214,-10.27198108101661,1.023102583654284,-16.64802380007535,4.78394558717333,3.3630167496298635,6.33724628288213,5.048991667261894,-15.020500042996044,4.34968710811939,-13.605040714640348,5.397083864222652,-4.710228723111884,-14.278119897458543,-6.908964331386747,-13.634997830646475,7.360348866536413,-5.314143699227846,-11.599032132813456,-21.697015467337245,-10.670812934876654,-19.370187151115434,-8.207956850417695,-19.002124578863
81,2025-04-21,-10.442784366757913,-11.228283722905932,0.7374792193622537,-18.741068342678556,4.9344021419331705,2.8977793795375724,5.589836378869042,5.719380704347662,-16.501600200850852,4.923057456521724,-13.614879906972597,5.396502117846881,-5.508382224824742,-15.377186508691082,-8.330504343368359,-14.126063102443505,6.327315598231296,-4.852357159506788,-13.021687638330894,-24.460449047026216,-11.578542744329127,-21.424657657372578,-8.218377789125716,-19.011382024819476
82,2025-04-22,-11.14516180011384,-11.274527275844646,-0.45353701832938814,-18.720448794283325,5.293090739635419,2.649294232734396,5.657741835892712,5.394827077680054,-18.04153576561046,6.2005452828086245,-13.626088378501322,5.3958667461054395,-5.852071060478421,-16.438252539749257,-8.62523304311025,-13.923821508579042,5.2042048175633235,-6.111278854222101,-13.32562171660327,-24.115275871963377,-11.840990482801834,-24.24208104841908,-8.230221632395882,-19.021955124606762
83,2025-04-23,-11.563852831812993,-11.718098528514503,-1.319816387388022,-18.72733259612553,5.1980680998722715,2.5443557211353163,5.784839301788199,5.390963265915484,-18.939761746775844,6.025892014790293,-13.63880977908905,5.3951662134343765,-6.365784731940721,-16.761920931685264,-9.173742807379186,-14.262454249649819,4.465022914400176,-7.104655689176221,-13.336369330210047,-24.118295862041016,-12.91386973198555,-24.965653761566138,-8.243643565654672,-19.033975992523427
84,2025-04-24,-11.63030124485705,-11.883340956146032,-1.5794191699267621,-18.88936715175844,5.038782211781645,2.7249145437692253,5.52137649608519,5.446583170857337,-18.034002817362744,6.402972571690378,-13.652839711676886,5.394147261827439,-6.5915190330754045,-16.669083456638695,-9.158426412376807,-14.608255499915257,3.9419573261584278,-7.100795666011952,-13.442783980901101,-24.335950322615776,-11.631030245672367,-24.43697538905312,-8.258692449849448,-19.046986973504325
85,2025-04-25,-11.942389966331364,-11.885895588993511,-1.581559544402302,-19.520107653867328,4.941565700672567,2.721627632165069,5.240489821738687,5.299514183911908,-18.038169355482317,6.399710017172332,-13.668668204359964,5.393001670586016,-7.000824265658797,-16.88395566700393,-9.164267956828443,-14.60752322115858,3.6589302773363848,-6.822049366140989,-14.22059346995542,-24.819621837779238,-11.638459338309985,-24.43787937265465,-8.275666533773947,-19.06166987494598
86,2025-04-26,-11.949795786252873,-11.887625607629627,-1.5908729526033973,-19.527437868100133,4.935374413453477,2.7184700740007757,5.23580343268513,5.293657549720768,-18.04311684274312,6.396127356428457,-13.685524823895873,5.389622326958801,-7.014421372799395,-16.88517019970635,-9.169155533628851,-14.606095681630402,3.644930480081733,-6.826676385288527,-14.233780318379365,-24.8210954178209,-11.646989486314663,-24.43924419917158,-8.295902496937073,-19.075147150854676
87,2025-04-27,-12.256212343155841,-11.889187122464897,-1.6296350105587292,-19.536996423521487,5.041608143567496,2.7146963769757617,5.0987000834501215,5.286877291501757,-18.04856303546908,6.391606790359469,-13.689075727021045,5.389161941947923,-7.214604199588345,-17.29782048672334,-9.174490745489134,-14.60388349944066,3.469065072891392,-6.728335094008851,-14.25011913201973,-24.823873715023243,-11.656956245109612,-24.440169825828548,-8.299913785073123,-19.078237668968967
88,2025-04-28,-12.616792989588498,-10.634604551844774,-1.1796689957105069,-20.60290688501578,4.916511334709409,3.6978707363207755,4.6160845772808035,5.319868241173033,-17.980199739573173,5.609620810183154,-13.408712429758445,5.396825303835795,-7.700281654879089,-17.53330432429791,-6.936733815523999,-14.332475288165549,3.4364155815702966,-5.795753572991311,-15.283038643842747,-25.922775126188814,-12.37057892939002,-23.589820549756325,-8.01188712592265,-18.805537733594242
89,2025-04-29,-12.621366569928586,-10.635736150443067,-1.186066056669019,-20.613695375015215,4.912210658254361,3.6959073699921237,4.611633316023711,5.311143266690298,-17.98460169930958,5.605339599771889,-13.412580873928135,5.3966160306298985,-7.709155911674225,-17.53357722818295,-6.939828780450943,-14.331643520435192,3.4255672593546915,-5.79769937269273,-15.302552108324917,-25.924838641705513,-12.37926209953769,-23.589941299081467,-8.015964843298237,-18.809196904558036
90,2025-04-30,-12.626723108450133,-10.63685230567517,-1.1933310908672141,-20.626250296153664,4.907398068971396,3.6938414091538756,4.606462667690402,5.301228685077234,-17.989680612330787,5.600532651594521,-13.416633664933995,5.396437567391497,-7.719325039478736,-17.53412117742153,-6.943010896521294,-14.330693714829046,3.4131315768231882,-5.799793758557616,-15.32502161107643,-25.927478981230898,-12.389147960736267,-23.590213263925307,-8.020196097542499,-18.81307123232549
91,2025-05-01,-12.633951716006433,-10.639781882597662,-1.201549808493247,-20.64075982161844,4.902395555670567,3.6922509356949607,4.600493660592453,5.289987023094377,-17.994467302264354,5.596740836625472,-13.420881547235647,5.396294252160709,-7.731556160335866,-17.536347271677,-6.947530946902701,-14.332032818292623,3.398943852099206,-5.8020434690856995,-15.350772798524062,-25.930746844712814,-12.397726465638883,-23.591208138889826,-8.024587295074937,-18.817175799396356
92,2025-05-02,-12.642175008282642,-10.642917339069884,-1.210816278301705,-20.656331400596354,4.896372760234277,3.6906191565935407,4.593638236139892,5.276795807243142,-17.999941148535935,5.592520738934422,-13.425336390405029,5.3961908529281635,-7.745802248048365,-17.53854776851692,-6.952298182476343,-14.333536495663424,3.3828219578381873,-5.804454514441597,-15.379535593353213,-25.933127207839497,-12.407420409601514,-23.592461887470357,-8.029145537476865,-18.821527243333193
93,2025-05-03,-12.649898890617402,-10.643404310892398,-1.219789492355848,-20.67061244450652,4.8907790094299175,3.69047429439425,4.586363398475978,5.264811807556775,-18.00412189126826,5.589582532513701,-13.430011367614522,5.3961326180901645,-7.759119881187485,-17.54067790004732,-6.952930016498149,-14.333878605286648,3.36657390612013,-5.806152890831826,-15.405800636949746,-25.935424252063296,-12.414539358754558,-23.593704423781958,-8.033878749524359,-18.826143985704686
94,2025-05-04,-12.656427705147808,-10.64376321786849,-0.9482763757968312,-20.682663316845197,4.887119396203375,3.690487304645286,4.9422310907110925,5.256112115816739,-17.662159943855727,5.8558205597126545,-13.434921166577997,5.396125335520617,-7.769308308944432,-17.543547101351184,-6.953275913223203,-14.334250522513775,3.993954714914261,-5.890507466507923,-15.426551201028458,-25.938775432661934,-11.806339384143072,-23.51798050356838,-8.03879583105738,-18.831046502098616
95,2025-05-05,-12.532446209369606,-10.643976775341716,-1.0170671268490286,-20.667528753560976,4.78637980857493,3.6906781346095197,4.668619187981922,4.846284858658847,-17.498460464872753,5.428362507593464,-12.690452626055203,4.331271289867651,-7.7460664007946765,-17.318826017944538,-6.953298640732196,-14.334654909951237,3.6515520611328935,-5.685686314830951,-15.821243894902128,-25.513813612219824,-12.07009795727929,-22.92682297246622,-8.359181336187552,-17.021723915922855
96,2025-05-06,-12.57247814966528,-10.75226740184269,-1.0328275467155024,-20.814161704327674,4.780114254563075,3.730506284171043,4.645479505923842,4.96013206822095,-17.543992930197312,5.40696182679039,-12.793752185986818,4.3022577055403035,-7.792363895102205,-17.352592404228353,-7.021761117671648,-14.482773686013733,3.61265195920834,-5.678307052639345,-15.854029636106723,-25.774293772548624,-12.137031103406922,-22.950954756987702,-8.491494480446516,-17.09600989152712
97,2025-05-07,-12.58092422130274,-10.75221055323346,-1.0412954521104572,-20.829114601421935,4.775822205397096,3.731132724933332,4.64014399208486,4.9487176157108905,-17.54941937692972,5.4038217010305445,-12.796462844689101,4.301583157283856,-7.805102015905644,-17.356746426699836,-7.021077828300129,-14.483343278166792,3.5988485399744023,-5.681439444195317,-15.880396985711045,-25.777832217132826,-12.145597675899175,-22.953241077960264,-8.494879687405245,-17.098046001972957
98,2025-05-08,-12.590417555180831,-10.751988583419724,-1.0506393901792672,-20.845994664007893,4.7711071034229,3.7320219825866787,4.634138006866741,4.935943086787984,-17.554062220825728,5.4025730760053765,-12.799133430902346,4.300564839288305,-7.819310451757931,-17.36152465860373,-7.019966600833046,-14.484010566006402,3.583498616687474,-5.684777397046008,-15.91005157721991,-25.781937750795876,-12.151489144820351,-22.956635296831102,-8.498568591614042,-17.09969827019065
99,2025-05-09,-12.601066206737137,-10.751580835796128,-1.060943954557634,-20.86500685721522,4.765922493017752,3.733205207707803,4.627387990955884,4.921644168937059,-17.559147366089782,5.401241573211449,-12.801750870622975,4.299161289886466,-7.835143713719385,-17.366988699754888,-7.018375628088325,-14.48478604350393,3.5664440363982504,-5.688331945513518,-15.943362688278162,-25.786651026152278,-12.157905792878333,-22.960388939301232,-8.502589580736508,-17.10091216050944
100,2025-05-10,-12.610679777434425,-10.750964299111635,-1.0698494815710242,-20.880877482100992,4.7618229077653105,3.7347170072823737,4.6214253323556465,4.912124143640807,-17.564715984181543,5.399819787707717,-12.804300694633998,4.297326263302967,-7.848856869669115,-17.372502685199734,-7.016247291829261,-14.485681306394008,3.551575850784622,-5.691274813926671,-15.968753338460186,-25.793001625741798,-12.164896196473826,-22.96453577188926,-8.506974431331031,-17.101626957936965
101,2025-05-11,-12.354818023451925,-10.75011325232843,-0.8461253576945096,-20.898622593074762,5.009659869114692,3.7365959440283234,4.7720584378059625,4.901630732128044,-16.937944824803736,6.222095624669411,-12.806766861493466,4.295007992208527,-7.345158154337232,-17.36447789256662,-7.0135173083001074,-14.486709196356754,3.925933080111453,-5.618183795500472,-15.996991860946718,-25.800253325202807,-10.715849200134326,-23.160040449473147,-8.51175886928494,-17.101774853701993
102,2025-05-12,-11.682323523308737,-9.410327825137626,0.39193783698391726,-21.021506490994053,4.821847890986573,4.487061994616278,5.062149100360643,4.430356194834675,-16.129016760430126,5.6256717631722974,-10.150649000695594,4.907702912686599,-6.860475632322164,-16.50417141429531,-4.923265830521348,-13.897389819753904,5.45408693734456,-4.670211263376726,-16.591150296159377,-25.45186268582873,-10.503344997257829,-21.754688523602425,-5.2429460880089955,-15.058351913382193
103,2025-05-13,-11.723220023853813,-9.044899731057626,0.4161430850418401,-21.672440030732016,4.661547497743961,4.178007949790724,4.876177107856437,4.593370834840158,-14.886907689286572,6.484146002149918,-10.147022988282082,4.906275840670303,-7.061672526109851,-16.384767521597773,-4.866891781266902,-13.222907680848351,5.292320192898277,-4.460034022814597,-17.079069195891858,-26.265810865572174,-8.402761687136653,-21.37105369143649,-5.240747147611779,-15.053298828952386
104,2025-05-14,-11.728483287553788,-9.03988641959328,0.41354191916116245,-21.68400537254337,4.659738372350048,4.178372767505121,4.873618386860356,4.585004172064307,-14.888537048850301,6.485721295115007,-10.142152363723522,4.904359598099216,-7.06874491520374,-16.388221659903834,-4.861513652088159,-13.2182591870984,5.287160306021518,-4.460076467699193,-17.099001200479066,-26.269009544607677,-8.402815753735293,-21.37425834396531,-5.237792765624306,-15.046511961822738
105,2025-05-15,-11.50550168394234,-8.763839102952588,1.0323959251549397,-22.15808256442887,5.060051475609954,5.378415619630484,4.867355354834411,7.4326957404359355,-16.49571240608025,7.716230404196962,-10.135885754944196,4.901890588785038,-6.445450208332386,-16.565553159552294,-3.3854234833221035,-14.142254722583072,5.89975127998935,-3.834959429679471,-14.725386823992935,-29.590778304864806,-8.77948200188329,-24.211942810277215,-5.233995166159158,-15.037776343729234
106,2025-05-16,-11.509554498986938,-8.75916680235378,1.0317191802166832,-22.168819903707632,5.0594882681409805,5.3800172361764735,4.8650864795880375,7.432225579152009,-16.49714635144988,7.719205536417474,-10.128053578389938,4.898795857961228,-6.450066230845958,-16.569042767127918,-3.3791495661773068,-14.139184038530253,5.896805659804721,-3.8333672993713543,-14.736594324555623,-29.60104548285964,-8.777940815032409,-24.216351887867354,-5.22925772042871,-15.026849436351167
107,2025-05-17,-11.51029365087876,-8.753589994307381,1.0329312012698102,-22.174984947805815,5.06096046509811,5.3819969473588944,4.863454781080364,7.434387788070726,-16.497343056517447,7.722611569964436,-10.115687222473085,4.89313651442072,-6.44933318578065,-16.57125411597687,-3.3715930469484867,-14.135586941666276,5.896385982350174,-3.8305235798105537,-14.740597159735088,-29.60937273587654,-8.774731486553012,-24.219954626481883,-5.222550708052364,-15.008823736893806
108,2025-05-18,-11.648652034470874,-8.47358507836377,1.148760401031908,-22.35376477561368,4.896565030314469,5.142229655420542,4.719653509484812,7.141952613218107,-16.497471257463843,7.72594850843584,-10.101007228196446,4.88641357616654,-6.752087004156405,-16.545217064785344,-3.3313554229432283,-13.615814733784312,5.86841391051672,-3.570893108452904,-15.211812162395573,-29.495717388831785,-8.771522749028003,-24.223419765899685,-5.214593652029905,-14.987420804362987
109,2025-05-19,-10.939456588544834,-7.626426045542622,1.6566852029128025,-21.16741544960598,5.035969660992417,5.045427284394722,4.796727895132867,7.302087321132395,-14.963350176052785,8.108289652860961,-10.083741618040445,4.878480612330875,-5.903486927552417,-15.97542624953725,-2.5809987611478995,-12.671853329937344,6.45341309804567,-3.1400426922200646,-13.865328128473585,-28.469502770738373,-6.855060523191824,-23.071639828913746,-5.205261005709571,-14.96222223037132
110,2025-05-20,-11.16756069584631,-7.6199987322723555,1.3636455731721786,-21.173225845090254,5.283322128640107,5.046675733610331,4.793648767574012,7.3061583817431375,-14.960963054057567,8.112466950855799,-10.063583314884362,4.869165874600663,-5.884238567206204,-16.450882824486417,-2.5733229986620243,-12.666674465882686,6.157294340746191,-3.430003194401833,-13.867067463347116,-28.479384226833393,-6.848496103201768,-23.073430004913366,-5.194417440283699,-14.932749189485024
111,2025-05-21,-11.166468910478972,-7.612414146401756,1.368907599028476,-21.179438698816078,5.2858754760497515,5.048081559291879,4.790871316536982,7.31113625694985,-14.957762402961752,8.11739248107555,-10.040184041285215,4.858266472702639,-5.880593434429221,-16.452344386528722,-2.5643325871098765,-12.660495705693634,6.159778915565457,-3.421963717508506,-13.868302441866227,-28.49057495576593,-6.840369921886202,-23.075154884037303,-5.181917568582576,-14.898450513987854
112,2025-05-22,-11.164817549576187,-7.603543094453219,1.3753527582125629,-21.186088612944587,5.288889906333843,5.049656715420729,4.787692988016022,7.317124062023118,-14.953651171586634,8.123147515553871,-10.013146841505419,4.845540902060288,-5.875927643242344,-16.453707455910028,-2.55388637903249,-12.653199809873946,6.163045746228585,-3.412340229803459,-13.868964550921469,-28.503212674967706,-6.8305036560327625,-23.076798687140503,-5.167605939445131,-14.858687743565707
113,2025-05-23,-11.163545070961126,-7.595924476575089,1.3815440826114793,-21.191017042739222,5.2914287345585524,5.051820117791309,4.784384483148379,7.324259710453085,-14.94869659533651,8.128459770768988,-9.982016851925819,4.83069936617223,-5.8721163364025735,-16.45497380551968,-2.5441043587837795,-12.647744594366397,6.165928565759859,-3.4028404005369,-13.866757332286138,-28.515276753192307,-6.820236824567523,-23.0771563661055,-5.151317485753588,-14.81271621809805
114,2025-05-24,-11.161197195881165,-7.587033156724193,1.3905712182875924,-21.195048998699992,5.2936853178467205,5.0529225794235515,4.780725549313459,7.331332557717558,-14.940922485687135,8.133512738390698,-9.95418861614431,4.812945214615772,-5.867511878034445,-16.454882513727885,-2.534110577300641,-12.639955736147744,6.171296767601051,-3.3901543310258666,-13.863716440982433,-28.52638155641755,-6.807409747296438,-23.07443522407783,-5.141243401528537,-14.76713383076008
115,2025-05-25,-10.867085992101327,-7.577517803203974,1.735777970854088,-21.19970988729639,5.5165464256118115,5.054520521786828,5.124160678057654,7.33965682854876,-14.339782819327748,8.615722958588915,-9.922389180964787,4.792434091094507,-5.350539566489515,-16.383632417713137,-2.5229972814171457,-12.632038324990802,6.859938648911742,-3.3883827072035664,-13.86005305874763,-28.539366715845148,-5.7240598607388335,-22.955505777916663,-5.12995508987028,-14.714823272059295
116,2025-05-26,-10.559571724944405,-7.568688599277795,1.586711525374185,-20.566856222093257,5.213316823459351,5.055899962598133,4.7931683363750714,6.83149601247377,-14.328321227720467,8.622164268829797,-9.88611536058705,4.768725687004572,-5.346254901485054,-15.772888548403756,-2.5127886366796623,-12.624588561875928,6.379879861749257,-3.206456811000886,-13.735360209619486,-27.398352234567028,-5.70615695889067,-22.950485496550264,-5.117389673582478,-14.654841047591622
117,2025-05-27,-11.537174709047965,-7.558579844415448,-1.1625561297901343,-20.567479666735544,4.674641746432309,5.057408483081232,5.9333740961968955,6.8374230649540575,-14.199771531051832,6.875820575218092,-15.082296692156989,4.008604325750392,-6.862532962615656,-16.211816455480275,-2.501171361334216,-12.61598832749668,4.770817966406761,-7.09593022598703,-13.730056601781486,-27.404902731689603,-7.32395095583374,-21.075592106269923,-11.073692366406597,-19.09090101790738
118,2025-05-28,-11.535423785539196,-7.547050471272905,-1.1578479796670873,-20.56765948215049,4.674333221222819,5.059052905082863,5.934853026426281,6.844158801360768,-14.18953504458422,6.87815557679178,-15.08224442806729,4.0050018919726105,-6.8610905643163775,-16.209757006762015,-2.4879975661900415,-12.606103376355769,4.777005046759194,-7.092701006093368,-13.723500680789721,-27.41181828351126,-7.31137946779244,-21.067690621376002,-11.07724253609468,-19.0872463200399
119,2025-05-29,-11.42018049979256,-7.536097617613393,-0.14106812991103648,-19.523691120252455,4.5855141266803185,5.0597826931932985,6.914215463740476,7.240857100695447,-13.526433077736773,6.956480767647446,-13.63295135678831,5.2998705500455765,-6.834666373112241,-16.005694626472877,-2.4763149244200946,-12.595880310806692,6.7731473338294395,-7.055283593651512,-12.282834019557008,-26.7645482209479,-6.5699523100893265,-20.482913845384218,-8.333080806742732,-18.932821906833887
120,2025-05-30,-11.417905861129984,-7.523041292907359,-0.13655014635930335,-19.52173865471861,4.584700894686872,5.0595443492587755,6.918250793750994,7.24690880402855,-13.51581243246238,6.95583333075479,-13.63533890690792,5.300534673119966,-6.8332049664431125,-16.002606755816856,-2.4634969436485834,-12.582585642166134,6.781700647391691,-7.054800940110297,-12.274829850690061,-26.76864745874716,-6.559979101707589,-20.471645763217168,-8.334804233787954,-18.935873580027888
121,2025-05-31,-11.412036792221093,-7.508298905696593,-0.13158751283758607,-19.515561893312917,4.584181556887288,5.059181023871916,6.922556835528825,7.252115363324805,-13.504028339157738,6.953239650927654,-13.635817447871885,5.300660464086615,-6.8278552353338045,-15.996218349108382,-2.4491178818246775,-12.56747992956851,6.790969322691239,-7.054144348366411,-12.263446529988112,-26.76767725663772,-6.550788688230084,-20.45726799008539,-8.33515698378527,-18.936477911958498
122,2025-06-01,-11.405274217590302,-7.4916831677999625,-0.12611481689337398,-19.507910152191204,4.583525790934068,5.058666038961441,6.927705151684237,7.257922952237011,-13.490457509533895,6.95004029876432,-13.636599562683713,5.300795831347208,-6.821748426656233,-15.98880000852437,-2.4330171288385216,-12.550349206761403,6.8015903347908635,-7.053819968577611,-12.249987199954194,-26.765833104428214,-6.540417210769575,-20.440497808298215,-8.335803731336505,-18.937395394030922
123,2025-06-02,-10.679529188525533,-6.6542284535258265,1.0444521791767392,-18.535915024834658,4.7636255900427615,5.687120464986026,7.1101185814812995,6.818603097272295,-12.96485065934912,7.403651769373466,-12.806231486494603,6.152372139663366,-5.915903598482772,-15.443154778568296,-0.9671079885398006,-12.341348918511851,8.15457076065804,-6.065666402304561,-11.717311927562363,-25.354518122106953,-5.561198889975653,-20.368502428722586,-6.653859346831237,-18.95860362615797
124,2025-06-03,-10.669313396676662,-6.631421148312996,1.052910553543649,-18.524517415032175,4.761302270805028,5.6857023437073515,7.115354442644056,6.822195153153711,-11.778522837684154,8.079750489922837,-12.807582117142754,6.152745316499501,-5.908011125871634,-15.430615667481689,-0.9457188046056446,-12.317123492020347,8.168264996187705,-6.062443889100407,-11.702322261878464,-25.346712568185886,-3.6987723477613166,-19.85827332760699,-6.6548368006432534,-18.960327433642256
125,2025-06-04,-10.65759900954704,-6.60556366965318,1.062514233848293,-18.510976182997787,4.75861470542652,5.684113760287332,7.12149618879252,6.8259561139963,-11.7563674962386,8.074019756452854,-12.809221847217312,6.1532760482896105,-5.898984304120519,-15.41621371497356,-0.9214499093658484,-12.289677429940511,8.184010422640814,-6.058981954944227,-11.685020069001487,-25.336932296994085,-3.6823477397857456,-19.83038725269145,-6.655945798927702,-18.96249789550692
126,2025-06-05,-10.644667738249655,-6.576287577176411,1.0732806945645794,-18.49499224732991,4.755788811369439,5.682303847678277,7.128339961637548,6.829386509732637,-11.731933557512376,8.067433920776867,-12.811181529687294,6.153982133937096,-5.888878926880216,-15.400456549619093,-0.8939837294981343,-12.25859142485469,8.201620656202127,-6.055059267072968,-11.665605737597275,-25.324378757062547,-3.664499636735508,-19.79936747828924,-6.657199395750198,-18.96516366362439
127,2025-06-06,-11.380891601765512,-6.557307693472555,0.9944520546083477,-19.19024548097791,4.711494296294452,5.681418129083335,6.564473203181115,6.1145604719238085,-11.711397653152794,8.061176100996816,-12.813494959398644,6.154882999294853,-6.66939730547106,-16.092385898059966,-0.8758895643892197,-12.238725822555889,7.558925257789463,-5.570021148572767,-13.075685009054101,-25.30480595290172,-3.650221552155978,-19.77257375414961,-6.658611960103792,-18.968377958693498
128,2025-06-07,-11.374378880286766,-6.541832521218554,1.0010243976697513,-19.181808079477896,4.7114790035668515,5.679716012563915,6.569019708081945,6.115535917759679,-11.695211251226803,8.060286522787214,-12.816199204822828,6.155999859689376,-6.662899876719915,-16.085857883853617,-0.8621165086546387,-12.22154853378247,7.5700441057516965,-5.5679953104121935,-13.066272161718217,-25.297343997237576,-3.6349247284395894,-19.755497774014017,-6.660199345133452,-18.972199064512203
129,2025-06-08,-11.368975158893607,-6.536536030273379,1.0046090896596567,-19.17205347758196,4.711234349007277,5.680454603894693,6.57517813214533,6.1162475271967,-11.684650789291833,8.06245560060491,-12.819334991474735,6.15735590497577,-6.65774080988633,-16.080209507900882,-0.8560814263786867,-12.216990634168072,7.579787221804987,-5.5705690424856735,-13.055805950385261,-25.28830100477866,-3.6221951886869235,-19.747106389896743,-6.661979086498965,-18.976690896450506
130,2025-06-09,-11.764818840691241,-6.533570698855015,0.0904905862900233,-18.856323429032294,4.503106302386775,5.683583619178647,6.973795529938354,5.563951149029335,-13.010705574612981,7.789978316903485,-14.874088817497263,5.9806900937002,-7.261712538304466,-16.267925143078017,-0.8499870796763682,-12.21715431803366,7.064286116228377,-6.88330494364833,-13.292372280002958,-24.42027457806163,-5.220727257709496,-20.800683891516467,-8.893398723797063,-20.854778911197464
131,2025-06-10,-11.762132964134084,-6.530733045997452,-2.1280557985958906,-18.91928147197982,4.502064953441696,5.687291316771587,8.21288262108542,5.418662696209572,-13.278025847064596,7.670139870071736,-14.877837160924262,5.980842600768826,-7.260068010692388,-16.26419791757578,-0.8434417292258649,-12.21802436276904,6.084826822489529,-10.340938419681311,-13.500618775770246,-24.33794416818939,-5.6078859769928595,-20.948165717136334,-8.896994560155436,-20.85867976169309
132,2025-06-11,-11.759316699578463,-6.528047899398816,-1.30204200258071,-18.91068787269614,4.500837890789321,5.691646233810518,8.428574869564493,5.415837823186266,-13.26994423950118,7.67281665220119,-14.88243344989116,5.9809706905873385,-7.258478808789142,-16.260154590367783,-0.8364016655882978,-12.219694133209334,7.126532866983783,-9.730616872145202,-13.494850049509875,-24.326525695882406,-5.59712758729999,-20.94276089170237,-8.901462759303822,-20.863404140478497
133,2025-06-12,-11.76399958520427,-8.012896424791185,-1.3602936688575418,-18.61624023481051,4.2341973451912445,4.84253747981584,8.04957410965749,5.251466342792208,-12.95992968400559,7.082486725342497,-15.038332915341488,5.921214102848805,-7.529802240013025,-15.998196930395514,-3.1703589449753453,-12.855433904607025,6.689280440799948,-9.409867778515032,-13.3647738920183,-23.867706577602718,-5.877442958663094,-20.042416409348085,-9.117118812492684,-20.959547018190293
134,2025-06-13,-11.764789770348333,-8.012183839505907,-1.362762501607051,-18.611623232991736,4.233372446074433,4.8422806878825835,8.051597298217107,5.248194100992824,-12.955846370532091,7.0820376283750335,-15.043996291544945,5.921203919748894,-7.5314173242739,-15.998162216422767,-3.1699031516233234,-12.85446452738849,6.688834796610056,-9.414359799824158,-13.363429131998913,-23.85981733398456,-5.873808742157058,-20.037883998907127,-9.12279237179605,-20.96520021129384
135,2025-06-14,-11.145655819670244,-8.011956293916521,-1.1210548197148258,-19.146639762316738,4.65808460424839,4.841770938266394,7.889031351988387,5.231460382077975,-12.951564950329052,7.081352812221144,-14.486682804591899,5.475421884993878,-6.4875712154218546,-15.803740423918633,-3.170185355650127,-12.853727232182916,6.767976532273561,-9.010086171703213,-13.915179380238763,-24.378100144394715,-5.870212138107908,-20.0329177625502,-9.011260919598021,-19.96210468958578
136,2025-06-15,-10.860399201315289,-8.012278867406064,-0.9384919469961155,-19.14189684860527,4.918913332725371,4.840976179517071,7.913478124576647,5.227479076723164,-12.43333749678504,7.378120647015181,-14.492634022711815,5.475523428474794,-5.941485868589918,-15.77931253404066,-3.1713026878889927,-12.853255046923135,6.974986177580532,-8.851970071572763,-13.914417771882107,-24.369375925328434,-5.055216849769859,-19.81145814380022,-9.017110594237021,-19.96815745118661
137,2025-06-16,-11.727537000090763,-10.29246813426981,-2.2265166571907873,-21.169725407358364,4.534730804300883,4.853195974807361,7.198683553940774,5.68075787318601,-12.427857313624186,7.377164898576494,-14.499473164505995,5.475506893048188,-7.1928061957898795,-16.262267804391648,-5.439272159462449,-15.145664109077172,4.972166896749987,-9.42520021113156,-15.488967534172353,-26.850483280544374,-5.050692415047692,-19.80502221220068,-9.023966271457807,-19.974980057554184
138,2025-06-17,-11.629904019980705,-9.545073541443447,-2.3174157940505973,-21.167823030694503,4.420761960029582,4.698576278929161,7.031911354023496,5.678595667609787,-12.84627958712391,7.020775310601503,-14.507293903189021,5.475354459195266,-7.209142059951123,-16.050665980010287,-4.846497262514286,-14.243649820372607,4.714495559972899,-9.349327148074092,-15.489227363084716,-26.84641869830429,-5.825504276522406,-19.867054897725414,-9.031939443993755,-19.98264836238429
139,2025-06-18,-11.073126762655486,-8.351879715198274,-2.0561914971679736,-21.166015099091354,4.8444516872044225,5.115101340956274,6.95240707171556,5.67595082035142,-12.406619607237783,6.720866721410131,-14.516200241172578,5.475045663975252,-6.228675075451063,-15.917578449859908,-3.236778374242,-13.466981056154548,4.896215574547586,-9.008598568883533,-15.490064278739933,-26.841965919442774,-5.685752885827652,-19.12748632864791,-9.041154577197325,-19.99124590514783
140,2025-06-19,-11.074130408573211,-8.354268892407871,-2.0609035397992415,-21.164319710038676,4.844286441536835,5.1145382391259,6.954084498864308,5.67276878155488,-12.400602127114515,6.7177840522973264,-14.526307999749163,5.4745568997901355,-6.229843967036376,-15.918416850110045,-3.2397306532819714,-13.468807131533772,4.893180959065067,-9.01498803866355,-15.491550928483797,-26.837088491593555,-5.682818074817189,-19.118386179411843,-9.051751099959027,-20.000864899539298
141,2025-06-20,-11.38141103331327,-8.357192858267313,-2.0662919787418295,-21.16246164544766,5.276570659384767,5.113825583195563,6.954932448808343,5.667743255389449,-12.396202426017396,6.713008279199005,-14.534195496379759,5.4716450994763335,-6.1048403739285035,-16.657981692698037,-3.2433672750717495,-13.471018441462876,4.888640470066513,-9.021224427550173,-15.49471839005821,-26.83020490083711,-5.6831941468183915,-19.1092107052164,-9.062550396903426,-20.005840595856093
142,2025-06-21,-11.383215615645865,-8.361172037835066,-2.0725541170769017,-21.161113632714173,5.276513708209264,5.1131342607952,6.9556150607046865,5.662165594462306,-12.391860843510008,6.707533917758051,-14.543206221932541,5.467982207191849,-6.106701907436601,-16.659729323855128,-3.2480377770398663,-13.474306298630268,4.883060943627784,-9.028169177781589,-15.498948038251868,-26.823279227176478,-5.684326925751957,-19.09939476126806,-9.075224014740693,-20.011188429124388
143,2025-06-22,-11.188612440653865,-8.365875777503756,-1.8918521468546683,-21.159955382632038,5.362935891096811,5.112278570373675,7.001133257765024,5.6557084402589775,-11.909317602844945,6.890608486089976,-14.553320335173334,5.463717188341524,-5.825676549557054,-16.551548331750674,-3.253597207130081,-13.478154347877432,5.109281110910356,-8.892985404619692,-15.504246942373062,-26.815663822891015,-5.01870911675497,-18.79992608893492,-9.08960314683181,-20.01703752351486
144,2025-06-23,-11.896652963752084,-11.082265464239372,-2.37558346298004,-23.21594086421416,5.478737752973583,5.3883703755975665,6.562812330972517,6.308570079947297,-13.262182041029977,6.205780625954763,-14.564653550943127,5.458777819053463,-6.417915210778501,-17.37539071672567,-5.693895088641805,-16.470635839836937,4.187228867992477,-8.938395793952557,-16.907370784266863,-29.52451094416146,-7.0564014150752135,-19.46796266698474,-9.105875731889665,-20.02343136999659
145,2025-06-24,-12.288591174978379,-11.490783208186333,-3.3941515678744145,-23.218714100072393,5.39361900009823,4.991977107851476,7.206905759969383,6.303611996630914,-13.694525171988193,5.868166480603972,-14.577335580109498,5.453081847338677,-6.894972174880149,-17.68221017507661,-6.498806100334857,-16.48276031603781,3.812754192094969,-10.601057327843797,-16.91510210344148,-29.522326096703306,-7.826358691384221,-19.562691652592164,-9.124253732770821,-20.030417427448175
146,2025-06-25,-12.445652845040879,-11.28751558943544,-3.972178876449158,-23.222442244683,5.024778135723728,4.396141739174939,6.956597520051311,6.297909237997565,-13.672261462990411,5.81172922493859,-14.591512407841927,5.446535121058332,-7.420874709317151,-17.470430980764608,-6.891373850260501,-15.68365732861038,2.9844186436021527,-10.928776396500469,-16.924533006685433,-29.520351482680564,-7.860532238051821,-19.483990687929,-9.144977286783595,-20.038047528900258
147,2025-06-26,-12.4491152037814,-10.96630369931729,-3.8595076263206325,-22.99529316141262,5.024646604419739,4.725106914566461,6.970109363917591,6.319309157275208,-13.671509065524452,5.803210920762238,-14.607349050860654,5.43902927086307,-7.424468599361661,-17.47376180820114,-6.241196784750829,-15.69141061388375,3.1106017375969586,-10.829616990238224,-16.675984004137412,-29.314602318687825,-7.868298144762214,-19.47471998628669,-9.168319779997583,-20.046378321723722
148,2025-06-27,-12.451560432343062,-10.973250636745622,-3.8674850190189227,-22.999820675399548,5.02421915054948,4.721149799774575,6.968705196487755,6.310957896538822,-13.67098541325497,5.7913730116327145,-14.60869638732842,5.439271547743243,-7.4273412817935816,-17.475779582892542,-6.252100836971047,-15.694400436520198,3.101220177468832,-10.836190215506678,-16.688862778860724,-29.31077857193837,-7.879612401622255,-19.462358424887682,-9.169424839585176,-20.047967935071664
149,2025-06-28,-12.454417196502858,-10.980158179375639,-3.8760304304946778,-23.006721503300824,5.02334047284191,4.716344270440957,6.966667641931653,6.300962208098658,-13.667748008783137,5.779765614320884,-14.609877485983628,5.439567510850566,-7.431076723660948,-17.47775766934477,-6.263813908934682,-15.696502449816595,3.090637211436975,-10.84269807242633,-16.705759295202167,-29.30768371139948,-7.887982394462253,-19.447513623104022,-9.170309975133062,-20.049444996834193
150,2025-06-29,-12.14491920821222,-10.988034532582116,-3.614557641344816,-23.014994060382964,5.357247320862005,4.710837117718668,7.131073124206632,6.2896590909108845,-13.138534738351407,6.177913841578175,-14.610867121945533,5.439923753080456,-6.787671887350216,-17.502166529074223,-6.277197414863448,-15.698871650300784,3.5165154828618164,-10.745630765551448,-16.72533496947208,-29.30465315129385,-6.960620896773231,-19.31644857992958,-9.170943368865078,-20.05079087502599
151,2025-06-30,-11.587699717241026,-10.993769041093659,-3.502566078605477,-23.120676655934265,5.218340967186068,4.7083334998901565,6.751255044645204,5.6209682294954355,-13.143547860019558,6.175477968506955,-14.611636923593931,5.4403477212126825,-6.369358750054959,-16.806040684427096,-6.285435541203502,-15.702102540983816,3.2486889660397273,-10.253821123250681,-17.49970842643883,-28.7416448854297,-6.968069891512602,-19.319025828526513,-9.17128920238125,-20.051984644806613
152,2025-07-01,-11.589362536089839,-11.000247950533263,-3.5089497637875,-23.1301148253478,5.219002545514683,4.70548217666378,6.749141127057022,5.616946725087474,-13.149506561583179,6.172824139772504,-14.612154826100152,5.44084786169636,-6.370359990575156,-16.80836508160452,-6.294765773869482,-15.705730127197043,3.240191363269522,-10.258090890844521,-17.513168100260327,-28.747061550435273,-6.976682421810675,-19.322330701355682,-9.171306964403792,-20.053002687796514
153,2025-07-02,-11.59116037338631,-11.007544144063845,-3.5161594642737897,-23.14108153273428,5.219794902053863,4.702245739673183,6.746590911158558,5.612365837171615,-13.156516728210914,6.169929375215376,-14.612384395577601,5.4414337989150035,-6.371365471332448,-16.810955275440172,-6.305298404390662,-15.709789883737027,3.230431446884768,-10.262750375432347,-17.528715695562664,-28.753447369905896,-6.986587352995538,-19.32644610342629,-9.170950596662598,-20.053818194492607
154,2025-07-03,-11.593490001966133,-11.01403431041405,-3.5232442011679543,-23.154080324990925,5.220234535114873,4.698613419187246,6.743481476765443,5.606309995952447,-13.16469637949954,6.1667673045686655,-14.612283987224382,5.44211655467034,-6.37325546685126,-16.813724537081008,-6.315420891226805,-15.712647729601297,3.220237275597489,-10.266725677933398,-17.547770329038478,-28.760390320943372,-6.997929074930875,-19.331463684068204,-9.170167432554042,-20.054400541894722
155,2025-07-04,-11.593694720200547,-11.016302635118107,-3.5280319707264884,-23.16332856462764,5.221218385251981,4.696954492282738,6.741016014878319,5.602686212972007,-13.168523258842193,6.164638339531584,-14.611805688644715,5.442908820387836,-6.3724763349485665,-16.81491310545253,-6.319348142835369,-15.713257127400844,3.2129840441518307,-10.269047985604807,-17.560642351655634,-28.766014777599647,-7.003884919310608,-19.333161598373778,-9.16889686825688,-20.05471450903255
156,2025-07-05,-11.594558775543277,-11.018767079063652,-3.533314781888895,-23.173942855631054,5.22309789892369,4.69511510333995,6.737478846860947,5.598614249315708,-13.17303956223297,6.162373835349406,-14.610893982579494,5.443825297332493,-6.371460876619587,-16.817656674466967,-6.323651975723702,-15.713882182403601,3.204164064972052,-10.270793628749843,-17.575328606315345,-28.772557104946763,-7.010665726883564,-19.33541339758238,-9.167068685247001,-20.054719279911986
157,2025-07-06,-11.304497324467752,-11.021444050698639,-6.611823710526993,-23.18606854151643,5.3971722537571925,4.693078436832471,10.786577903972567,5.594041365761504,-12.500452985236745,6.529772858490767,-13.231013372942197,5.508870140341858,-5.907325070710559,-16.701669578224944,-6.3283656138661675,-15.71452248753111,4.174754193445574,-17.398401614499562,-17.59202717575493,-28.780109907277932,-5.970680126745978,-19.03022584372751,-7.722143232600339,-18.739883513284056
158,2025-07-07,-11.191136173630937,-11.024351501256508,-6.139208479176921,-23.500482883991143,5.011820340743595,4.69082601431401,10.221740700625075,4.930924976536779,-12.504348511413552,6.528985300561387,-19.778180134148837,7.188450288349261,-6.179315832887342,-16.202956514374534,-6.333525486942498,-15.715177515570517,4.082532221448154,-16.360949179801995,-18.569557907454364,-28.431407860527923,-5.975363210852165,-19.033333811974938,-12.589729845799575,-26.9666304224981
159,2025-07-08,-10.69353449445151,-9.336606574032444,-5.158772151949882,-21.317207402477663,4.923331256323605,5.120933836310482,10.187568665975396,6.57093295298757,-11.117626418880116,5.81686530431481,-19.80075512630362,7.188058531152328,-5.770203238127905,-15.616865750775116,-4.215672737721962,-14.457540410342926,5.028796514025514,-15.346340817925277,-14.746274449490095,-27.888140355465232,-5.300761114565306,-16.934491723194924,-12.612696595151291,-26.98881365745595
160,2025-07-09,-10.692311545326763,-9.339281450536575,-5.167683189457699,-21.325558283793395,4.9251267558562795,5.119871092830175,10.189621746753794,6.571641870808661,-11.11744832687744,5.81496072553618,-19.826841050489215,7.18757144218672,-5.767184789470484,-15.617438301183043,-4.2194103577063995,-14.45915254336675,5.021938557296095,-15.357304936211492,-14.753916412984733,-27.897200154602057,-5.3024876013412605,-16.932409052413618,-12.639269608302495,-27.014412492675934
161,2025-07-10,-10.689960130468291,-9.341834703463741,-5.176789145194864,-21.334616757914354,4.927654438136794,5.118714109837967,10.193114247145095,6.572608340086799,-11.115330731808328,5.814483226543787,-19.856866458887524,7.186946896471425,-5.7623056923314975,-15.617614568605084,-4.223120593625774,-14.460548813301708,5.016325101950231,-15.36990339233996,-14.762008417827555,-27.907225098001152,-5.3008475052645405,-16.929813958352113,-12.669919562416098,-27.04381335535895
162,2025-07-11,-10.686226167763772,-9.344243066420267,-5.1853692828821965,-21.342257097278775,4.929669431113007,5.117454968408654,10.196395027243534,6.572628203950933,-11.112676212030774,5.8139787772213865,-19.89132139714327,7.186128670613995,-5.756556736650765,-15.61589559887678,-4.226788098011613,-14.46169803482892,5.011025744361338,-15.381764310125732,-14.769628893327841,-27.91488530122971,-5.298697434809387,-16.92665498925216,-12.705192726529274,-27.077450067757262
163,2025-07-12,-10.685605293231205,-9.346480898130032,-5.197870192408505,-21.350445907752704,4.9302654557693595,5.116084949649215,10.195907079798378,6.572811522858996,-11.115354989803148,5.808946495163632,-19.916057399310578,7.169977918964936,-5.755339837461846,-15.615870749000564,-4.230395948480817,-14.462565847779247,4.998036887389873,-15.393777272206883,-14.777634384893709,-27.9232574306117,-5.306408494639516,-16.92430148496678,-12.746079480345642,-27.086035318275513
164,2025-07-13,-10.834305821535438,-10.924124622192682,-5.527799884353827,-23.615926021522917,4.949317948198988,4.792663272824704,9.584462658306895,6.933610933103456,-14.229670622428866,8.325825848130746,-22.563846672584077,5.6553340725901045,-5.884987873336449,-15.783623769734426,-6.131461349367978,-15.716787895017386,4.056662773953068,-15.112262542660723,-16.68231508841946,-30.549536954626372,-5.90384477429812,-22.55549647055961,-16.908512599993973,-28.21918074517418
165,2025-07-14,-11.18779904125595,-10.166966099417726,-6.033642410068678,-23.980550454089304,4.400108206887962,5.0279500491706655,8.811299240744566,6.283329436162598,-14.876697263818517,7.228487946707594,-22.787682536594307,5.633523165177488,-6.787690834367988,-15.587907248143912,-5.1390160502470605,-15.19491614858839,2.7776568306758875,-14.844941650813244,-17.697221017926708,-30.2638798902519,-7.648209317110923,-22.105185210526113,-17.154159371416817,-28.421205701771797
166,2025-07-15,-11.187371986456371,-10.168177145756315,-6.042299352346485,-23.98805910472673,4.399423412896704,5.026898232909862,8.811426248329507,6.282914495844166,-13.743161601168357,7.820055379851043,-22.798468502581894,5.623095691185912,-6.787948573559667,-15.586795399353075,-5.141278912846453,-15.195075378666179,2.769126895983022,-14.853725600675993,-17.705144608882563,-30.270973600570898,-5.923106221317314,-21.5632169810194,-17.17537281139598,-28.421564193767807
167,2025-07-16,-11.978354337961216,-10.181175257439634,-5.707380089938783,-24.574846115652868,4.290466534476867,5.053322734220347,8.03354175522775,7.436563977081603,-17.642356727837832,9.278014021156773,-21.143743823933267,6.054888648651618,-7.687887803484349,-16.268820872438084,-5.127852523219286,-15.234497991659982,2.326161665288967,-13.740921845166532,-17.138282138571263,-32.01141009273447,-8.36434270668106,-26.920370748994607,-15.08885517528165,-27.198632472584883
168,2025-07-17,-11.978851390306998,-10.182013179975003,-5.715257235177266,-24.58208647387713,4.289433244259327,5.052523566820542,8.032957533814548,7.437294949766339,-17.647592211380605,9.27660794249015,-21.152926313475316,6.048525146235574,-7.689418146047671,-16.268284634566324,-5.129489613154461,-15.234536746795545,2.3177002986372814,-13.748214768991815,-17.14479152411079,-32.019381423643466,-8.370984268890455,-26.924200153870757,-15.104401167239743,-27.20145145971089
169,2025-07-18,-13.572136309729414,-10.181868160614574,-7.126533994378149,-25.061308501918116,4.536603044578068,5.052871514455981,7.320462006356922,6.891000100131018,-17.739793278412836,8.029913983393973,-22.057766114683474,4.42374137229776,-9.035533265151347,-18.10873935430748,-5.128996646158593,-15.234739675070553,0.19392801197877318,-14.446996000735071,-18.170308401787096,-31.952308602049136,-9.709879295018863,-25.769707261806808,-17.634024742385712,-26.481507486981236
170,2025-07-19,-13.572849438337276,-10.181607075151865,-7.13241629659451,-25.06617598143863,4.536379189535425,5.0533121163706305,7.319930086854348,6.892394062230702,-17.7418760196569,8.031258288946663,-22.06166306808526,4.421798854614832,-9.036470248801852,-18.1092286278727,-5.128294958781234,-15.234919191522495,0.18751379025983805,-14.452346383448859,-18.173781919207926,-31.958570043669333,-9.710617730710236,-25.773134308603563,-17.639864213470428,-26.48346192270009
171,2025-07-20,-13.452023098380376,-10.002517374899305,-6.824644120292338,-24.73496734384068,4.803261011115597,5.08681595844602,7.525584317469263,7.142539034250164,-17.316710805262698,8.332781080593136,-21.84815964105308,4.483928421999862,-8.648762087264778,-18.255284109495975,-4.9157014164532855,-15.089333333345326,0.7009401971769247,-14.3502284377616,-17.592428309590517,-31.877506378090843,-8.983929724669562,-25.649491885855834,-17.364231219053217,-26.332088063052943
172,2025-07-21,-13.78347243437252,-10.544865373802574,-7.33537657709066,-25.381801418338934,5.317313467367379,4.6309499850210685,7.989391954095457,6.376965872305198,-18.452101916334062,7.986339437477621,-21.8526491293562,4.481896000099389,-8.466158967005141,-19.100785901739897,-5.913915388781506,-15.175815358823643,0.6540153770047974,-15.324768531186116,-19.004835546033735,-31.758767290644133,-10.46576247885644,-26.438441353811683,-17.370753129256812,-26.33454512945559
173,2025-07-22,-13.53155079334502,-10.544606632832242,-6.93628677075378,-25.38597306964382,5.169540963890919,4.631283070176558,7.788756447957954,6.377217431723582,-18.1770835603887,7.612185358619512,-21.857572249434888,4.47964757579601,-8.3620098294541,-18.701091757235936,-5.913323562655684,-15.1758897030088,0.8524696772041738,-14.725043218711733,-19.00875563792024,-31.763190501367404,-10.564898201769186,-25.78926891900821,-17.37792467363888,-26.337219825230896
174,2025-07-23,-13.533463979672513,-10.544305204075016,-6.9414493931684,-25.39070292843452,5.1692961667739485,4.6316334956705525,7.788520786927538,6.37748987544159,-18.180160153776637,7.613317007652074,-21.862966942051635,4.477162426366503,-8.364167812898565,-18.70276014644646,-5.9126717084044635,-15.175938699745569,0.8470713937591388,-14.729970180095938,-19.01321305299293,-31.76819280387611,-10.566843146124562,-25.79347716142871,-17.38580451568513,-26.34012936841814
175,2025-07-24,-13.535755693975794,-10.54395664137355,-6.947229929174849,-25.39604726817668,5.169018155564708,4.632002303199089,7.788205147057337,6.377784057332163,-18.183795468839914,7.614524341367218,-21.868874645305777,4.474417661162186,-8.366737538411087,-18.7047738495405,-5.911954338174461,-15.175958944572638,0.8409752178824874,-14.735435076232186,-19.018263210844516,-31.773831325508844,-10.569271127472696,-25.798319810207133,-17.39445698414359,-26.343292306467962
176,2025-07-25,-13.538269291770627,-10.543556052799898,-6.952282427853502,-25.39944786640976,5.168179190959392,4.632390631551938,7.788016286596396,6.378665835184786,-18.188183935644318,7.614956070489949,-21.873769409923003,4.470325975240356,-8.370090100811236,-18.706448482730018,-5.9111654212479605,-15.175946684351835,0.835733858742894,-14.7402987144499,-19.02078203122497,-31.778113701594545,-10.573227865154369,-25.803140006134267,-17.403443434682647,-26.34409538516336
177,2025-07-26,-13.541220166349927,-10.543098045251128,-6.959503878476995,-25.40271540018054,5.167232068266694,4.632799730454261,7.787720850787943,6.3795407084216516,-18.193267322888676,7.615101916123652,-21.879063883617743,4.46579443188889,-8.373988098083233,-18.708452234616622,-5.910298314796867,-15.175897775705389,0.8282169723109485,-14.74722472926494,-19.02317469175889,-31.78225610860219,-10.578165406765024,-25.80836923901233,-17.41326945172885,-26.344858315506634
178,2025-07-27,-13.440336492971454,-10.542576659703677,-6.7352914643431925,-25.40635584726967,5.357695252871082,4.633230976784825,7.760036241689469,6.380511554782991,-17.800555499333093,7.984360567053705,-20.959671623457993,5.606686279440946,-8.082641240100372,-18.798031745842536,-5.909345682918852,-15.175807636488502,1.0247447773462763,-14.495327706032661,-19.025844292486678,-31.78686740205266,-9.816194932279387,-25.7849160663868,-15.352985344017046,-26.56635790289894
179,2025-07-28,-13.608153390492966,-10.54186697162225,-6.700974062454334,-26.121019987341676,5.1772681588154414,4.632852444881268,7.133913819757382,5.843676831512397,-17.73833252559743,7.358690278636833,-20.965396130349315,5.603255132376,-8.430885231677525,-18.785421549308406,-5.909014526740982,-15.174719416503518,0.432939757303048,-13.834887882211715,-20.27734315582928,-31.964696818854073,-10.379642246960596,-25.09702280423426,-15.362140997973317,-26.568651262725314
180,2025-07-29,-13.606579050198372,-10.541065260278527,-6.6445093317462485,-26.12227776592137,5.155405729004093,4.632391277579166,7.139012615056538,5.845200187053623,-17.745232525740523,7.3218638469337565,-20.971411990845155,5.599620651536789,-8.451173321194279,-18.761984779202464,-5.908673982699361,-15.173456537857692,0.4945032833102898,-13.783521946802786,-20.277077578867747,-31.967477952974996,-10.423368678806767,-25.06709637267428,-15.371791339308366,-26.571032642381944
181,2025-07-30,-13.60921903757436,-10.540161998367031,-6.735077524764938,-26.264741898181722,5.154622172564708,4.6318380886173145,7.129220069572485,5.845363669775334,-17.99747922391663,7.4928874732871265,-20.97348825514154,5.597850568119393,-8.454596865009652,-18.763841210139066,-5.908323909749717,-15.172000086984346,0.39414254480754707,-13.864297594337422,-20.419378228406387,-32.110105567957056,-10.504591750629505,-25.490366697203758,-15.375637687022147,-26.57133882326093
182,2025-07-31,-13.533929130876245,-10.53914657662945,-6.7505985603830165,-26.16512873087239,5.0402792950416675,4.631182417771079,6.960888039953807,5.618979124327479,-18.00195029177876,7.493477739273042,-20.05048952634759,5.407524890676758,-8.493649835834578,-18.574208425917913,-5.907964158858372,-15.17032899440053,0.21028947957079058,-13.711486600336823,-20.54614960654491,-31.78410785519987,-10.508472552505715,-25.4954280310518,-14.642964635670833,-25.458014417024348
183,2025-08-01,-13.536672971878502,-10.540091575620249,-6.753372411531587,-26.166383524224706,5.038721477218539,4.629894925450673,6.959908781980614,5.618604452091551,-18.006979263885995,7.494064043380242,-20.052112472916715,5.406427838167756,-8.497951494659963,-18.57539444909704,-5.910196650169576,-15.169986501070921,0.20653637044902684,-13.713281193512202,-20.547779072133153,-31.78498797631626,-10.512915220505754,-25.501043307266237,-14.645684634748958,-25.45854031108447
184,2025-08-02,-13.539332504376477,-10.539676376498827,-6.755961244810342,-26.167835958933335,5.03679829887448,4.628384802902895,6.9582479326717035,5.618025138062129,-18.012292739783067,7.494076253692077,-20.05335047599668,5.40530050579714,-8.502534205501997,-18.576130803250955,-5.911291573595932,-15.168061179401722,0.2022866878613616,-13.714209177482045,-20.549810820871205,-31.785861096995465,-10.51821648609099,-25.506368993475142,-14.64804997019954,-25.45865098179382
185,2025-08-03,-12.846783280433689,-11.211853426546437,-6.472503107087266,-25.65893693416114,5.149856264941366,4.3021776274050305,7.17875481366853,5.3328218242882945,-16.24831043159487,8.240357783139556,-20.054151632522608,5.404143013094925,-7.696927015492323,-17.996639545375054,-6.909675799141406,-15.514031053951467,0.7062517065812646,-13.651257920755796,-20.326115109872845,-30.991758758449436,-8.007952648455314,-24.488668214734425,-14.650008619427684,-25.45829464561753
186,2025-08-04,-12.815524298689628,-11.209729125070181,-6.377243883655685,-25.498644568564128,4.905987999720593,4.302322695810617,6.818738951160869,4.962810042036864,-16.25194290401764,8.241548087089132,-21.108984916522704,4.7727320803301225,-7.9095362989690345,-17.72151229841022,-6.907406429259564,-15.5120518208808,0.4414950675051843,-13.195982834816554,-20.535834526527264,-30.461454610600992,-8.010394816928507,-24.49349099110677,-16.336252836192582,-25.881716996852827
187,2025-08-05,-12.816875250544715,-11.207502031677013,-6.3780506763016565,-25.49979803262642,4.906007881026548,4.302379859311024,6.816491709717928,4.961436501928379,-16.255585629684745,8.24292229363939,-21.10883540698084,4.771796035468789,-7.910867369518167,-17.722883131571265,-6.905122172365989,-15.509881890988037,0.4384410334162716,-13.194542386019585,-20.53836153069804,-30.461234534554798,-8.012663336045355,-24.498507923324134,-16.337039371512052,-25.88063144244963
188,2025-08-06,-12.818244839789177,-11.205165007408544,-6.3786786764483185,-25.500997787998255,4.90600217075804,4.302337376293499,6.813755521363063,4.959642856497859,-16.259228777311712,8.244499707117855,-21.108461785282824,4.770775125131928,-7.912242669031137,-17.724247010547217,-6.902827631115045,-15.507502383702043,0.43507684491474485,-13.192434197811382,-20.541354931500397,-30.460640644496113,-8.014729070193857,-24.503728484429566,-16.337686660150894,-25.879236910414754
189,2025-08-07,-12.819177311936643,-11.202709983302778,-6.378439232034166,-25.50224599714201,4.906300417029784,4.302182114328968,6.810949073125446,4.957380506398518,-16.26194767125791,8.24681736024336,-21.10783699323986,4.7696617852253995,-7.9128768949068595,-17.72547772896643,-6.9005278689738105,-15.504892097631746,0.43250984109127977,-13.189388305159612,-20.54486549074349,-30.459626503540527,-8.01513031101455,-24.50876503150127,-16.338175208014462,-25.87749877846526
190,2025-08-08,-12.821069965468848,-11.204753426023638,-6.3772414740691,-25.505633565997883,4.906786395044625,4.302165568447926,6.806263903964364,4.954892190274581,-16.264689120705714,8.247153745879983,-21.106931222553442,4.768447633045435,-7.914283570424223,-17.72785636051347,-6.902587857575712,-15.506918994471564,0.42902242989526407,-13.183505378033464,-20.5507413757233,-30.460525756272464,-8.017535374825732,-24.511842866585695,-16.33848358950801,-25.875378855598875
191,2025-08-09,-12.823846280150175,-11.208557678568972,-6.37775583612971,-25.509339962947525,4.907062501228053,4.301157411551189,6.801434430459299,4.951861803399848,-16.267344385168915,8.246284562485261,-21.10571157275552,4.767123344277262,-7.916783778922122,-17.730908781378226,-6.907400267017784,-15.50971509012016,0.4236785943295889,-13.179190266589009,-20.557478159547678,-30.461201766347372,-8.021059822683654,-24.513628947654176,-16.338588228478258,-25.872834917032783
192,2025-08-10,-12.827045054793036,-11.212413742670378,-6.378718298285018,-25.51339471571689,4.906343737202968,4.297797720859913,6.794605803762649,4.948227940674454,-16.269678970524172,8.245184758679267,-21.104141649575958,4.7656785062272755,-7.920701317590068,-17.733388791996003,-6.914616021810465,-15.510211463530291,0.415887505477631,-13.173324102047667,-20.565166775042435,-30.46162265639134,-8.024494211844905,-24.51486372920344,-16.338463143348683,-25.869820155803232
193,2025-08-11,-12.830471187352096,-11.215474995562644,-6.378955012027955,-25.517097204522994,4.905498898801508,4.295542043089629,6.787004995888704,4.9444375511866845,-16.27179737426848,8.243954807037266,-21.102181090918226,4.764101441899862,-7.924972288550588,-17.735970086153603,-6.919932952473015,-15.511017038652273,0.4080499838607494,-13.16596000791666,-20.57265965333631,-30.46153475570968,-8.027842567231215,-24.515752181305746,-16.338079649018365,-25.866282532818087
