,Date,approve_mean,disapprove_mean,approve_CI_upper,approve_CI_lower,disapprove_CI_upper,disapprove_CI_lower
0,2024-01-01,37.95809983481682,48.90026805399286,42.958432050937546,32.957767618696096,52.80184060856069,44.99869549942503
1,2024-01-02,39.21373558208023,48.013687397500725,44.68589426909829,33.741576895062174,51.28602835535475,44.7413464396467
2,2024-01-03,39.213735582080226,48.013687397500725,44.685894269098284,33.74157689506217,51.28602835535475,44.7413464396467
3,2024-01-04,39.21373558208023,48.01368739750073,44.68589426909829,33.741576895062174,51.28602835535476,44.741346439646705
4,2024-01-05,39.213735582080226,48.013687397500725,44.685894269098284,33.74157689506217,51.28602835535475,44.7413464396467
5,2024-01-06,39.213735582080226,48.01368739750073,44.685894269098284,33.74157689506217,51.28602835535476,44.741346439646705
6,2024-01-07,39.213735582080226,48.01368739750073,44.685894269098284,33.74157689506217,51.28602835535476,44.741346439646705
7,2024-01-08,39.213735582080226,48.013687397500725,44.685894269098284,33.74157689506217,51.28602835535475,44.7413464396467
8,2024-01-09,40.46690087213605,46.06895959437194,46.30177313259586,34.63202861167624,52.36577909498813,39.77214009375575
9,2024-01-10,40.46690087213605,46.06895959437194,46.30177313259586,34.63202861167624,52.36577909498813,39.77214009375575
10,2024-01-11,40.46690087213606,46.06895959437195,46.30177313259587,34.63202861167625,52.365779094988135,39.77214009375576
11,2024-01-12,40.46690087213605,46.06895959437194,46.30177313259586,34.63202861167624,52.36577909498813,39.77214009375575
12,2024-01-13,40.46690087213605,46.06895959437194,46.30177313259586,34.63202861167624,52.36577909498813,39.77214009375575
13,2024-01-14,40.46690087213605,46.06895959437194,46.30177313259586,34.63202861167624,52.36577909498813,39.77214009375575
14,2024-01-15,40.46690087213605,46.06895959437194,46.30177313259586,34.63202861167624,52.36577909498813,39.77214009375575
15,2024-01-16,39.75378438764981,45.966359001133625,44.970467326543165,34.53710144875645,51.16067435460489,40.77204364766236
16,2024-01-17,39.753784387649816,45.96635900113363,44.97046732654317,34.53710144875646,51.1606743546049,40.772043647662365
17,2024-01-18,39.75378438764981,45.96635900113363,44.97046732654316,34.53710144875646,51.1606743546049,40.772043647662365
18,2024-01-19,39.75378438764981,45.96635900113363,44.970467326543165,34.53710144875645,51.1606743546049,40.772043647662365
19,2024-01-20,39.753784387649816,45.96635900113363,44.97046732654317,34.53710144875646,51.1606743546049,40.772043647662365
20,2024-01-21,39.75378438764981,45.96635900113363,44.970467326543165,34.53710144875645,51.1606743546049,40.772043647662365
21,2024-01-22,39.753784387649816,45.96635900113364,44.97046732654317,34.53710144875646,51.16067435460491,40.77204364766237
22,2024-01-23,39.589963541887755,46.22118375226773,43.90022355714156,35.27970352663395,50.5484141437302,41.893953360805256
23,2024-01-24,39.58996354188777,46.22118375226774,43.90022355714157,35.279703526633966,50.54841414373021,41.89395336080527
24,2024-01-25,39.58996354188777,46.22118375226773,43.90022355714157,35.279703526633966,50.5484141437302,41.893953360805256
25,2024-01-26,39.58996354188777,46.221183752267734,43.90022355714157,35.279703526633966,50.548414143730206,41.89395336080526
26,2024-01-27,39.58996354188777,46.22118375226773,43.90022355714157,35.279703526633966,50.5484141437302,41.893953360805256
27,2024-01-28,39.589963541887755,46.22118375226773,43.90022355714156,35.27970352663395,50.5484141437302,41.893953360805256
28,2024-01-29,39.58996354188777,46.22118375226773,43.90022355714157,35.279703526633966,50.5484141437302,41.893953360805256
29,2024-01-30,37.7597344532491,48.50031272414753,46.05817547944483,29.461293427053377,55.47403806171453,41.52658738658052
30,2024-01-31,37.7597344532491,48.500312724147534,46.05817547944483,29.461293427053377,55.47403806171454,41.52658738658053
31,2024-02-01,37.7597344532491,48.50031272414755,46.05817547944483,29.461293427053377,55.47403806171455,41.526587386580545
32,2024-02-02,37.7597344532491,48.50031272414754,46.05817547944483,29.461293427053377,55.474038061714545,41.52658738658054
33,2024-02-03,37.7597344532491,48.500312724147534,46.05817547944483,29.461293427053377,55.47403806171454,41.52658738658053
34,2024-02-04,37.759734453249095,48.50031272414753,46.05817547944482,29.46129342705337,55.47403806171453,41.52658738658052
35,2024-02-05,37.759734453249095,48.50031272414753,46.05817547944482,29.46129342705337,55.47403806171453,41.52658738658052
36,2024-02-06,38.169218474538056,48.56891992640331,45.35547645562339,30.982960493452723,54.511781304389594,42.62605854841703
37,2024-02-07,38.169218474538056,48.568919926403304,45.35547645562339,30.982960493452723,54.51178130438959,42.62605854841702
38,2024-02-08,38.169218474538056,48.56891992640331,45.35547645562339,30.982960493452723,54.511781304389594,42.62605854841703
39,2024-02-09,38.169218474538056,48.56891992640331,45.35547645562339,30.982960493452723,54.511781304389594,42.62605854841703
40,2024-02-10,38.169218474538056,48.56891992640331,45.35547645562339,30.982960493452723,54.511781304389594,42.62605854841703
41,2024-02-11,38.16921847453805,48.568919926403304,45.35547645562338,30.982960493452715,54.51178130438959,42.62605854841702
42,2024-02-12,38.16921847453805,48.56891992640331,45.35547645562338,30.982960493452715,54.511781304389594,42.62605854841703
43,2024-02-13,40.44718986743609,46.887424795750334,48.215555645376455,32.67882408949572,52.941568638837495,40.83328095266317
44,2024-02-14,40.44718986743609,46.887424795750334,48.215555645376455,32.67882408949572,52.941568638837495,40.83328095266317
45,2024-02-15,40.3097247594477,50.918199412341075,46.7874085448255,33.83204097406989,63.80284075726461,38.03355806741754
46,2024-02-16,40.309724759447704,50.91819941234108,46.78740854482551,33.8320409740699,63.80284075726462,38.033558067417545
47,2024-02-17,40.309724759447704,50.918199412341075,46.78740854482551,33.8320409740699,63.80284075726461,38.03355806741754
48,2024-02-18,40.309724759447704,50.918199412341075,46.78740854482551,33.8320409740699,63.80284075726461,38.03355806741754
49,2024-02-19,40.309724759447704,50.918199412341075,46.78740854482551,33.8320409740699,63.80284075726461,38.03355806741754
50,2024-02-20,41.47088149747091,48.539658660425324,48.892237455445766,34.04952553949606,63.47334428342752,33.60597303742313
51,2024-02-21,41.470881497470906,48.53965866042532,48.89223745544576,34.04952553949605,63.47334428342751,33.60597303742313
52,2024-02-22,41.47088149747091,48.539658660425324,48.892237455445766,34.04952553949606,63.47334428342752,33.60597303742313
53,2024-02-23,41.470881497470906,48.53965866042532,48.89223745544576,34.04952553949605,63.47334428342751,33.60597303742313
54,2024-02-24,41.470881497470906,48.53965866042532,48.892237455445766,34.049525539496045,63.47334428342751,33.60597303742313
55,2024-02-25,41.470881497470906,48.53965866042532,48.89223745544576,34.04952553949605,63.47334428342751,33.60597303742313
56,2024-02-26,41.47088149747091,48.539658660425324,48.892237455445766,34.04952553949606,63.473344283427515,33.605973037423134
57,2024-02-27,40.71992636388477,48.58870017557669,47.74564583937651,33.694206888393026,61.66726881263402,35.51013153851936
58,2024-02-28,40.71992636388477,48.58870017557668,47.74564583937651,33.694206888393026,61.667268812634006,35.51013153851936
59,2024-02-29,40.71992636388477,48.58870017557668,47.74564583937651,33.694206888393026,61.667268812634006,35.51013153851936
60,2024-03-01,40.71992636388477,48.58870017557669,47.74564583937651,33.694206888393026,61.66726881263402,35.51013153851936
61,2024-03-02,40.71992636388476,48.58870017557668,47.7456458393765,33.69420688839302,61.667268812634006,35.51013153851936
62,2024-03-03,40.71992636388477,48.58870017557669,47.74564583937651,33.694206888393026,61.66726881263402,35.51013153851936
63,2024-03-04,40.71992636388476,48.58870017557668,47.7456458393765,33.69420688839302,61.667268812634006,35.51013153851936
64,2024-03-05,40.60202245847036,48.378271406790915,46.695923994133736,34.50812092280698,59.720267861195644,37.03627495238619
65,2024-03-06,40.60202245847037,48.37827140679093,46.69592399413375,34.508120922806995,59.72026786119566,37.0362749523862
66,2024-03-07,40.60202245847036,48.37827140679092,46.695923994133736,34.50812092280698,59.72026786119565,37.036274952386194
67,2024-03-08,40.60202245847036,48.378271406790915,46.695923994133736,34.50812092280698,59.720267861195644,37.03627495238619
68,2024-03-09,40.60202245847037,48.37827140679094,46.69592399413375,34.508120922806995,59.720267861195666,37.03627495238621
69,2024-03-10,40.60202245847037,48.37827140679093,46.69592399413375,34.508120922806995,59.72026786119566,37.0362749523862
70,2024-03-11,41.92176178367102,47.05768705654554,48.53005461921405,35.313468948128,56.728603985003126,37.38677012808795
71,2024-03-12,42.81835597168653,46.08258387070063,49.346754286610505,36.28995765676255,54.725084873947814,37.44008286745345
72,2024-03-13,42.81835597168653,46.08258387070063,49.346754286610505,36.28995765676255,54.725084873947814,37.44008286745345
73,2024-03-14,42.818355971686515,46.082583870700624,49.34675428661049,36.28995765676254,54.72508487394781,37.44008286745344
74,2024-03-15,42.81835597168652,46.08258387070063,49.3467542866105,36.289957656762546,54.725084873947814,37.44008286745345
75,2024-03-16,42.81835597168653,46.08258387070063,49.346754286610505,36.28995765676255,54.725084873947814,37.44008286745345
76,2024-03-17,42.81835597168653,46.08258387070063,49.346754286610505,36.28995765676255,54.725084873947814,37.44008286745345
77,2024-03-18,42.81835597168653,46.08258387070063,49.346754286610505,36.28995765676255,54.725084873947814,37.44008286745345
78,2024-03-19,41.454979971703246,46.84381958237515,49.26745633747775,33.64250360592874,55.07107682284527,38.61656234190502
79,2024-03-20,41.454979971703246,46.843819582375154,49.26745633747775,33.64250360592874,55.07107682284528,38.61656234190503
80,2024-03-21,41.45497997170324,46.84381958237515,49.267456337477746,33.64250360592873,55.07107682284527,38.61656234190502
81,2024-03-22,41.454979971703246,46.843819582375154,49.26745633747775,33.64250360592874,55.07107682284528,38.61656234190503
82,2024-03-23,41.454979971703246,46.843819582375154,49.26745633747775,33.64250360592874,55.07107682284528,38.61656234190503
83,2024-03-24,41.454979971703246,46.843819582375154,49.26745633747775,33.64250360592874,55.07107682284528,38.61656234190503
84,2024-03-25,38.98629071130919,49.769499530839866,49.396954901135594,28.575626521482782,61.560661289106505,37.97833777257323
85,2024-03-26,37.70445709363086,51.001862623897374,47.75189138600729,27.657022801254428,61.74850138502594,40.25522386276881
86,2024-03-27,37.70445709363086,51.00186262389735,47.75189138600729,27.657022801254428,61.74850138502592,40.25522386276879
87,2024-03-28,40.88587555522145,51.685729203951695,52.76550074815531,29.006250362287595,60.597308716042285,42.774149691861105
88,2024-03-29,40.88587555522145,51.6857292039517,52.76550074815531,29.006250362287595,60.59730871604229,42.77414969186111
89,2024-03-30,40.885875555221446,51.685729203951695,52.765500748155304,29.006250362287588,60.597308716042285,42.774149691861105
90,2024-03-31,40.885875555221446,51.685729203951695,52.765500748155304,29.006250362287588,60.597308716042285,42.774149691861105
91,2024-04-01,40.88587555522144,51.68572920395168,52.7655007481553,29.00625036228758,60.59730871604227,42.77414969186109
92,2024-04-02,39.935138580321976,51.98148197322479,51.83766968951894,28.03260747112501,60.35091618684861,43.61204775960097
93,2024-04-03,39.93513858032198,51.9814819732248,51.83766968951895,28.032607471125022,60.35091618684862,43.61204775960098
94,2024-04-04,39.935138580321976,51.98148197322479,51.83766968951894,28.03260747112501,60.35091618684861,43.61204775960097
95,2024-04-05,39.93513858032198,51.981481973224795,51.83766968951895,28.032607471125022,60.35091618684861,43.61204775960098
96,2024-04-06,39.93513858032196,51.98148197322478,51.83766968951892,28.032607471125,60.35091618684859,43.61204775960097
97,2024-04-07,39.935138580321976,51.98148197322479,51.83766968951893,28.032607471125015,60.35091618684861,43.61204775960097
98,2024-04-08,39.93513858032199,51.981481973224795,51.837669689518954,28.032607471125026,60.35091618684861,43.61204775960098
99,2024-04-09,39.28727988794601,51.7649836561416,50.43732053429024,28.13723924160179,59.41854736908511,44.111419943198094
100,2024-04-10,39.28727988794602,51.76498365614161,50.437320534290244,28.137239241601797,59.41854736908512,44.1114199431981
101,2024-04-11,39.28727988794601,51.7649836561416,50.43732053429024,28.13723924160179,59.41854736908511,44.111419943198094
102,2024-04-12,39.28727988794601,51.76498365614161,50.43732053429024,28.13723924160179,59.41854736908512,44.1114199431981
103,2024-04-13,39.28727988794601,51.7649836561416,50.43732053429024,28.13723924160179,59.41854736908511,44.111419943198094
104,2024-04-14,39.287279887946006,51.7649836561416,50.43732053429023,28.137239241601783,59.418547369085104,44.1114199431981
105,2024-04-15,39.28727988794601,51.76498365614161,50.43732053429024,28.13723924160179,59.41854736908512,44.1114199431981
106,2024-04-16,38.88715064835631,51.11544300271149,48.52700657941442,29.247294717298203,57.88931341622531,44.34157258919766
107,2024-04-17,38.887150648356325,51.11544300271149,48.52700657941443,29.247294717298217,57.88931341622531,44.34157258919766
108,2024-04-18,38.88715064835633,51.11544300271149,48.52700657941444,29.247294717298224,57.88931341622531,44.34157258919766
109,2024-04-19,38.88715064835631,51.11544300271148,48.52700657941442,29.247294717298203,57.889313416225306,44.34157258919765
110,2024-04-20,38.887150648356325,51.11544300271149,48.52700657941443,29.247294717298217,57.88931341622531,44.34157258919766
111,2024-04-21,38.88715064835631,51.11544300271149,48.52700657941442,29.247294717298203,57.88931341622531,44.34157258919766
112,2024-04-22,38.887150648356325,51.11544300271149,48.52700657941443,29.247294717298217,57.88931341622531,44.34157258919766
113,2024-04-23,38.127320606588924,51.665823162024665,47.177870532376424,29.076770680801424,58.04596164043266,45.28568468361667
114,2024-04-24,38.12732060658892,51.66582316202465,47.17787053237642,29.076770680801417,58.045961640432644,45.28568468361666
115,2024-04-25,38.127320606588924,51.665823162024644,47.177870532376424,29.076770680801424,58.04596164043264,45.28568468361665
116,2024-04-26,38.12732060658891,51.665823162024644,47.17787053237641,29.07677068080141,58.04596164043264,45.28568468361665
117,2024-04-27,38.127320606588924,51.66582316202465,47.177870532376424,29.076770680801424,58.045961640432644,45.28568468361666
118,2024-04-28,38.127320606588924,51.66582316202465,47.177870532376424,29.076770680801424,58.045961640432644,45.28568468361666
119,2024-04-29,38.127320606588924,51.66582316202465,47.177870532376424,29.076770680801424,58.045961640432644,45.28568468361666
120,2024-04-30,37.18232087241938,51.44261421634476,45.70250764546684,28.662134099371926,57.044306938588726,45.84092149410079
121,2024-05-01,37.182320872419375,51.44261421634477,45.70250764546684,28.662134099371915,57.04430693858875,45.8409214941008
122,2024-05-02,37.182320872419375,51.442614216344765,45.70250764546683,28.66213409937192,57.04430693858874,45.84092149410079
123,2024-05-03,37.18232087241939,51.44261421634477,45.70250764546685,28.66213409937193,57.04430693858875,45.8409214941008
124,2024-05-04,37.182320872419375,51.442614216344765,45.70250764546683,28.66213409937192,57.04430693858873,45.8409214941008
125,2024-05-05,37.182320872419375,51.442614216344765,45.70250764546684,28.662134099371915,57.04430693858873,45.8409214941008
126,2024-05-06,37.182320872419375,51.44261421634476,45.70250764546683,28.66213409937192,57.04430693858873,45.84092149410078
127,2024-05-07,35.84853515068611,52.066571637683424,44.298472461578065,27.398597839794157,57.255859754277154,46.877283521089694
128,2024-05-08,35.84853515068612,52.06657163768344,44.29847246157807,27.398597839794164,57.25585975427717,46.87728352108971
129,2024-05-09,35.84853515068612,52.06657163768344,44.29847246157807,27.398597839794164,57.25585975427716,46.877283521089716
130,2024-05-10,35.84853515068611,52.066571637683424,44.298472461578065,27.398597839794157,57.255859754277154,46.877283521089694
131,2024-05-11,35.84853515068612,52.06657163768344,44.29847246157807,27.398597839794164,57.25585975427717,46.87728352108971
132,2024-05-12,35.84853515068612,52.06657163768344,44.29847246157807,27.398597839794164,57.25585975427717,46.87728352108971
133,2024-05-13,35.84853515068612,52.06657163768344,44.29847246157807,27.39859783979416,57.25585975427717,46.87728352108971
134,2024-05-14,36.13154132988342,51.52026453192295,42.89300125561676,29.370081404150078,55.68815121332564,47.352377850520256
135,2024-05-15,37.290368409637445,55.34997777958355,43.194508410258656,31.386228409016233,65.018373286898,45.68158227226909
136,2024-05-16,37.290368409637445,55.34997777958353,43.194508410258656,31.386228409016233,65.01837328689798,45.681582272269075
137,2024-05-17,37.290368409637445,55.34997777958355,43.194508410258656,31.386228409016233,65.018373286898,45.68158227226909
138,2024-05-18,37.290368409637445,55.34997777958354,43.194508410258656,31.386228409016233,65.018373286898,45.68158227226908
139,2024-05-19,37.290368409637445,55.349977779583554,43.194508410258656,31.38622840901623,65.01837328689801,45.6815822722691
140,2024-05-20,37.290368409637445,55.34997777958356,43.194508410258656,31.38622840901623,65.01837328689801,45.681582272269104
141,2024-05-21,36.59079614416993,54.89980290417121,42.73909016217892,30.44250212616094,63.90038261720528,45.89922319113714
142,2024-05-22,36.59079614416992,54.89980290417121,42.73909016217891,30.44250212616093,63.90038261720528,45.89922319113714
143,2024-05-23,36.59079614416992,54.89980290417121,42.73909016217891,30.44250212616093,63.90038261720528,45.89922319113714
144,2024-05-24,36.59079614416992,54.89980290417121,42.73909016217891,30.44250212616093,63.90038261720528,45.89922319113714
145,2024-05-25,36.59079614416992,54.89980290417121,42.73909016217891,30.44250212616093,63.90038261720528,45.89922319113714
146,2024-05-26,36.59079614416992,54.89980290417121,42.73909016217891,30.44250212616093,63.90038261720528,45.89922319113714
147,2024-05-27,36.59079614416992,54.899802904171196,42.73909016217891,30.44250212616093,63.90038261720527,45.899223191137125
148,2024-05-28,36.11303929582336,53.84872734971482,41.9014375189862,30.32464107266053,62.850176284078145,44.8472784153515
149,2024-05-29,36.100606184666695,53.2054300190441,41.561842983230676,30.63936938610271,62.423792921518725,43.98706711656948
150,2024-05-30,36.100606184666695,53.2054300190441,41.561842983230676,30.63936938610271,62.423792921518725,43.98706711656948
151,2024-05-31,36.100606184666695,53.2054300190441,41.561842983230676,30.63936938610271,62.423792921518725,43.98706711656948
152,2024-06-01,36.10060618466669,53.205430019044094,41.56184298323067,30.639369386102704,62.42379292151871,43.98706711656948
153,2024-06-02,36.10060618466669,53.2054300190441,41.56184298323067,30.639369386102704,62.423792921518725,43.98706711656948
154,2024-06-03,36.100606184666695,53.2054300190441,41.561842983230676,30.63936938610271,62.423792921518725,43.98706711656948
155,2024-06-04,35.488949753529475,52.6785667959043,40.84492426133905,30.132975245719898,61.08379126974464,44.27334232206397
156,2024-06-05,35.48894975352948,52.67856679590432,40.84492426133906,30.132975245719905,61.08379126974465,44.27334232206398
157,2024-06-06,35.48894975352949,52.67856679590432,40.84492426133907,30.132975245719912,61.08379126974465,44.27334232206398
158,2024-06-07,35.48894975352948,52.67856679590432,40.84492426133906,30.132975245719905,61.08379126974465,44.27334232206398
159,2024-06-08,35.488949753529475,52.67856679590431,40.84492426133905,30.132975245719898,61.083791269744644,44.273342322063975
160,2024-06-09,35.48894975352949,52.67856679590432,40.84492426133907,30.132975245719912,61.08379126974465,44.27334232206398
161,2024-06-10,35.488949753529475,52.6785667959043,40.84492426133905,30.132975245719898,61.08379126974464,44.27334232206397
162,2024-06-11,35.19930734074314,51.99392470258677,39.99893332282789,30.39968135865839,59.74205399939858,44.245795405774956
163,2024-06-12,35.19930734074313,51.99392470258676,39.99893332282788,30.399681358658384,59.74205399939857,44.24579540577495
164,2024-06-13,35.19930734074315,51.99392470258678,39.998933322827895,30.3996813586584,59.74205399939859,44.24579540577497
165,2024-06-14,35.19930734074315,51.99392470258678,39.998933322827895,30.3996813586584,59.74205399939859,44.24579540577497
166,2024-06-15,35.19930734074315,51.993924702586774,39.998933322827895,30.3996813586584,59.742053999398586,44.24579540577496
167,2024-06-16,35.19930734074315,51.99392470258677,39.998933322827895,30.3996813586584,59.74205399939858,44.245795405774956
168,2024-06-17,35.19930734074315,51.99392470258677,39.998933322827895,30.3996813586584,59.74205399939858,44.245795405774956
169,2024-06-18,35.21245930049792,51.411749535337485,39.343031144039955,31.081887456955883,58.35254108869467,44.4709579819803
170,2024-06-19,35.21245930049792,51.41174953533748,39.343031144039955,31.081887456955883,58.352541088694664,44.47095798198029
171,2024-06-20,35.21245930049792,51.411749535337485,39.343031144039955,31.081887456955883,58.35254108869467,44.4709579819803
172,2024-06-21,35.212459300497926,51.41174953533748,39.34303114403996,31.08188745695589,58.352541088694664,44.47095798198029
173,2024-06-22,35.21245930049792,51.41174953533748,39.343031144039955,31.081887456955883,58.352541088694664,44.47095798198029
174,2024-06-23,35.21245930049792,51.411749535337485,39.343031144039955,31.081887456955883,58.35254108869467,44.4709579819803
175,2024-06-24,35.54925844286023,52.15515904374067,39.08877672315398,32.00974016256648,58.26017289092856,46.050145196552776
176,2024-06-25,36.44774624335735,51.03424005953743,41.21386721307241,31.68162527364229,57.128145603917986,44.94033451515688
177,2024-06-26,36.447746243357344,51.03424005953743,41.213867213072405,31.681625273642283,57.128145603917986,44.94033451515688
178,2024-06-27,36.447746243357344,51.03424005953743,41.213867213072405,31.681625273642283,57.128145603917986,44.94033451515688
179,2024-06-28,36.44774624335734,51.03424005953743,41.2138672130724,31.681625273642275,57.12814560391798,44.940334515156884
180,2024-06-29,36.447746243357344,51.03424005953743,41.213867213072405,31.681625273642283,57.128145603917986,44.94033451515688
181,2024-06-30,36.44774624335734,51.03424005953743,41.2138672130724,31.681625273642275,57.12814560391798,44.940334515156884
182,2024-07-01,36.44774624335735,51.03424005953743,41.21386721307241,31.68162527364229,57.128145603917986,44.94033451515688
183,2024-07-02,36.931970527652574,50.75908841864368,41.63922691677675,32.2247141385284,55.87154293868032,45.646633898607035
184,2024-07-03,36.93197052765257,50.75908841864367,41.639226916776735,32.2247141385284,55.871542938680314,45.64663389860703
185,2024-07-04,36.93197052765258,50.759088418643685,41.63922691677675,32.22471413852841,55.87154293868033,45.64663389860704
186,2024-07-05,36.931970527652574,50.75908841864367,41.63922691677675,32.2247141385284,55.871542938680314,45.64663389860703
187,2024-07-06,36.931970527652574,50.759088418643685,41.63922691677675,32.2247141385284,55.87154293868033,45.64663389860704
188,2024-07-07,36.931970527652574,50.75908841864367,41.63922691677675,32.2247141385284,55.871542938680314,45.64663389860703
189,2024-07-08,36.93197052765257,50.75908841864367,41.639226916776735,32.2247141385284,55.871542938680314,45.64663389860703
190,2024-07-09,37.41166216305472,50.942171695953675,42.35467623707813,32.46864808903131,55.20548176358149,46.67886162832586
191,2024-07-10,37.600519183200085,52.55999704600843,42.12287160951783,33.07816675688234,60.20206163075561,44.917932461261245
192,2024-07-11,37.60051918320008,52.55999704600842,42.122871609517816,33.07816675688234,60.2020616307556,44.91793246126124
193,2024-07-12,37.60051918320009,52.55999704600844,42.12287160951784,33.07816675688235,60.20206163075562,44.91793246126126
194,2024-07-13,37.60051918320009,52.559997046008434,42.12287160951784,33.07816675688235,60.202061630755615,44.91793246126125
195,2024-07-14,37.6005191832001,52.55999704600844,42.122871609517844,33.078166756882354,60.20206163075562,44.91793246126126
196,2024-07-15,37.600519183200085,52.55999704600842,42.12287160951783,33.07816675688234,60.2020616307556,44.91793246126124
197,2024-07-16,36.80559985096686,52.594714056771785,42.05657438535316,31.55462531658055,59.50491696387745,45.68451114966612
198,2024-07-17,36.80559985096686,52.59471405677177,42.05657438535316,31.55462531658055,59.504916963877434,45.68451114966611
199,2024-07-18,36.80559985096686,52.59471405677178,42.05657438535316,31.55462531658055,59.50491696387744,45.684511149666115
200,2024-07-19,36.80559985096686,52.59471405677178,42.05657438535316,31.55462531658055,59.50491696387744,45.684511149666115
201,2024-07-20,36.80559985096686,52.59471405677178,42.05657438535316,31.55462531658055,59.50491696387744,45.684511149666115
202,2024-07-21,37.761486946656014,52.63943778218004,43.98879168629661,31.534182207015423,58.90470617875389,46.37416938560619
203,2024-07-22,37.76148694665601,52.639437782180025,43.9887916862966,31.534182207015416,58.90470617875387,46.37416938560618
204,2024-07-23,37.11379923894528,52.47538251811588,43.338919902233,30.888678575657565,58.17367109741591,46.777093938815845
205,2024-07-24,37.11379923894528,52.47538251811588,43.338919902233,30.888678575657565,58.17367109741591,46.777093938815845
206,2024-07-25,37.113799238945276,52.47538251811588,43.338919902232995,30.888678575657558,58.17367109741591,46.777093938815845
207,2024-07-26,37.113799238945276,52.475382518115865,43.338919902232995,30.888678575657558,58.1736710974159,46.77709393881583
208,2024-07-27,37.11379923894528,52.47538251811588,43.338919902233,30.888678575657565,58.17367109741591,46.777093938815845
209,2024-07-28,36.298033152837505,50.616570409002584,42.720855564785545,29.87521074088946,59.513696879197674,41.719443938807494
210,2024-07-29,36.298033152837505,50.616570409002584,42.720855564785545,29.87521074088946,59.513696879197674,41.719443938807494
211,2024-07-30,35.927075244468114,50.64073835858993,41.94127141043388,29.912879078502346,58.69251144125669,42.588965275923165
212,2024-07-31,35.927075244468114,50.640738358589914,41.94127141043388,29.912879078502346,58.69251144125668,42.58896527592315
213,2024-08-01,37.848307193599986,52.116570096010406,45.49740514579542,30.19920924140455,60.58265422125434,43.650485970766475
214,2024-08-02,37.84830719359998,52.116570096010406,45.49740514579541,30.199209241404546,60.58265422125434,43.650485970766475
215,2024-08-03,37.848307193599986,52.116570096010406,45.49740514579542,30.19920924140455,60.58265422125434,43.650485970766475
216,2024-08-04,37.848307193599986,52.116570096010406,45.49740514579542,30.19920924140455,60.582654221254344,43.65048597076647
217,2024-08-05,37.84830719359997,52.11657009601039,45.497405145795405,30.19920924140454,60.58265422125432,43.65048597076646
218,2024-08-06,37.63129648405635,51.78228757313923,44.59087644760373,30.67171652050897,59.229944874131164,44.334630272147294
219,2024-08-07,37.631296484056335,51.782287573139214,44.59087644760372,30.671716520508955,59.22994487413115,44.33463027214728
220,2024-08-08,37.63129648405635,51.78228757313923,44.59087644760373,30.67171652050897,59.229944874131164,44.334630272147294
221,2024-08-09,37.631296484056335,51.782287573139214,44.59087644760372,30.671716520508955,59.22994487413115,44.33463027214728
222,2024-08-10,37.63129648405634,51.782287573139214,44.59087644760372,30.671716520508962,59.22994487413115,44.33463027214728
223,2024-08-11,37.63129648405635,51.78228757313922,44.59087644760373,30.67171652050897,59.22994487413116,44.33463027214729
224,2024-08-12,37.63129648405634,51.78228757313923,44.590876447603726,30.671716520508962,59.229944874131164,44.334630272147294
225,2024-08-13,38.10330052244568,51.35644504845156,44.75013041545367,31.456470629437693,57.90534893444685,44.807541162456275
226,2024-08-14,38.10330052244568,51.35644504845156,44.75013041545367,31.456470629437693,57.90534893444685,44.807541162456275
227,2024-08-15,38.103300522445686,51.35644504845156,44.750130415453675,31.4564706294377,57.90534893444685,44.807541162456275
228,2024-08-16,38.10330052244568,51.35644504845156,44.75013041545367,31.456470629437693,57.90534893444685,44.807541162456275
229,2024-08-17,38.103300522445686,51.35644504845156,44.750130415453675,31.4564706294377,57.905348934446856,44.80754116245627
230,2024-08-18,38.10330052244568,51.35644504845156,44.75013041545367,31.456470629437693,57.90534893444685,44.807541162456275
231,2024-08-19,38.10330052244568,51.35644504845155,44.75013041545366,31.456470629437693,57.905348934446835,44.80754116245626
232,2024-08-20,37.39243543218974,51.24456677381619,44.071612932945925,30.71325793143356,57.17656533325047,45.312568214381905
233,2024-08-21,37.39243543218974,51.24456677381619,44.071612932945925,30.71325793143356,57.17656533325047,45.312568214381905
234,2024-08-22,37.39243543218974,51.24456677381619,44.071612932945925,30.71325793143356,57.17656533325047,45.312568214381905
235,2024-08-23,37.39243543218974,51.24456677381619,44.071612932945925,30.71325793143356,57.17656533325047,45.312568214381905
236,2024-08-24,37.39243543218974,51.24456677381618,44.071612932945925,30.71325793143356,57.176565333250466,45.3125682143819
237,2024-08-25,37.39243543218974,51.24456677381619,44.071612932945925,30.71325793143356,57.17656533325047,45.312568214381905
238,2024-08-26,37.39243543218974,51.24456677381619,44.071612932945925,30.71325793143356,57.17656533325047,45.312568214381905
239,2024-08-27,37.36170132197081,50.92207552813493,43.27765772623398,31.445744917707646,56.31167876589829,45.53247229037157
240,2024-08-28,37.36170132197081,50.92207552813493,43.27765772623398,31.445744917707646,56.31167876589829,45.53247229037157
241,2024-08-29,37.361701321970806,50.92207552813493,43.277657726233976,31.44574491770764,56.31167876589829,45.53247229037157
242,2024-08-30,37.36170132197081,50.92207552813493,43.27765772623398,31.445744917707646,56.31167876589829,45.53247229037157
243,2024-08-31,37.36170132197081,50.92207552813493,43.277657726233976,31.445744917707646,56.31167876589829,45.53247229037157
244,2024-09-01,37.36170132197081,50.92207552813493,43.27765772623398,31.445744917707646,56.31167876589829,45.53247229037157
245,2024-09-02,37.36170132197081,50.92207552813494,43.27765772623398,31.445744917707646,56.3116787658983,45.53247229037158
246,2024-09-03,36.84770711231003,50.636788954471086,42.291470798655254,31.403943425964815,55.4273402154714,45.84623769347077
247,2024-09-04,36.84770711231004,50.6367889544711,42.29147079865526,31.403943425964822,55.42734021547142,45.84623769347078
248,2024-09-05,36.84770711231003,50.636788954471086,42.291470798655254,31.403943425964815,55.4273402154714,45.84623769347077
249,2024-09-06,36.84770711231004,50.63678895447109,42.291470798655254,31.403943425964822,55.42734021547141,45.846237693470776
250,2024-09-07,36.84770711231003,50.636788954471086,42.291470798655254,31.403943425964815,55.4273402154714,45.84623769347077
251,2024-09-08,36.84770711231004,50.63678895447109,42.291470798655254,31.403943425964822,55.42734021547141,45.846237693470776
252,2024-09-09,36.84770711231003,50.63678895447109,42.291470798655254,31.403943425964815,55.42734021547141,45.846237693470776
253,2024-09-10,37.12412943832736,50.62737523616662,41.78143618378195,32.46682269287277,54.54426941585452,46.71048105647872
254,2024-09-11,37.124129438327344,50.627375236166614,41.781436183781935,32.46682269287275,54.544269415854515,46.71048105647871
255,2024-09-12,37.124129438327344,50.627375236166614,41.781436183781935,32.46682269287275,54.544269415854515,46.71048105647871
256,2024-09-13,37.124129438327344,50.627375236166614,41.781436183781935,32.46682269287275,54.544269415854515,46.71048105647871
257,2024-09-14,37.124129438327344,50.62737523616659,41.781436183781935,32.46682269287275,54.54426941585449,46.7104810564787
258,2024-09-15,38.38542074746404,50.882028277830756,44.73085845160041,32.039983043327666,54.49803235461018,47.26602420105133
259,2024-09-16,38.38542074746404,50.88202827783075,44.730858451600405,32.03998304332767,54.498032354610174,47.26602420105132
260,2024-09-17,37.93938833121619,50.43670445797047,43.834226181115945,32.04455048131644,54.07399812199179,46.79941079394915
261,2024-09-18,37.93938833121619,50.436704457970464,43.83422618111594,32.04455048131645,54.073998121991785,46.79941079394914
262,2024-09-19,37.9393883312162,50.43670445797047,43.83422618111595,32.04455048131645,54.07399812199179,46.79941079394915
263,2024-09-20,37.93938833121619,50.436704457970464,43.83422618111594,32.04455048131645,54.073998121991785,46.79941079394914
264,2024-09-21,37.9393883312162,50.436704457970485,43.83422618111595,32.04455048131645,54.073998121991806,46.799410793949164
265,2024-09-22,37.93938833121619,50.43670445797047,43.834226181115945,32.04455048131644,54.07399812199179,46.79941079394915
266,2024-09-23,37.93938833121619,50.43670445797047,43.834226181115945,32.04455048131644,54.07399812199179,46.79941079394915
267,2024-09-24,37.05464893602924,50.991447823266796,43.05035837331461,31.058939498743868,54.706948040516814,47.27594760601678
268,2024-09-25,37.05464893602923,50.991447823266796,43.0503583733146,31.05893949874386,54.706948040516814,47.27594760601678
269,2024-09-26,37.05464893602924,50.991447823266796,43.05035837331461,31.058939498743868,54.706948040516814,47.27594760601678
270,2024-09-27,37.05464893602924,50.991447823266796,43.05035837331461,31.058939498743868,54.706948040516814,47.27594760601678
271,2024-09-28,37.05464893602923,50.99144782326679,43.0503583733146,31.05893949874386,54.70694804051681,47.27594760601677
272,2024-09-29,37.05464893602924,50.9914478232668,43.05035837331461,31.058939498743868,54.70694804051682,47.275947606016786
273,2024-09-30,37.05464893602923,50.99144782326679,43.0503583733146,31.05893949874386,54.70694804051681,47.27594760601677
274,2024-10-01,39.34887186764846,48.85162462659407,47.081127457528815,31.61661627776811,55.33819752749607,42.36505172569206
275,2024-10-02,39.34887186764847,48.85162462659407,47.08112745752882,31.616616277768117,55.33819752749607,42.36505172569206
276,2024-10-03,39.34887186764848,48.851624626594074,47.08112745752883,31.616616277768124,55.33819752749608,42.36505172569207
277,2024-10-04,39.34887186764846,48.85162462659407,47.081127457528815,31.61661627776811,55.33819752749607,42.36505172569206
278,2024-10-05,39.34887186764847,48.85162462659407,47.08112745752882,31.616616277768117,55.33819752749607,42.36505172569206
279,2024-10-06,39.34887186764848,48.851624626594074,47.08112745752883,31.616616277768124,55.33819752749608,42.36505172569207
280,2024-10-07,39.08972810926083,47.648523320117185,45.910591008059406,32.26886521046226,54.731699338002244,40.56534730223213
281,2024-10-08,39.08972810926083,47.64852332011719,45.910591008059406,32.26886521046226,54.73169933800225,40.565347302232134
282,2024-10-09,39.089728109260825,47.648523320117185,45.9105910080594,32.26886521046225,54.731699338002244,40.56534730223213
283,2024-10-10,40.97149545742963,49.98915485666359,48.77107374404685,33.171917170812414,58.891610617988306,41.08669909533887
284,2024-10-11,40.97149545742964,49.9891548566636,48.77107374404686,33.17191717081242,58.89161061798831,41.08669909533889
285,2024-10-12,40.97149545742965,49.9891548566636,48.771073744046866,33.17191717081243,58.89161061798832,41.086699095338886
286,2024-10-13,40.97149545742963,49.9891548566636,48.77107374404685,33.171917170812414,58.89161061798831,41.08669909533889
287,2024-10-14,40.97149545742965,49.9891548566636,48.771073744046866,33.17191717081243,58.89161061798832,41.086699095338886
288,2024-10-15,41.1491034677604,49.34190867868324,47.84536872892045,34.45283820660035,57.43658176624243,41.247235591124046
289,2024-10-16,41.1491034677604,49.34190867868324,47.84536872892045,34.45283820660035,57.43658176624243,41.247235591124046
290,2024-10-17,41.1491034677604,49.34190867868324,47.84536872892045,34.45283820660035,57.43658176624243,41.247235591124046
291,2024-10-18,41.149103467760405,49.341908678683254,47.845368728920455,34.452838206600354,57.436581766242455,41.24723559112405
292,2024-10-19,41.1491034677604,49.34190867868324,47.84536872892045,34.45283820660035,57.43658176624243,41.247235591124046
293,2024-10-20,41.1491034677604,49.34190867868325,47.84536872892045,34.45283820660035,57.43658176624244,41.24723559112405
294,2024-10-21,41.1491034677604,49.34190867868324,47.84536872892045,34.45283820660035,57.43658176624243,41.247235591124046
295,2024-10-22,40.594788574619116,49.2903927672889,46.97167489736102,34.21790225187721,56.0096960248797,42.5710895096981
296,2024-10-23,40.59478857461911,49.290392767288886,46.97167489736101,34.217902251877206,56.00969602487969,42.57108950969808
297,2024-10-24,40.594788574619116,49.2903927672889,46.97167489736102,34.21790225187721,56.0096960248797,42.5710895096981
298,2024-10-25,40.594788574619116,49.290392767288914,46.97167489736102,34.21790225187721,56.009696024879716,42.57108950969811
299,2024-10-26,40.59478857461912,49.290392767288914,46.97167489736103,34.21790225187722,56.009696024879716,42.57108950969811
300,2024-10-27,40.594788574619116,49.290392767288914,46.97167489736102,34.21790225187721,56.009696024879716,42.57108950969811
301,2024-10-28,40.59478857461912,49.290392767288914,46.97167489736103,34.21790225187722,56.009696024879716,42.57108950969811
302,2024-10-29,40.94418747894991,48.33196036778011,46.76084390807582,35.12753104982399,55.318160124288106,41.34576061127212
303,2024-10-30,40.94418747894991,48.331960367780106,46.76084390807582,35.12753104982399,55.3181601242881,41.34576061127211
304,2024-10-31,40.94418747894991,48.331960367780106,46.76084390807582,35.12753104982399,55.3181601242881,41.34576061127211
305,2024-11-01,40.94418747894991,48.331960367780106,46.76084390807582,35.12753104982399,55.3181601242881,41.34576061127211
306,2024-11-02,40.9441874789499,48.331960367780106,46.76084390807581,35.127531049823986,55.3181601242881,41.34576061127211
307,2024-11-03,40.94418747894991,48.331960367780106,46.76084390807582,35.12753104982399,55.3181601242881,41.34576061127211
308,2024-11-04,40.9441874789499,48.331960367780106,46.76084390807581,35.127531049823986,55.3181601242881,41.34576061127211
309,2024-11-05,40.94418747894992,48.33196036778012,46.760843908075834,35.12753104982401,55.31816012428811,41.34576061127213
310,2024-11-06,40.94418747894991,48.33196036778012,46.76084390807582,35.12753104982399,55.31816012428811,41.34576061127213
311,2024-11-07,40.944187478949914,48.33196036778012,46.76084390807583,35.127531049824,55.31816012428811,41.34576061127213
312,2024-11-08,40.944187478949914,48.33196036778012,46.76084390807583,35.127531049824,55.31816012428811,41.34576061127213
313,2024-11-09,40.94418747894991,48.33196036778012,46.76084390807582,35.12753104982399,55.31816012428811,41.34576061127213
314,2024-11-10,40.94418747894991,48.331960367780106,46.76084390807582,35.12753104982399,55.3181601242881,41.34576061127211
315,2024-11-11,40.944187478949914,48.33196036778012,46.76084390807583,35.127531049824,55.31816012428811,41.34576061127213
316,2024-11-12,40.89263468158251,48.06125508511739,46.71325967094586,35.072009692219154,53.202029914809486,42.92048025542529
317,2024-11-13,40.89263468158249,48.061255085117374,46.713259670945845,35.07200969221914,53.202029914809465,42.92048025542528
318,2024-11-14,40.89263468158251,48.06125508511739,46.71325967094586,35.072009692219154,53.202029914809486,42.92048025542529
319,2024-11-15,40.89263468158249,48.06125508511738,46.713259670945845,35.07200969221914,53.20202991480947,42.92048025542529
320,2024-11-16,40.89263468158251,48.0612550851174,46.71325967094586,35.072009692219154,53.2020299148095,42.9204802554253
321,2024-11-17,40.89263468158249,48.061255085117374,46.713259670945845,35.07200969221914,53.202029914809465,42.92048025542528
322,2024-11-18,40.892634681582514,48.0612550851174,46.713259670945874,35.072009692219154,53.2020299148095,42.9204802554253
323,2024-11-19,41.540681066800005,46.32627323392033,46.90924382888067,36.17211830471934,53.37353517117107,39.279011296669594
324,2024-11-20,41.54068106679998,46.326273233920304,46.90924382888065,36.17211830471932,53.37353517117104,39.279011296669566
325,2024-11-21,41.54068106679998,46.32627323392032,46.90924382888065,36.17211830471932,53.373535171171056,39.27901129666958
326,2024-11-22,41.54068106679998,46.326273233920304,46.90924382888065,36.17211830471932,53.37353517117104,39.279011296669566
327,2024-11-23,41.54068106679999,46.326273233920325,46.909243828880655,36.172118304719326,53.37353517117106,39.27901129666959
328,2024-11-24,41.54068106679999,46.326273233920325,46.909243828880655,36.172118304719326,53.37353517117106,39.27901129666959
329,2024-11-25,41.54068106679999,46.32627323392032,46.909243828880655,36.172118304719326,53.373535171171056,39.27901129666958
330,2024-11-26,42.31883876808189,44.95011337861675,47.78130683155996,36.85637070460382,51.47070846073551,38.42951829649799
331,2024-11-27,42.31883876808189,44.95011337861675,47.78130683155996,36.85637070460382,51.47070846073551,38.42951829649799
332,2024-11-28,42.31883876808189,44.95011337861675,47.78130683155996,36.85637070460382,51.47070846073551,38.42951829649799
333,2024-11-29,42.31883876808189,44.950113378616734,47.78130683155996,36.85637070460382,51.470708460735494,38.429518296497974
334,2024-11-30,42.31883876808189,44.95011337861674,47.78130683155996,36.85637070460382,51.4707084607355,38.42951829649798
335,2024-12-01,42.318838768081896,44.95011337861674,47.78130683155997,36.856370704603826,51.4707084607355,38.42951829649798
336,2024-12-02,42.318838768081896,44.95011337861675,47.78130683155997,36.856370704603826,51.47070846073551,38.42951829649799
337,2024-12-03,42.31883876808189,44.95011337861674,47.78130683155996,36.85637070460382,51.4707084607355,38.42951829649798
338,2024-12-04,42.31883876808189,44.95011337861674,47.78130683155996,36.85637070460382,51.4707084607355,38.42951829649798
339,2024-12-05,42.318838768081896,44.95011337861674,47.78130683155997,36.856370704603826,51.4707084607355,38.42951829649798
340,2024-12-06,42.318838768081896,44.95011337861675,47.78130683155997,36.856370704603826,51.47070846073551,38.42951829649799
341,2024-12-07,42.31883876808189,44.95011337861674,47.78130683155996,36.85637070460382,51.4707084607355,38.42951829649798
342,2024-12-08,42.318838768081896,44.95011337861675,47.78130683155997,36.856370704603826,51.47070846073551,38.42951829649799
343,2024-12-09,42.31883876808189,44.95011337861674,47.78130683155996,36.85637070460382,51.4707084607355,38.42951829649798
344,2024-12-10,41.59782708017555,45.577392464326635,46.41163795386761,36.784016206483486,51.10241185920684,40.05237306944643
345,2024-12-11,44.08411652871854,48.07161771379321,51.26572506380672,36.90250799363036,55.57575910879203,40.56747631879439
346,2024-12-12,44.084116528718546,48.07161771379322,51.26572506380673,36.902507993630365,55.57575910879205,40.5674763187944
347,2024-12-13,44.084116528718546,48.071617713793216,51.26572506380673,36.902507993630365,55.57575910879204,40.56747631879439
348,2024-12-14,44.08411652871854,48.071617713793216,51.26572506380672,36.90250799363036,55.57575910879204,40.56747631879439
349,2024-12-15,44.08411652871854,48.071617713793216,51.26572506380672,36.90250799363036,55.57575910879204,40.56747631879439
350,2024-12-16,44.084116528718546,48.071617713793216,51.26572506380673,36.902507993630365,55.57575910879204,40.56747631879439
351,2024-12-17,42.97576969927018,47.754318140357206,49.84184569363647,36.10969370490389,53.863643218087795,41.64499306262662
352,2024-12-18,42.97576969927018,47.754318140357206,49.84184569363647,36.10969370490389,53.863643218087795,41.64499306262662
353,2024-12-19,42.975769699270195,47.754318140357235,49.841845693636486,36.109693704903904,53.86364321808782,41.64499306262665
354,2024-12-20,42.975769699270195,47.75431814035722,49.841845693636486,36.109693704903904,53.86364321808781,41.64499306262663
355,2024-12-21,42.975769699270195,47.75431814035722,49.841845693636486,36.109693704903904,53.86364321808781,41.64499306262663
356,2024-12-22,42.97576969927018,47.75431814035721,49.84184569363647,36.10969370490389,53.8636432180878,41.644993062626625
357,2024-12-23,42.975769699270195,47.75431814035722,49.841845693636486,36.109693704903904,53.86364321808781,41.64499306262663
358,2024-12-24,41.86722547041461,47.51873089229477,49.04278949584985,34.69166144497937,52.92838535501278,42.10907642957676
359,2024-12-25,41.8672254704146,47.51873089229476,49.042789495849846,34.69166144497936,52.92838535501277,42.10907642957675
360,2024-12-26,41.86722547041462,47.518730892294776,49.04278949584986,34.691661444979374,52.928385355012786,42.10907642957677
361,2024-12-27,41.8672254704146,47.51873089229477,49.042789495849846,34.69166144497936,52.92838535501278,42.10907642957676
362,2024-12-28,41.8672254704146,47.51873089229476,49.042789495849846,34.69166144497936,52.92838535501277,42.10907642957675
363,2024-12-29,41.8672254704146,47.51873089229476,49.042789495849846,34.69166144497936,52.92838535501277,42.10907642957675
364,2024-12-30,41.86722547041461,47.51873089229477,49.04278949584985,34.69166144497937,52.92838535501278,42.10907642957676
365,2024-12-31,41.15073725341372,46.79553822280124,47.54368955317341,34.75778495365404,51.57585656244767,42.01521988315481
366,2025-01-01,41.15073725341372,46.795538222801234,47.54368955317341,34.75778495365404,51.575856562447655,42.01521988315481
367,2025-01-02,41.150737253413716,46.795538222801234,47.5436895531734,34.75778495365403,51.575856562447655,42.01521988315481
368,2025-01-03,41.150737253413716,46.795538222801234,47.5436895531734,34.75778495365403,51.57585656244766,42.015219883154806
369,2025-01-04,41.15073725341373,46.79553822280124,47.543689553173415,34.757784953654046,51.57585656244767,42.01521988315481
370,2025-01-05,41.15073725341372,46.79553822280125,47.54368955317341,34.75778495365404,51.575856562447676,42.01521988315482
371,2025-01-06,41.15073725341373,46.79553822280125,47.543689553173415,34.757784953654046,51.575856562447676,42.01521988315482
372,2025-01-07,41.15073725341373,46.795538222801255,47.543689553173415,34.757784953654046,51.57585656244768,42.01521988315483
373,2025-01-08,40.862068945647856,47.16388296246942,46.75222202344216,34.97191586785355,51.01901161632921,43.308754308609636
374,2025-01-09,40.862068945647835,47.1638829624694,46.75222202344214,34.97191586785353,51.01901161632919,43.308754308609615
375,2025-01-10,40.86206894564785,47.163882962469415,46.75222202344215,34.971915867853546,51.0190116163292,43.30875430860963
376,2025-01-11,40.862068945647856,47.16388296246942,46.75222202344216,34.97191586785355,51.01901161632921,43.308754308609636
377,2025-01-12,40.862068945647835,47.1638829624694,46.75222202344214,34.97191586785353,51.01901161632919,43.308754308609615
378,2025-01-13,40.86206894564784,47.16388296246941,46.752222023442144,34.97191586785354,51.019011616329195,43.30875430860962
379,2025-01-14,39.348653083307035,47.526924349947336,46.85839200494555,31.838914161668523,51.15543239251574,43.89841630737893
380,2025-01-15,39.348653083307035,47.52692434994733,46.85839200494554,31.838914161668523,51.155432392515735,43.89841630737892
381,2025-01-16,39.34865308330705,47.52692434994736,46.858392004945564,31.838914161668537,51.15543239251576,43.89841630737895
382,2025-01-17,39.348653083307035,47.52692434994734,46.85839200494555,31.838914161668523,51.15543239251575,43.89841630737894
383,2025-01-18,39.34865308330705,47.52692434994734,46.858392004945564,31.838914161668537,51.15543239251575,43.89841630737894
384,2025-01-19,39.348653083307035,47.526924349947336,46.85839200494555,31.838914161668523,51.15543239251574,43.89841630737893
385,2025-01-20,39.348653083307035,47.526924349947336,46.85839200494555,31.838914161668523,51.15543239251574,43.89841630737893
386,2025-01-21,39.96242286744166,47.17915969644392,46.527857105438095,33.396988629445225,50.39867753848135,43.959641854406485
387,2025-01-22,39.962422867441646,47.179159696443904,46.52785710543808,33.39698862944521,50.39867753848133,43.95964185440648
388,2025-01-23,39.962422867441646,47.1791596964439,46.52785710543808,33.39698862944521,50.39867753848132,43.95964185440647
389,2025-01-24,39.962422867441646,47.1791596964439,46.52785710543808,33.39698862944521,50.39867753848132,43.95964185440647
390,2025-01-25,39.96242286744165,47.17915969644391,46.52785710543809,33.39698862944522,50.39867753848134,43.959641854406485
391,2025-01-26,39.962422867441646,47.1791596964439,46.52785710543808,33.39698862944521,50.39867753848132,43.95964185440647
392,2025-01-27,39.962422867441646,47.1791596964439,46.52785710543808,33.39698862944521,50.39867753848132,43.95964185440647
393,2025-01-28,40.16712990125862,45.69176952798713,45.731754715095356,34.60250508742188,50.67921548962877,40.70432356634549
394,2025-01-29,40.16712990125862,45.691769527987134,45.731754715095356,34.60250508742188,50.679215489628774,40.704323566345494
395,2025-01-30,40.16712990125862,45.69176952798713,45.731754715095356,34.60250508742188,50.67921548962877,40.70432356634549
396,2025-01-31,40.16712990125862,45.69176952798713,45.731754715095356,34.60250508742188,50.67921548962877,40.70432356634549
397,2025-02-01,40.16712990125862,45.691769527987134,45.731754715095356,34.60250508742188,50.679215489628774,40.704323566345494
398,2025-02-02,40.16712990125862,45.69176952798713,45.731754715095356,34.60250508742188,50.67921548962877,40.70432356634549
399,2025-02-03,40.16712990125861,45.69176952798713,45.73175471509535,34.602505087421875,50.67921548962877,40.70432356634549
400,2025-02-04,40.18673162183587,44.522865581738756,45.04939344468815,35.32406979898359,50.51726249549446,38.528468667983056
401,2025-02-05,43.43534190992896,45.867922822869446,53.96850836851172,32.902175451346196,52.29610704169856,39.43973860404033
402,2025-02-06,43.43534190992895,45.86792282286943,53.96850836851171,32.90217545134619,52.29610704169855,39.439738604040315
403,2025-02-07,43.43534190992895,45.867922822869446,53.96850836851171,32.90217545134619,52.29610704169856,39.43973860404033
404,2025-02-08,43.43534190992895,45.86792282286944,53.96850836851171,32.90217545134619,52.296107041698555,39.43973860404032
405,2025-02-09,43.43534190992896,45.86792282286943,53.96850836851172,32.902175451346196,52.29610704169855,39.439738604040315
406,2025-02-10,43.43534190992895,45.86792282286944,53.96850836851171,32.90217545134619,52.296107041698555,39.43973860404032
407,2025-02-11,42.408613877999535,45.6465675641977,52.674190023428245,32.143037732570825,51.46911399883599,39.82402112955942
408,2025-02-12,42.408613877999535,45.6465675641977,52.67419002342824,32.14303773257083,51.46911399883599,39.82402112955942
409,2025-02-13,42.408613877999535,45.6465675641977,52.674190023428245,32.143037732570825,51.46911399883599,39.82402112955942
410,2025-02-14,42.40861387799955,45.6465675641977,52.67419002342826,32.14303773257084,51.46911399883599,39.82402112955942
411,2025-02-15,42.40861387799955,45.64656756419771,52.67419002342826,32.14303773257084,51.469113998835994,39.824021129559426
412,2025-02-16,43.58380159678645,43.75178921937477,52.43430248036825,34.73330071320465,50.65326727054369,36.850311168205856
413,2025-02-17,43.58380159678645,43.751789219374764,52.43430248036825,34.73330071320465,50.65326727054368,36.85031116820585
414,2025-02-18,43.044437437606426,43.42792670751909,51.497161307932735,34.59171356728012,49.90959590829287,36.94625750674531
415,2025-02-19,43.04443743760642,43.42792670751909,51.49716130793273,34.59171356728011,49.90959590829287,36.94625750674531
416,2025-02-20,43.044437437606426,43.42792670751909,51.497161307932735,34.59171356728012,49.90959590829287,36.94625750674531
417,2025-02-21,43.04443743760642,43.427926707519084,51.49716130793273,34.59171356728011,49.909595908292864,36.946257506745305
418,2025-02-22,43.04443743760641,43.42792670751908,51.497161307932714,34.59171356728011,49.90959590829286,36.9462575067453
419,2025-02-23,43.044437437606426,43.42792670751909,51.497161307932735,34.59171356728012,49.90959590829287,36.94625750674531
420,2025-02-24,43.04443743760642,43.42792670751909,51.49716130793273,34.59171356728011,49.90959590829287,36.94625750674531
421,2025-02-25,41.70026254006892,43.483217441495675,50.002972364941236,33.3975527151966,49.016399824805305,37.950035058186046
422,2025-02-26,41.70026254006892,43.483217441495675,50.002972364941236,33.3975527151966,49.016399824805305,37.950035058186046
423,2025-02-27,41.70026254006892,43.48321744149568,50.002972364941236,33.3975527151966,49.01639982480531,37.95003505818605
424,2025-02-28,42.893202815149436,42.94792972816471,53.54601000619378,32.24039562410509,49.10996539862928,36.78589405770014
425,2025-03-01,42.89320281514943,42.947929728164695,53.546010006193775,32.24039562410508,49.109965398629264,36.785894057700126
426,2025-03-02,42.89320281514943,42.947929728164695,53.546010006193775,32.24039562410508,49.109965398629264,36.785894057700126
427,2025-03-03,42.89320281514943,42.947929728164695,53.546010006193775,32.24039562410508,49.109965398629264,36.785894057700126
428,2025-03-04,42.39547631676672,42.53405007389805,52.2044205275857,32.58653210594774,48.33553336652413,36.73256678127197
429,2025-03-05,42.395476316766725,42.53405007389806,52.20442052758571,32.58653210594774,48.33553336652414,36.73256678127198
430,2025-03-06,42.395476316766725,42.53405007389806,52.20442052758571,32.58653210594774,48.33553336652414,36.73256678127198
431,2025-03-07,42.395476316766725,42.53405007389805,52.20442052758571,32.58653210594774,48.33553336652413,36.73256678127197
432,2025-03-08,42.395476316766725,42.53405007389806,52.20442052758571,32.58653210594774,48.33553336652414,36.73256678127198
433,2025-03-09,42.395476316766725,42.53405007389806,52.20442052758571,32.58653210594774,48.33553336652414,36.73256678127198
434,2025-03-10,42.39547631676672,42.53405007389805,52.2044205275857,32.58653210594774,48.33553336652413,36.73256678127197
435,2025-03-11,40.43258720999348,44.04759348092353,50.23530986067522,30.629864559311734,50.57749333300706,37.51769362884
436,2025-03-12,40.43258720999349,44.04759348092354,50.23530986067524,30.62986455931175,50.57749333300707,37.51769362884001
437,2025-03-13,40.432587209993486,44.04759348092354,50.23530986067523,30.62986455931174,50.57749333300707,37.51769362884001
438,2025-03-14,40.432587209993486,44.04759348092353,50.23530986067523,30.62986455931174,50.57749333300706,37.51769362884
439,2025-03-15,40.43258720999349,44.04759348092354,50.23530986067524,30.62986455931175,50.57749333300707,37.51769362884001
440,2025-03-16,40.43258720999347,44.047593480923524,50.235309860675216,30.629864559311727,50.577493333007055,37.51769362883999
441,2025-03-17,40.43258720999349,44.04759348092354,50.23530986067524,30.62986455931175,50.57749333300707,37.51769362884001
442,2025-03-18,40.39282426149088,44.200560133116284,49.06395131521155,31.721697207770212,50.003716303472984,38.39740396275958
443,2025-03-19,40.39282426149089,44.20056013311629,49.063951315211554,31.72169720777022,50.00371630347299,38.39740396275959
444,2025-03-20,40.39282426149088,44.200560133116284,49.06395131521155,31.721697207770212,50.003716303472984,38.39740396275958
445,2025-03-21,40.3928242614909,44.200560133116305,49.06395131521157,31.721697207770234,50.00371630347301,38.3974039627596
446,2025-03-22,40.39282426149089,44.2005601331163,49.063951315211554,31.72169720777022,50.003716303473,38.3974039627596
447,2025-03-23,40.3928242614909,44.2005601331163,49.06395131521157,31.721697207770234,50.003716303473,38.3974039627596
448,2025-03-24,40.39282426149088,44.200560133116284,49.06395131521154,31.721697207770216,50.003716303472984,38.39740396275958
449,2025-03-25,40.11314380549682,44.0902957051295,47.71019245681496,32.51609515417868,49.14788155579902,39.03270985445998
450,2025-03-26,40.11314380549681,44.0902957051295,47.71019245681495,32.51609515417867,49.14788155579902,39.03270985445998
451,2025-03-27,44.50036817050185,44.693621691591936,58.62792405336319,30.37281228764051,49.22417130330566,40.16307207987821
452,2025-03-28,44.50036817050185,44.693621691591936,58.62792405336319,30.37281228764051,49.22417130330566,40.16307207987821
453,2025-03-29,44.50036817050183,44.69362169159192,58.62792405336317,30.372812287640492,49.224171303305646,40.1630720798782
454,2025-03-30,44.50036817050184,44.693621691591936,58.627924053363174,30.3728122876405,49.22417130330566,40.16307207987821
455,2025-03-31,44.50036817050184,44.693621691591936,58.627924053363174,30.3728122876405,49.22417130330566,40.16307207987821
456,2025-04-01,42.63543983701489,44.906593737884464,57.2046309923548,28.066248681674985,49.039120575651545,40.77406690011738
457,2025-04-02,42.63543983701489,44.906593737884464,57.2046309923548,28.066248681674985,49.039120575651545,40.77406690011738
458,2025-04-03,42.63543983701489,44.90659373788447,57.2046309923548,28.066248681674985,49.03912057565155,40.77406690011739
459,2025-04-04,42.63543983701489,44.906593737884464,57.2046309923548,28.066248681674985,49.039120575651545,40.77406690011738
460,2025-04-05,42.635439837014886,44.90659373788446,57.204630992354794,28.06624868167498,49.03912057565154,40.774066900117376
461,2025-04-06,42.63543983701489,44.90659373788447,57.2046309923548,28.066248681674985,49.03912057565155,40.77406690011739
462,2025-04-07,42.63543983701491,44.90659373788448,57.204630992354815,28.066248681675,49.03912057565156,40.7740669001174
463,2025-04-08,40.640684550398824,45.82087552977408,55.15757378680356,26.123795313994087,50.64821846785549,40.99353259169266
464,2025-04-09,40.25734293722306,46.13020688271642,53.67018814240506,26.844497732041056,50.76609462140282,41.49431914403002
465,2025-04-10,41.259511671529324,45.70153108941595,55.238849982253605,27.280173360805044,50.75109901040722,40.65196316842468
466,2025-04-11,41.259511671529324,45.70153108941595,55.2388499822536,27.280173360805048,50.75109901040723,40.65196316842467
467,2025-04-12,41.259511671529324,45.70153108941594,55.2388499822536,27.280173360805048,50.75109901040721,40.651963168424665
468,2025-04-13,41.259511671529324,45.70153108941594,55.2388499822536,27.280173360805048,50.75109901040721,40.651963168424665
469,2025-04-14,41.259511671529324,45.70153108941596,55.238849982253605,27.280173360805044,50.75109901040723,40.651963168424686
470,2025-04-15,40.657512036675435,45.51119410757282,53.38146246336369,27.93356160998718,50.088777378012196,40.93361083713344
471,2025-04-16,40.65751203667543,45.51119410757282,53.38146246336368,27.933561609987173,50.088777378012196,40.93361083713344
472,2025-04-17,40.657512036675435,45.51119410757284,53.38146246336369,27.93356160998718,50.08877737801222,40.933610837133465
473,2025-04-18,40.657512036675435,45.51119410757282,53.38146246336369,27.93356160998718,50.088777378012196,40.93361083713344
474,2025-04-19,40.65751203667542,45.51119410757282,53.381462463363675,27.933561609987166,50.088777378012196,40.93361083713344
475,2025-04-20,40.657512036675435,45.51119410757282,53.38146246336369,27.93356160998718,50.088777378012196,40.93361083713344
476,2025-04-21,40.65751203667543,45.51119410757282,53.38146246336368,27.933561609987173,50.088777378012196,40.93361083713344
477,2025-04-22,40.26356393385275,45.84900290920955,50.70006419918833,29.82706366851717,50.285658259247974,41.41234755917113
478,2025-04-23,40.263563933852744,45.84900290920955,50.700064199188326,29.827063668517162,50.285658259247974,41.41234755917113
479,2025-04-24,40.26356393385276,45.84900290920956,50.70006419918834,29.827063668517177,50.28565825924798,41.41234755917114
480,2025-04-25,40.263563933852744,45.84900290920955,50.700064199188326,29.827063668517162,50.285658259247974,41.41234755917113
481,2025-04-26,40.263563933852744,45.84900290920955,50.700064199188326,29.827063668517162,50.285658259247974,41.41234755917113
482,2025-04-27,40.26356393385275,45.84900290920955,50.70006419918833,29.82706366851717,50.285658259247974,41.41234755917113
483,2025-04-28,39.80193405324344,45.13852517421703,49.113303420969174,30.49056468551771,49.79581486093037,40.48123548750369
484,2025-04-29,39.80193405324344,45.13852517421704,49.113303420969174,30.49056468551771,49.79581486093038,40.481235487503696
485,2025-04-30,39.801934053243436,45.138525174217015,49.11330342096917,30.490564685517704,49.795814860930356,40.481235487503675
486,2025-05-01,39.80193405324343,45.138525174217015,49.11330342096916,30.490564685517697,49.795814860930356,40.481235487503675
487,2025-05-02,39.80193405324344,45.13852517421703,49.113303420969174,30.49056468551771,49.79581486093037,40.48123548750369
488,2025-05-03,39.80193405324344,45.13852517421703,49.113303420969174,30.49056468551771,49.79581486093037,40.48123548750369
489,2025-05-04,39.80193405324344,45.13852517421703,49.113303420969174,30.49056468551771,49.79581486093037,40.48123548750369
490,2025-05-05,39.40024801623729,45.29679278809177,47.52648027640598,31.27401575606861,49.340528655025466,41.25305692115808
491,2025-05-06,39.40024801623729,45.29679278809177,47.52648027640598,31.27401575606861,49.340528655025466,41.25305692115808
492,2025-05-07,39.40024801623729,45.296792788091764,47.52648027640598,31.27401575606861,49.34052865502546,41.25305692115807
493,2025-05-08,39.40024801623729,45.296792788091764,47.52648027640597,31.274015756068614,49.34052865502546,41.25305692115807
494,2025-05-09,39.40024801623729,45.29679278809176,47.52648027640597,31.274015756068614,49.34052865502545,41.25305692115806
495,2025-05-10,39.40024801623728,45.29679278809176,47.526480276405955,31.2740157560686,49.34052865502545,41.25305692115806
496,2025-05-11,39.40024801623729,45.29679278809176,47.52648027640598,31.27401575606861,49.34052865502545,41.25305692115806
497,2025-05-12,39.08320393592351,44.594817591567086,46.07240850411353,32.09399936773348,48.695996697194445,40.49363848593973
498,2025-05-13,39.08320393592352,44.59481759156709,46.07240850411355,32.093999367733495,48.69599669719445,40.493638485939734
499,2025-05-14,39.08320393592351,44.59481759156708,46.072408504113525,32.09399936773349,48.69599669719444,40.49363848593972
500,2025-05-15,43.82690778591735,45.414652343638515,57.9465138497447,29.70730172209,49.424577989820826,41.404726697456205
501,2025-05-16,43.82690778591736,45.414652343638515,57.94651384974471,29.707301722090016,49.424577989820826,41.404726697456205
502,2025-05-17,43.82690778591736,45.414652343638515,57.94651384974471,29.707301722090016,49.424577989820826,41.404726697456205
503,2025-05-18,43.82690778591736,45.414652343638515,57.94651384974471,29.707301722090016,49.424577989820826,41.404726697456205
504,2025-05-19,42.23497617743439,45.485109916711366,56.16616228169918,28.3037900731696,49.05902210120828,41.911197732214454
505,2025-05-20,42.23497617743439,45.485109916711366,56.16616228169918,28.3037900731696,49.05902210120828,41.911197732214454
506,2025-05-21,43.18666018392103,45.31804187185959,57.39805356892377,28.97526679891828,48.822875957752586,41.8132077859666
507,2025-05-22,43.186660183921035,45.318041871859606,57.398053568923785,28.975266798918284,48.8228759577526,41.81320778596661
508,2025-05-23,43.186660183921035,45.318041871859606,57.398053568923785,28.975266798918284,48.8228759577526,41.81320778596661
509,2025-05-24,43.18666018392103,45.318041871859606,57.39805356892378,28.975266798918277,48.8228759577526,41.81320778596661
510,2025-05-25,43.18666018392102,45.31804187185959,57.39805356892377,28.97526679891827,48.822875957752586,41.8132077859666
511,2025-05-26,43.18666018392103,45.3180418718596,57.39805356892377,28.97526679891828,48.82287595775259,41.813207785966604
512,2025-05-27,43.186660183921035,45.318041871859606,57.398053568923785,28.975266798918284,48.8228759577526,41.81320778596661
513,2025-05-28,43.18666018392103,45.31804187185959,57.39805356892378,28.975266798918277,48.822875957752586,41.8132077859666
514,2025-05-29,43.186660183921035,45.318041871859606,57.398053568923785,28.975266798918284,48.8228759577526,41.81320778596661
515,2025-05-30,43.18666018392103,45.31804187185959,57.39805356892378,28.975266798918277,48.822875957752586,41.8132077859666
516,2025-05-31,43.18666018392103,45.3180418718596,57.39805356892377,28.97526679891828,48.82287595775259,41.813207785966604
517,2025-06-01,43.18666018392102,45.31804187185959,57.39805356892377,28.97526679891827,48.822875957752586,41.8132077859666
518,2025-06-02,43.186660183921035,45.3180418718596,57.398053568923785,28.975266798918284,48.82287595775259,41.813207785966604
519,2025-06-03,43.18666018392102,45.31804187185959,57.39805356892377,28.97526679891827,48.822875957752586,41.8132077859666
520,2025-06-04,43.18666018392102,45.31804187185959,57.39805356892377,28.97526679891827,48.822875957752586,41.8132077859666
521,2025-06-05,43.186660183921035,45.318041871859606,57.398053568923785,28.975266798918284,48.8228759577526,41.81320778596661
522,2025-06-06,43.18666018392103,45.31804187185959,57.39805356892377,28.97526679891828,48.822875957752586,41.8132077859666
523,2025-06-07,43.18666018392102,45.31804187185959,57.39805356892377,28.975266798918273,48.822875957752586,41.8132077859666
524,2025-06-08,43.18666018392102,45.31804187185959,57.39805356892377,28.975266798918273,48.822875957752586,41.8132077859666
525,2025-06-09,43.18666018392103,45.318041871859606,57.39805356892377,28.97526679891828,48.8228759577526,41.81320778596661
526,2025-06-10,43.186660183921035,45.318041871859606,57.398053568923785,28.975266798918284,48.8228759577526,41.81320778596661
527,2025-06-11,43.18666018392103,45.31804187185959,57.39805356892377,28.97526679891828,48.822875957752586,41.8132077859666
528,2025-06-12,43.18666018392103,45.31804187185959,57.39805356892377,28.97526679891828,48.822875957752586,41.8132077859666
529,2025-06-13,43.18666018392102,45.31804187185959,57.39805356892377,28.975266798918273,48.822875957752586,41.8132077859666
530,2025-06-14,43.18666018392103,45.318041871859606,57.39805356892378,28.975266798918277,48.8228759577526,41.81320778596661
531,2025-06-15,43.186660183921035,45.318041871859606,57.398053568923785,28.975266798918284,48.8228759577526,41.81320778596661
532,2025-06-16,43.18666018392102,45.31804187185959,57.39805356892377,28.975266798918273,48.822875957752586,41.8132077859666
533,2025-06-17,43.18666018392103,45.31804187185959,57.39805356892378,28.975266798918277,48.822875957752586,41.8132077859666
534,2025-06-18,43.18666018392103,45.3180418718596,57.39805356892378,28.975266798918277,48.82287595775259,41.813207785966604
535,2025-06-19,43.18666018392102,45.31804187185959,57.39805356892377,28.975266798918273,48.822875957752586,41.8132077859666
536,2025-06-20,43.18666018392102,45.31804187185959,57.39805356892377,28.975266798918273,48.822875957752586,41.8132077859666
537,2025-06-21,43.18666018392103,45.3180418718596,57.39805356892378,28.975266798918277,48.82287595775259,41.813207785966604
538,2025-06-22,43.18666018392103,45.31804187185959,57.39805356892377,28.97526679891828,48.822875957752586,41.8132077859666
539,2025-06-23,43.18666018392103,45.31804187185959,57.39805356892378,28.975266798918277,48.822875957752586,41.8132077859666
540,2025-06-24,43.18666018392103,45.31804187185959,57.39805356892377,28.97526679891828,48.822875957752586,41.8132077859666
541,2025-06-25,43.186660183921035,45.318041871859606,57.398053568923785,28.975266798918284,48.8228759577526,41.81320778596661
542,2025-06-26,43.18666018392103,45.3180418718596,57.39805356892378,28.975266798918277,48.82287595775259,41.813207785966604
543,2025-06-27,43.18666018392102,45.31804187185959,57.39805356892377,28.97526679891827,48.822875957752586,41.8132077859666
544,2025-06-28,43.18666018392103,45.31804187185959,57.39805356892377,28.97526679891828,48.822875957752586,41.8132077859666
545,2025-06-29,43.18666018392103,45.3180418718596,57.39805356892378,28.975266798918277,48.82287595775259,41.813207785966604
546,2025-06-30,38.40199395883122,47.69061386998726,46.97141163123596,29.83257628642648,52.88541950033925,42.49580823963527
547,2025-07-01,39.25523884557536,46.63744171852906,47.769074852945636,30.74140283820509,53.04630350648539,40.228579930572735
548,2025-07-02,39.48208818039543,46.207021917297894,47.007029934037504,31.957146426753358,52.04792320859522,40.366120626000566
549,2025-07-03,39.48208818039543,46.20702191729789,47.0070299340375,31.957146426753358,52.047923208595215,40.36612062600056
550,2025-07-04,39.482088180395415,46.20702191729788,47.00702993403748,31.957146426753347,52.04792320859521,40.36612062600055
551,2025-07-05,39.48208818039543,46.207021917297894,47.007029934037504,31.957146426753358,52.04792320859522,40.366120626000566
552,2025-07-06,39.48208818039542,46.207021917297894,47.00702993403749,31.95714642675335,52.04792320859522,40.366120626000566
553,2025-07-07,39.48208818039543,46.207021917297894,47.007029934037504,31.957146426753358,52.04792320859522,40.366120626000566
554,2025-07-08,39.482088180395415,46.20702191729788,47.00702993403748,31.957146426753347,52.04792320859521,40.36612062600055
555,2025-07-09,39.482088180395415,46.20702191729788,47.00702993403748,31.957146426753347,52.04792320859521,40.36612062600055
556,2025-07-10,39.48208818039543,46.207021917297894,47.007029934037504,31.957146426753358,52.04792320859522,40.366120626000566
557,2025-07-11,39.48208818039543,46.207021917297894,47.007029934037504,31.957146426753358,52.04792320859522,40.366120626000566
558,2025-07-12,39.48208818039542,46.20702191729789,47.00702993403749,31.95714642675335,52.047923208595215,40.36612062600056
559,2025-07-13,39.48208818039543,46.207021917297894,47.0070299340375,31.957146426753358,52.04792320859522,40.366120626000566
560,2025-07-14,39.48208818039543,46.20702191729789,47.0070299340375,31.957146426753358,52.047923208595215,40.36612062600056
561,2025-07-15,39.48208818039542,46.20702191729789,47.00702993403749,31.95714642675335,52.047923208595215,40.36612062600056
562,2025-07-16,39.48208818039542,46.20702191729788,47.00702993403749,31.95714642675335,52.04792320859521,40.36612062600055
