end_date,dem,rep,net,dem_std,rep_std,net_std,dem_lower_ci,dem_upper_ci,rep_lower_ci,rep_upper_ci,net_lower_ci,net_upper_ci
2015-12-17,42.486385204867794,40.32090941596897,-2.1654757888988243,0,0,0,42.486385204867794,42.486385204867794,40.32090941596897,40.32090941596897,-2.1654757888988243,-2.1654757888988243
2015-12-18,42.486385204867794,40.32090941596897,-2.1654757888988243,0,0,0,42.486385204867794,42.486385204867794,40.32090941596897,40.32090941596897,-2.1654757888988243,-2.1654757888988243
2015-12-19,42.486385204867794,40.32090941596897,-2.1654757888988243,0,0,0,42.486385204867794,42.486385204867794,40.32090941596897,40.32090941596897,-2.1654757888988243,-2.1654757888988243
2015-12-20,42.486385204867794,40.32090941596897,-2.1654757888988243,0,0,0,42.486385204867794,42.486385204867794,40.32090941596897,40.32090941596897,-2.1654757888988243,-2.1654757888988243
2015-12-21,42.486385204867794,40.32090941596897,-2.1654757888988243,0,0,0,42.486385204867794,42.486385204867794,40.32090941596897,40.32090941596897,-2.1654757888988243,-2.1654757888988243
2015-12-22,42.486385204867794,40.32090941596897,-2.1654757888988243,0,0,0,42.486385204867794,42.486385204867794,40.32090941596897,40.32090941596897,-2.1654757888988243,-2.1654757888988243
2015-12-23,42.486385204867794,40.32090941596897,-2.1654757888988243,0,0,0,42.486385204867794,42.486385204867794,40.32090941596897,40.32090941596897,-2.1654757888988243,-2.1654757888988243
2015-12-24,42.486385204867794,40.32090941596897,-2.1654757888988243,0,0,0,42.486385204867794,42.486385204867794,40.32090941596897,40.32090941596897,-2.1654757888988243,-2.1654757888988243
2015-12-25,42.486385204867794,40.32090941596897,-2.1654757888988243,0,0,0,42.486385204867794,42.486385204867794,40.32090941596897,40.32090941596897,-2.1654757888988243,-2.1654757888988243
2015-12-26,42.486385204867794,40.32090941596897,-2.1654757888988243,0,0,0,42.486385204867794,42.486385204867794,40.32090941596897,40.32090941596897,-2.1654757888988243,-2.1654757888988243
2015-12-27,42.486385204867794,40.32090941596897,-2.1654757888988243,0,0,0,42.486385204867794,42.486385204867794,40.32090941596897,40.32090941596897,-2.1654757888988243,-2.1654757888988243
2015-12-28,42.486385204867794,40.32090941596897,-2.1654757888988243,0,0,0,42.486385204867794,42.486385204867794,40.32090941596897,40.32090941596897,-2.1654757888988243,-2.1654757888988243
2015-12-29,42.486385204867794,40.32090941596897,-2.1654757888988243,0,0,0,42.486385204867794,42.486385204867794,40.32090941596897,40.32090941596897,-2.1654757888988243,-2.1654757888988243
2015-12-30,42.486385204867794,40.32090941596897,-2.1654757888988243,0,0,0,42.486385204867794,42.486385204867794,40.32090941596897,40.32090941596897,-2.1654757888988243,-2.1654757888988243
2015-12-31,42.486385204867794,40.32090941596897,-2.1654757888988243,0,0,0,42.486385204867794,42.486385204867794,40.32090941596897,40.32090941596897,-2.1654757888988243,-2.1654757888988243
2016-01-01,42.486385204867794,40.32090941596897,-2.1654757888988243,0,0,0,42.486385204867794,42.486385204867794,40.32090941596897,40.32090941596897,-2.1654757888988243,-2.1654757888988243
2016-01-02,42.486385204867794,40.32090941596897,-2.1654757888988243,0,0,0,42.486385204867794,42.486385204867794,40.32090941596897,40.32090941596897,-2.1654757888988243,-2.1654757888988243
2016-01-03,42.486385204867794,40.32090941596897,-2.1654757888988243,0,0,0,42.486385204867794,42.486385204867794,40.32090941596897,40.32090941596897,-2.1654757888988243,-2.1654757888988243
2016-01-04,42.486385204867794,40.32090941596897,-2.1654757888988243,0,0,0,42.486385204867794,42.486385204867794,40.32090941596897,40.32090941596897,-2.1654757888988243,-2.1654757888988243
2016-01-05,42.486385204867794,40.32090941596897,-2.1654757888988243,0,0,0,42.486385204867794,42.486385204867794,40.32090941596897,40.32090941596897,-2.1654757888988243,-2.1654757888988243
2016-01-06,42.486385204867794,40.32090941596897,-2.1654757888988243,0,0,0,42.486385204867794,42.486385204867794,40.32090941596897,40.32090941596897,-2.1654757888988243,-2.1654757888988243
2016-01-07,42.486385204867794,40.32090941596897,-2.1654757888988243,0,0,0,42.486385204867794,42.486385204867794,40.32090941596897,40.32090941596897,-2.1654757888988243,-2.1654757888988243
2016-01-08,43.41217855841275,39.34614442859346,-4.066034129819293,0.3835979697974234,0.40388912790860965,0.7874870977060331,42.6603265376098,44.1640305792157,38.554521737892586,40.13776711929434,-5.609508841323118,-2.5225594183154687
2016-01-09,43.41217855841275,39.346144428593455,-4.066034129819293,0.3835979697974234,0.4038891279086096,0.787487097706033,42.6603265376098,44.1640305792157,38.55452173789258,40.13776711929433,-5.609508841323118,-2.5225594183154687
2016-01-10,43.41217855841275,39.346144428593455,-4.066034129819293,0.38359796979742333,0.4038891279086096,0.7874870977060329,42.6603265376098,44.1640305792157,38.55452173789258,40.13776711929433,-5.609508841323118,-2.5225594183154687
2016-01-11,43.41217855841275,39.346144428593455,-4.066034129819293,0.38359796979742333,0.4038891279086096,0.7874870977060329,42.6603265376098,44.1640305792157,38.55452173789258,40.13776711929433,-5.609508841323118,-2.5225594183154687
2016-01-12,43.41217855841275,39.346144428593455,-4.066034129819293,0.38359796979742333,0.4038891279086096,0.7874870977060329,42.6603265376098,44.1640305792157,38.55452173789258,40.13776711929433,-5.609508841323118,-2.5225594183154687
2016-01-13,45.15424248062209,38.15948273648307,-6.994759744139019,1.6201564341289356,1.1440580669993297,2.761572726398774,41.97873586972938,48.3297490915148,35.917128925164384,40.40183654780176,-12.407442287880617,-1.5820772003974222
2016-01-14,45.154242480622095,38.15948273648308,-6.99475974413902,1.6201564341289356,1.1440580669993297,2.761572726398774,41.978735869729384,48.329749091514806,35.91712892516439,40.401836547801764,-12.407442287880617,-1.582077200397423
2016-01-15,45.15424248062209,38.15948273648307,-6.994759744139019,1.6201564341289356,1.1440580669993297,2.761572726398774,41.97873586972938,48.3297490915148,35.917128925164384,40.40183654780176,-12.407442287880617,-1.5820772003974222
2016-01-16,45.154242480622095,38.15948273648308,-6.99475974413902,1.6201564341289356,1.1440580669993297,2.761572726398774,41.978735869729384,48.329749091514806,35.91712892516439,40.401836547801764,-12.407442287880617,-1.582077200397423
2016-01-17,45.15424248062209,38.15948273648307,-6.994759744139019,1.6201564341289356,1.1440580669993297,2.761572726398774,41.97873586972938,48.3297490915148,35.917128925164384,40.40183654780176,-12.407442287880617,-1.5820772003974222
2016-01-18,44.86696406699377,37.74699008627177,-7.119973980722003,1.2550609141744449,1.0099355837821224,2.1118335817834666,42.407044675211864,47.32688345877568,35.76751634205881,39.72646383048473,-11.259167801017597,-2.9807801604264084
2016-01-19,44.86696406699377,37.74699008627177,-7.119973980722003,1.2550609141744449,1.0099355837821222,2.1118335817834666,42.407044675211864,47.32688345877568,35.76751634205881,39.72646383048473,-11.259167801017597,-2.9807801604264084
2016-01-20,44.86696406699377,37.74699008627177,-7.119973980722003,1.2550609141744449,1.0099355837821224,2.1118335817834666,42.407044675211864,47.32688345877568,35.76751634205881,39.72646383048473,-11.259167801017597,-2.9807801604264084
2016-01-21,44.86696406699377,37.74699008627177,-7.119973980722003,1.2550609141744449,1.0099355837821224,2.1118335817834666,42.407044675211864,47.32688345877568,35.76751634205881,39.72646383048473,-11.259167801017597,-2.9807801604264084
2016-01-22,44.86696406699377,37.74699008627177,-7.119973980722003,1.2550609141744449,1.0099355837821224,2.1118335817834666,42.407044675211864,47.32688345877568,35.76751634205881,39.72646383048473,-11.259167801017597,-2.9807801604264084
2016-01-23,43.03094551292088,38.36812046163427,-4.662825051286605,2.3217480938169093,1.0488513146871679,3.249338456920474,38.48031924903974,47.58157177680202,36.31237188484742,40.42386903842112,-11.031528426850734,1.7058783242775242
2016-01-24,43.03094551292087,38.36812046163427,-4.662825051286605,2.321748093816909,1.0488513146871679,3.249338456920474,38.48031924903973,47.581571776802015,36.31237188484742,40.42386903842112,-11.031528426850734,1.7058783242775242
2016-01-25,43.030945512920866,38.36812046163426,-4.662825051286605,2.321748093816909,1.0488513146871676,3.249338456920474,38.480319249039724,47.58157177680201,36.312371884847416,40.42386903842111,-11.031528426850734,1.7058783242775242
2016-01-26,43.03094551292087,38.36812046163426,-4.662825051286605,2.321748093816909,1.0488513146871679,3.249338456920474,38.48031924903973,47.581571776802015,36.312371884847416,40.42386903842111,-11.031528426850734,1.7058783242775242
2016-01-27,43.03094551292088,38.36812046163427,-4.662825051286605,2.3217480938169093,1.0488513146871679,3.249338456920474,38.48031924903974,47.58157177680202,36.31237188484742,40.42386903842112,-11.031528426850734,1.7058783242775242
2016-01-28,44.12203024963414,38.28685298992496,-5.835177259709182,2.151800989673555,0.8090323032900657,2.803355247689936,39.904500309873974,48.33956018939431,36.70114967547643,39.87255630437349,-11.329753545181457,-0.3406009742369074
2016-01-29,44.12203024963415,38.28685298992497,-5.835177259709183,2.151800989673555,0.8090323032900658,2.8033552476899364,39.90450030987398,48.33956018939432,36.70114967547644,39.8725563043735,-11.329753545181457,-0.3406009742369074
2016-01-30,44.12203024963415,38.28685298992497,-5.835177259709183,2.151800989673555,0.8090323032900658,2.8033552476899364,39.90450030987398,48.33956018939432,36.70114967547644,39.8725563043735,-11.329753545181457,-0.3406009742369074
2016-01-31,44.12203024963414,38.28685298992497,-5.835177259709183,2.151800989673555,0.8090323032900658,2.8033552476899364,39.904500309873974,48.33956018939431,36.70114967547644,39.8725563043735,-11.329753545181457,-0.3406009742369074
2016-02-01,44.12203024963415,38.28685298992497,-5.835177259709183,2.151800989673555,0.8090323032900658,2.8033552476899364,39.90450030987398,48.33956018939432,36.70114967547644,39.8725563043735,-11.329753545181457,-0.3406009742369074
2016-02-02,44.30265032456296,37.81890950012984,-6.483740824433118,1.6509922618144606,0.8310954305304886,2.274778586103519,41.066705491406616,47.53859515771931,36.18996245629008,39.4478565439696,-10.942306853196015,-2.025174795670221
2016-02-03,45.1520100191825,38.00599327123119,-7.146016747951306,1.6714016510288883,0.6856821113020108,1.9472634450213024,41.87606278316588,48.42795725519912,36.66205633307925,39.34993020938313,-10.962653100193059,-3.329380395709553
2016-02-04,45.1520100191825,38.00599327123119,-7.146016747951306,1.6714016510288883,0.6856821113020108,1.9472634450213022,41.87606278316588,48.42795725519912,36.66205633307925,39.34993020938313,-10.962653100193059,-3.3293803957095536
2016-02-05,45.1520100191825,38.00599327123119,-7.146016747951306,1.6714016510288883,0.6856821113020108,1.9472634450213022,41.87606278316588,48.42795725519912,36.66205633307925,39.34993020938313,-10.962653100193059,-3.3293803957095536
2016-02-06,45.152010019182505,38.0059932712312,-7.146016747951307,1.6714016510288883,0.6856821113020108,1.9472634450213022,41.876062783165885,48.427957255199125,36.662056333079256,39.34993020938314,-10.962653100193059,-3.3293803957095545
2016-02-07,45.3052953046897,38.070002461132304,-7.2352928435573975,1.4335597108139406,0.5806041601313419,1.6557881073614036,42.495518271494376,48.115072337885024,36.93201830727487,39.207986614989736,-10.48063753398575,-3.9899481531290464
2016-02-08,45.30529530468971,38.070002461132304,-7.2352928435573975,1.4335597108139408,0.5806041601313419,1.6557881073614036,42.49551827149438,48.11507233788503,36.93201830727487,39.207986614989736,-10.48063753398575,-3.9899481531290464
2016-02-09,45.30529530468971,38.070002461132304,-7.2352928435573975,1.4335597108139408,0.5806041601313419,1.6557881073614036,42.49551827149438,48.11507233788503,36.93201830727487,39.207986614989736,-10.48063753398575,-3.9899481531290464
2016-02-10,45.3052953046897,38.070002461132304,-7.2352928435573975,1.4335597108139406,0.5806041601313419,1.6557881073614034,42.495518271494376,48.115072337885024,36.93201830727487,39.207986614989736,-10.480637533985748,-3.989948153129047
2016-02-11,45.3052953046897,38.070002461132304,-7.2352928435573975,1.4335597108139406,0.5806041601313419,1.6557881073614036,42.495518271494376,48.115072337885024,36.93201830727487,39.207986614989736,-10.48063753398575,-3.9899481531290464
2016-02-12,46.30837802477873,37.50684509398975,-8.80153293078898,1.9152981904266588,0.9980976241562882,2.739354646307807,42.554393571542484,50.06236247801498,35.55057375064343,39.463116437336076,-14.170668037552282,-3.4323978240256787
2016-02-13,46.308378024778726,37.506845093989746,-8.80153293078898,1.9152981904266588,0.9980976241562882,2.739354646307807,42.55439357154248,50.062362478014975,35.55057375064342,39.46311643733607,-14.170668037552282,-3.4323978240256787
2016-02-14,46.308378024778726,37.50684509398975,-8.80153293078898,1.9152981904266588,0.9980976241562882,2.739354646307807,42.55439357154248,50.062362478014975,35.55057375064343,39.463116437336076,-14.170668037552282,-3.4323978240256787
2016-02-15,46.308378024778726,37.506845093989746,-8.80153293078898,1.9152981904266588,0.9980976241562882,2.739354646307807,42.55439357154248,50.062362478014975,35.55057375064342,39.46311643733607,-14.170668037552282,-3.4323978240256787
2016-02-16,46.30837802477873,37.50684509398975,-8.80153293078898,1.9152981904266588,0.9980976241562882,2.739354646307807,42.554393571542484,50.06236247801498,35.55057375064343,39.463116437336076,-14.170668037552282,-3.4323978240256787
2016-02-17,46.04381144992667,37.103886397761414,-8.939925052165256,1.5962375684698558,1.0358280529004733,2.2498635529368998,42.915185815725756,49.17243708412759,35.073663414076485,39.13410938144634,-13.34965761592158,-4.530192488408932
2016-02-18,46.04381144992667,37.103886397761414,-8.939925052165256,1.5962375684698558,1.0358280529004733,2.2498635529368993,42.915185815725756,49.17243708412759,35.073663414076485,39.13410938144634,-13.34965761592158,-4.530192488408933
2016-02-19,46.04381144992667,37.103886397761414,-8.939925052165254,1.5962375684698558,1.0358280529004733,2.2498635529368993,42.915185815725756,49.17243708412759,35.073663414076485,39.13410938144634,-13.349657615921576,-4.5301924884089315
2016-02-20,46.04381144992667,37.103886397761414,-8.939925052165254,1.5962375684698558,1.0358280529004733,2.2498635529368993,42.915185815725756,49.17243708412759,35.073663414076485,39.13410938144634,-13.349657615921576,-4.5301924884089315
2016-02-21,46.04381144992668,37.10388639776142,-8.939925052165256,1.5962375684698558,1.0358280529004733,2.2498635529368998,42.91518581572576,49.172437084127594,35.07366341407649,39.13410938144635,-13.34965761592158,-4.530192488408932
2016-02-22,44.782767110663045,38.24465981422602,-6.538107296437024,2.0995826319719497,1.677820948593898,3.6059964819134587,40.667585151998026,48.897949069328064,34.95613075498198,41.53318887347006,-13.605860400987403,0.5296458081133544
2016-02-23,44.78276711066304,38.24465981422602,-6.538107296437024,2.0995826319719497,1.677820948593898,3.6059964819134587,40.66758515199802,48.89794906932806,34.95613075498198,41.53318887347006,-13.605860400987403,0.5296458081133544
2016-02-24,44.782767110663045,38.24465981422602,-6.538107296437024,2.0995826319719497,1.677820948593898,3.6059964819134587,40.667585151998026,48.897949069328064,34.95613075498198,41.53318887347006,-13.605860400987403,0.5296458081133544
2016-02-25,44.782767110663045,38.24465981422602,-6.538107296437024,2.0995826319719497,1.677820948593898,3.605996481913459,40.667585151998026,48.897949069328064,34.95613075498198,41.53318887347006,-13.605860400987403,0.5296458081133553
2016-02-26,44.78276711066304,38.24465981422602,-6.538107296437024,2.0995826319719497,1.677820948593898,3.6059964819134587,40.66758515199802,48.89794906932806,34.95613075498198,41.53318887347006,-13.605860400987403,0.5296458081133544
2016-02-27,45.489940237581656,37.82590594066185,-7.664034296919805,1.8550257862962531,1.4024208240564757,3.1260003825332383,41.854089696441,49.12579077872231,35.077161125511154,40.57465075581254,-13.790995046684952,-1.537073547154658
2016-02-28,45.48994023758165,37.82590594066184,-7.664034296919803,1.855025786296253,1.4024208240564757,3.1260003825332383,41.854089696440994,49.125790778722305,35.07716112551115,40.574650755812534,-13.790995046684952,-1.5370735471546562
2016-02-29,45.489940237581656,37.82590594066185,-7.664034296919805,1.8550257862962531,1.402420824056476,3.1260003825332383,41.854089696441,49.12579077872231,35.077161125511154,40.57465075581254,-13.790995046684952,-1.537073547154658
2016-03-01,45.48994023758165,37.82590594066185,-7.664034296919805,1.855025786296253,1.4024208240564757,3.1260003825332383,41.854089696440994,49.125790778722305,35.077161125511154,40.57465075581254,-13.790995046684952,-1.537073547154658
2016-03-02,45.48994023758165,37.82590594066185,-7.664034296919804,1.8550257862962531,1.4024208240564757,3.1260003825332383,41.854089696440994,49.125790778722305,35.077161125511154,40.57465075581254,-13.790995046684952,-1.537073547154657
2016-03-03,45.88019826655668,37.957052507491156,-7.923145759065525,1.5726455805763135,1.1314728637967488,2.518887237336029,42.79781292862711,48.962583604486255,35.739365694449525,40.17473932053279,-12.860164744244141,-2.986126773886908
2016-03-04,45.88019826655668,37.957052507491156,-7.923145759065526,1.5726455805763135,1.1314728637967488,2.5188872373360285,42.79781292862711,48.962583604486255,35.739365694449525,40.17473932053279,-12.860164744244141,-2.9861267738869097
2016-03-05,45.88019826655669,37.95705250749116,-7.923145759065526,1.5726455805763135,1.1314728637967488,2.5188872373360285,42.79781292862712,48.96258360448626,35.73936569444953,40.174739320532794,-12.860164744244141,-2.9861267738869097
2016-03-06,45.88019826655668,37.957052507491156,-7.923145759065525,1.5726455805763133,1.1314728637967486,2.5188872373360285,42.79781292862711,48.962583604486255,35.73936569444953,40.17473932053278,-12.860164744244141,-2.986126773886909
2016-03-07,45.88019826655668,37.957052507491156,-7.923145759065525,1.5726455805763133,1.1314728637967486,2.5188872373360285,42.79781292862711,48.962583604486255,35.73936569444953,40.17473932053278,-12.860164744244141,-2.986126773886909
2016-03-08,45.365910893117224,38.42705812652119,-6.938852766596036,1.3940479192300888,1.0746267712476467,2.3384993494341537,42.63357697142625,48.0982448148082,36.3207896548758,40.533326598166575,-11.522311491486978,-2.355394041705095
2016-03-09,45.36591089311723,38.42705812652119,-6.938852766596037,1.394047919230089,1.074626771247647,2.3384993494341537,42.63357697142626,48.098244814808204,36.3207896548758,40.533326598166575,-11.522311491486978,-2.355394041705096
2016-03-10,45.36591089311722,38.42705812652119,-6.938852766596036,1.3940479192300888,1.0746267712476467,2.3384993494341537,42.633576971426244,48.09824481480819,36.3207896548758,40.533326598166575,-11.522311491486978,-2.355394041705095
2016-03-11,45.36591089311723,38.42705812652119,-6.938852766596037,1.3940479192300888,1.0746267712476467,2.3384993494341537,42.63357697142626,48.098244814808204,36.3207896548758,40.533326598166575,-11.522311491486978,-2.355394041705096
2016-03-12,45.365910893117224,38.42705812652119,-6.938852766596036,1.3940479192300888,1.0746267712476467,2.3384993494341537,42.63357697142625,48.0982448148082,36.3207896548758,40.533326598166575,-11.522311491486978,-2.355394041705095
2016-03-13,45.45108439652715,38.3223111504583,-7.128773246068854,1.1174925630909882,0.8645235586144289,1.8764647988059688,43.26079897286881,47.64136982018549,36.627844975574014,40.01677732534258,-10.806644251728553,-3.450902240409155
2016-03-14,45.45108439652715,38.3223111504583,-7.128773246068854,1.1174925630909882,0.8645235586144288,1.8764647988059688,43.26079897286881,47.64136982018549,36.627844975574014,40.01677732534258,-10.806644251728553,-3.450902240409155
2016-03-15,45.45108439652715,38.3223111504583,-7.128773246068855,1.1174925630909884,0.8645235586144289,1.8764647988059688,43.26079897286881,47.64136982018549,36.627844975574014,40.01677732534258,-10.806644251728553,-3.450902240409156
2016-03-16,45.45108439652715,38.3223111504583,-7.128773246068855,1.1174925630909882,0.8645235586144289,1.8764647988059688,43.26079897286881,47.64136982018549,36.627844975574014,40.01677732534258,-10.806644251728553,-3.450902240409156
2016-03-17,45.45108439652715,38.3223111504583,-7.128773246068855,1.1174925630909882,0.8645235586144289,1.8764647988059688,43.26079897286881,47.64136982018549,36.627844975574014,40.01677732534258,-10.806644251728553,-3.450902240409156
2016-03-18,44.37241760831314,38.640671400375666,-5.731746207937473,1.660373319548989,0.8097741329086137,2.3576363745043403,41.11808590199713,47.62674931462916,37.05351409987478,40.22782870087655,-10.35271350196598,-1.110778913908966
2016-03-19,44.372417608313135,38.640671400375666,-5.731746207937472,1.6603733195489887,0.8097741329086136,2.3576363745043403,41.11808590199712,47.62674931462915,37.05351409987478,40.22782870087655,-10.35271350196598,-1.1107789139089652
2016-03-20,44.372417608313135,38.640671400375666,-5.731746207937473,1.660373319548989,0.8097741329086137,2.3576363745043403,41.11808590199712,47.62674931462915,37.05351409987478,40.22782870087655,-10.35271350196598,-1.110778913908966
2016-03-21,44.372417608313135,38.640671400375666,-5.731746207937473,1.660373319548989,0.8097741329086137,2.3576363745043403,41.11808590199712,47.62674931462915,37.05351409987478,40.22782870087655,-10.35271350196598,-1.110778913908966
2016-03-22,44.372417608313135,38.640671400375666,-5.731746207937472,1.6603733195489887,0.8097741329086136,2.3576363745043403,41.11808590199712,47.62674931462915,37.05351409987478,40.22782870087655,-10.35271350196598,-1.1107789139089652
2016-03-23,44.843135654273965,38.089165193413244,-6.753970460860715,1.4331010041009726,0.9560161479854631,2.26235944439272,42.03425768623606,47.65201362231187,36.215373543361736,39.96295684346475,-11.188194971870445,-2.319745949850984
2016-03-24,44.843135654273965,38.089165193413244,-6.753970460860715,1.4331010041009726,0.9560161479854631,2.26235944439272,42.03425768623606,47.65201362231187,36.215373543361736,39.96295684346475,-11.188194971870445,-2.319745949850984
2016-03-25,44.843135654273965,38.089165193413244,-6.753970460860714,1.4331010041009726,0.9560161479854631,2.26235944439272,42.03425768623606,47.65201362231187,36.215373543361736,39.96295684346475,-11.188194971870445,-2.319745949850983
2016-03-26,43.895010741728065,38.98290223276003,-4.912108508968031,1.5987525993788982,1.3216327390261844,2.8493079929318657,40.76145564694542,47.02856583651071,36.39250206426871,41.573302401251354,-10.496752175114487,0.6725351571784257
2016-03-27,43.89501074172807,38.98290223276004,-4.912108508968032,1.5987525993788985,1.3216327390261846,2.8493079929318657,40.76145564694543,47.028565836510715,36.39250206426872,41.57330240125136,-10.496752175114489,0.6725351571784248
2016-03-28,44.86039403818412,38.2608693332578,-6.599524704926314,2.1506741275340393,1.7024015377787007,3.81455840687608,40.6450727482174,49.075715328150835,34.92416231921155,41.597576347304056,-14.07605918240343,0.8770097725508021
2016-03-29,44.86039403818412,38.2608693332578,-6.599524704926314,2.1506741275340393,1.7024015377787007,3.81455840687608,40.6450727482174,49.075715328150835,34.92416231921155,41.597576347304056,-14.07605918240343,0.8770097725508021
2016-03-30,44.86039403818412,38.2608693332578,-6.5995247049263135,2.1506741275340393,1.7024015377787007,3.81455840687608,40.6450727482174,49.075715328150835,34.92416231921155,41.597576347304056,-14.07605918240343,0.877009772550803
2016-03-31,44.86039403818412,38.2608693332578,-6.5995247049263135,2.1506741275340393,1.7024015377787007,3.81455840687608,40.6450727482174,49.075715328150835,34.92416231921155,41.597576347304056,-14.07605918240343,0.877009772550803
2016-04-01,44.86039403818412,38.2608693332578,-6.599524704926314,2.1506741275340393,1.7024015377787007,3.81455840687608,40.6450727482174,49.075715328150835,34.92416231921155,41.597576347304056,-14.07605918240343,0.8770097725508021
2016-04-02,44.395248390767655,38.90725380417461,-5.487994586593047,1.8720899222546883,1.651741694249457,3.469439674849999,40.72595214314847,48.06454463838684,35.66984008344567,42.14466752490355,-12.288096349299044,1.312107176112951
2016-04-03,44.39524839076766,38.907253804174616,-5.4879945865930475,1.8720899222546883,1.651741694249457,3.469439674849999,40.725952143148476,48.06454463838685,35.66984008344568,42.144667524903554,-12.288096349299046,1.3121071761129501
2016-04-04,44.395248390767655,38.90725380417461,-5.487994586593046,1.8720899222546883,1.6517416942494567,3.469439674849999,40.72595214314847,48.06454463838684,35.66984008344567,42.14466752490355,-12.288096349299042,1.312107176112952
2016-04-05,44.395248390767655,38.907253804174616,-5.487994586593047,1.8720899222546883,1.651741694249457,3.469439674849999,40.72595214314847,48.06454463838684,35.66984008344568,42.144667524903554,-12.288096349299044,1.312107176112951
2016-04-06,44.395248390767655,38.90725380417461,-5.487994586593047,1.8720899222546883,1.6517416942494567,3.469439674849999,40.72595214314847,48.06454463838684,35.66984008344567,42.14466752490355,-12.288096349299044,1.312107176112951
2016-04-07,45.330167039048845,37.7918850150389,-7.538282024009944,2.153374652830346,2.2020639497823433,4.313949334748706,41.109552719501366,49.550781358596325,33.47583967346551,42.10793035661229,-15.993622720117408,0.9170586720975207
2016-04-08,45.330167039048845,37.7918850150389,-7.538282024009945,2.1533746528303466,2.2020639497823433,4.313949334748707,41.109552719501366,49.550781358596325,33.47583967346551,42.10793035661229,-15.993622720117411,0.9170586720975216
2016-04-09,45.33016703904885,37.79188501503891,-7.538282024009945,2.1533746528303466,2.2020639497823433,4.313949334748707,41.10955271950137,49.55078135859633,33.475839673465515,42.1079303566123,-15.993622720117411,0.9170586720975216
2016-04-10,45.33016703904885,37.7918850150389,-7.538282024009945,2.1533746528303466,2.2020639497823433,4.313949334748707,41.10955271950137,49.55078135859633,33.47583967346551,42.10793035661229,-15.993622720117411,0.9170586720975216
2016-04-11,45.330167039048845,37.7918850150389,-7.538282024009945,2.1533746528303466,2.2020639497823433,4.313949334748707,41.109552719501366,49.550781358596325,33.47583967346551,42.10793035661229,-15.993622720117411,0.9170586720975216
2016-04-12,45.70082897128023,37.97381194550465,-7.727017025775576,1.8646322119697876,1.7883869057032922,3.5374349392590645,42.04614983581945,49.35550810674101,34.468573610326196,41.479050280683104,-14.660389506723343,-0.79364454482781
2016-04-13,45.700828971280224,37.97381194550465,-7.727017025775576,1.8646322119697876,1.7883869057032922,3.5374349392590645,42.04614983581944,49.355508106741006,34.468573610326196,41.479050280683104,-14.660389506723343,-0.79364454482781
2016-04-14,45.77283460685045,39.33699071288492,-6.435843893965534,1.396376504989807,2.0458136102842563,3.0284327485960687,43.03593665707043,48.509732556630475,35.32719603672778,43.34678538904206,-12.371572081213827,-0.5001157067172395
2016-04-15,45.77283460685045,39.33699071288492,-6.435843893965533,1.396376504989807,2.045813610284257,3.0284327485960687,43.03593665707043,48.509732556630475,35.32719603672778,43.34678538904206,-12.371572081213827,-0.5001157067172386
2016-04-16,45.77283460685045,39.33699071288492,-6.435843893965533,1.396376504989807,2.045813610284257,3.0284327485960687,43.03593665707043,48.509732556630475,35.32719603672778,43.34678538904206,-12.371572081213827,-0.5001157067172386
2016-04-17,45.92740623781246,38.48106084374546,-7.446345394067005,1.2753842189564353,2.5144787860209727,3.3799423733265277,43.42765316865785,48.42715930696708,33.552682423144354,43.40943926434657,-14.071032445786999,-0.8216583423470105
2016-04-18,45.92740623781246,38.48106084374546,-7.446345394067004,1.275384218956435,2.5144787860209727,3.3799423733265277,43.42765316865785,48.42715930696708,33.552682423144354,43.40943926434657,-14.071032445786997,-0.8216583423470096
2016-04-19,45.92740623781246,38.48106084374546,-7.446345394067004,1.275384218956435,2.514478786020973,3.3799423733265277,43.42765316865785,48.42715930696708,33.552682423144354,43.40943926434657,-14.071032445786997,-0.8216583423470096
2016-04-20,45.66855896380671,38.37516330570611,-7.293395658100595,1.1626069508836927,2.135350036402071,2.884156260165575,43.389849340074676,47.947268587538744,34.18987723435805,42.56044937705417,-12.94634192802512,-1.6404493881760684
2016-04-21,45.66855896380671,38.37516330570611,-7.293395658100595,1.1626069508836927,2.1353500364020714,2.884156260165575,43.389849340074676,47.947268587538744,34.18987723435805,42.56044937705417,-12.94634192802512,-1.6404493881760684
2016-04-22,46.24180133655404,37.78458170635449,-8.457219630199553,1.574737847205804,2.3033198475926278,3.571680632271566,43.15531515603067,49.32828751707741,33.27007480507294,42.29908860763604,-15.457713669451822,-1.4567255909472845
2016-04-23,46.24180133655404,37.78458170635448,-8.457219630199553,1.5747378472058042,2.3033198475926273,3.571680632271566,43.15531515603067,49.32828751707741,33.27007480507293,42.29908860763603,-15.457713669451822,-1.4567255909472845
2016-04-24,46.24180133655403,37.78458170635448,-8.457219630199551,1.5747378472058042,2.3033198475926273,3.571680632271566,43.15531515603066,49.328287517077406,33.27007480507293,42.29908860763603,-15.45771366945182,-1.4567255909472827
2016-04-25,46.24180133655403,37.78458170635449,-8.457219630199553,1.5747378472058042,2.3033198475926273,3.571680632271566,43.15531515603066,49.328287517077406,33.27007480507294,42.29908860763604,-15.457713669451822,-1.4567255909472845
2016-04-26,46.24180133655403,37.78458170635448,-8.457219630199551,1.574737847205804,2.3033198475926273,3.571680632271566,43.15531515603066,49.328287517077406,33.27007480507293,42.29908860763603,-15.45771366945182,-1.4567255909472827
2016-04-27,46.27145664065,37.4587209455568,-8.812735695093203,1.355562046594674,2.1178185881823754,3.1880019102694845,43.61455502932444,48.92835825197556,33.30779651271934,41.609645378394255,-15.061219439221393,-2.564251950965013
2016-04-28,46.27145664065,37.4587209455568,-8.812735695093203,1.355562046594674,2.1178185881823754,3.1880019102694845,43.61455502932444,48.92835825197556,33.30779651271934,41.609645378394255,-15.061219439221393,-2.564251950965013
2016-04-29,46.27145664065,37.4587209455568,-8.812735695093203,1.355562046594674,2.1178185881823754,3.1880019102694845,43.61455502932444,48.92835825197556,33.30779651271934,41.609645378394255,-15.061219439221393,-2.564251950965013
2016-04-30,46.271456640649994,37.4587209455568,-8.8127356950932,1.355562046594674,2.1178185881823754,3.1880019102694845,43.614555029324436,48.92835825197555,33.30779651271934,41.609645378394255,-15.06121943922139,-2.5642519509650112
2016-05-01,46.27145664065,37.4587209455568,-8.812735695093203,1.355562046594674,2.1178185881823754,3.1880019102694845,43.61455502932444,48.92835825197556,33.30779651271934,41.609645378394255,-15.061219439221393,-2.564251950965013
2016-05-02,46.31492131992767,38.25701402677234,-8.05790729315533,1.1765517953247637,2.168307673981785,2.9248135387362257,44.00887980109113,48.62096283876421,34.00713098576804,42.506897067776634,-13.790541829078332,-2.3252727572323275
2016-05-03,46.31492131992767,38.25701402677234,-8.05790729315533,1.1765517953247637,2.168307673981785,2.9248135387362257,44.00887980109113,48.62096283876421,34.00713098576804,42.506897067776634,-13.790541829078332,-2.3252727572323275
2016-05-04,46.31492131992767,38.25701402677234,-8.05790729315533,1.1765517953247637,2.168307673981785,2.9248135387362257,44.00887980109113,48.62096283876421,34.00713098576804,42.506897067776634,-13.790541829078332,-2.3252727572323275
2016-05-05,46.31492131992766,38.25701402677234,-8.057907293155328,1.176551795324764,2.168307673981785,2.9248135387362257,44.008879801091126,48.6209628387642,34.00713098576804,42.506897067776634,-13.790541829078329,-2.3252727572323257
2016-05-06,46.31492131992766,38.25701402677234,-8.057907293155328,1.1765517953247637,2.168307673981785,2.9248135387362257,44.008879801091126,48.6209628387642,34.00713098576804,42.506897067776634,-13.790541829078329,-2.3252727572323257
2016-05-07,46.662744574592345,37.946346671031215,-8.716397903561134,1.1626690092481278,1.8828620293348122,2.693674986390025,44.383913316466014,48.94157583271868,34.25593709353498,41.63675624852745,-13.996000876885581,-3.436794930236686
2016-05-08,46.662744574592345,37.94634667103121,-8.716397903561134,1.1626690092481278,1.8828620293348117,2.693674986390025,44.383913316466014,48.94157583271868,34.255937093534975,41.63675624852744,-13.996000876885581,-3.436794930236686
2016-05-09,46.66274457459235,37.946346671031215,-8.716397903561134,1.1626690092481278,1.8828620293348122,2.6936749863900253,44.38391331646602,48.941575832718684,34.25593709353498,41.63675624852745,-13.996000876885583,-3.436794930236685
2016-05-10,46.66274457459234,37.94634667103121,-8.716397903561132,1.1626690092481275,1.8828620293348117,2.693674986390025,44.38391331646601,48.94157583271867,34.255937093534975,41.63675624852744,-13.996000876885581,-3.436794930236684
2016-05-11,46.662744574592345,37.94634667103121,-8.716397903561134,1.1626690092481275,1.882862029334812,2.693674986390025,44.383913316466014,48.94157583271868,34.255937093534975,41.63675624852744,-13.996000876885581,-3.436794930236686
2016-05-12,46.91536358131174,38.66569327472318,-8.249670306588557,1.076712246213931,1.8778380458826789,2.3350564669631457,44.805007578732436,49.02571958389104,34.98513070479313,42.346255844653236,-12.826380981836323,-3.6729596313407917
2016-05-13,46.91536358131174,38.66569327472318,-8.249670306588555,1.076712246213931,1.8778380458826789,2.3350564669631457,44.805007578732436,49.02571958389104,34.98513070479313,42.346255844653236,-12.826380981836321,-3.67295963134079
2016-05-14,46.91536358131174,38.66569327472318,-8.249670306588557,1.076712246213931,1.8778380458826789,2.3350564669631457,44.805007578732436,49.02571958389104,34.98513070479313,42.346255844653236,-12.826380981836323,-3.6729596313407917
2016-05-15,46.91536358131174,38.66569327472318,-8.249670306588557,1.076712246213931,1.8778380458826789,2.3350564669631457,44.805007578732436,49.02571958389104,34.98513070479313,42.346255844653236,-12.826380981836323,-3.6729596313407917
2016-05-16,46.70894091945699,38.771056196459384,-7.937884722997612,0.9686348994569451,1.5982038962229452,2.0376002815814203,44.81041651652138,48.607465322392606,35.638576559862415,41.90353583305635,-11.931581274897196,-3.9441881710980287
2016-05-17,46.64153547040821,38.08935929927184,-8.552176171136365,0.8382913249843952,1.7757430735818307,2.068589874688168,44.99848447343879,48.28458646737762,34.608902875051456,41.569815723492226,-12.606612325525173,-4.497740016747556
2016-05-18,46.64153547040821,38.08935929927184,-8.552176171136365,0.8382913249843952,1.7757430735818307,2.068589874688168,44.99848447343879,48.28458646737762,34.608902875051456,41.569815723492226,-12.606612325525173,-4.497740016747556
2016-05-19,46.29542109769207,39.42584093462764,-6.869580163064433,0.8924943316238834,1.72213438116653,2.257484652213256,44.546132207709256,48.044709987674885,36.050457547541235,42.80122432171404,-11.294250081402415,-2.444910244726451
2016-05-20,46.29542109769207,39.42584093462764,-6.869580163064433,0.8924943316238834,1.72213438116653,2.257484652213256,44.546132207709256,48.044709987674885,36.050457547541235,42.80122432171404,-11.294250081402415,-2.444910244726451
2016-05-21,46.29542109769207,39.42584093462764,-6.869580163064434,0.8924943316238834,1.72213438116653,2.257484652213256,44.546132207709256,48.044709987674885,36.050457547541235,42.80122432171404,-11.294250081402417,-2.4449102447264517
2016-05-22,46.46573110410082,38.99949828490857,-7.466232819192243,0.9444599995369624,1.9473663363231888,2.625891169447923,44.614589505008375,48.31687270319326,35.18266026571512,42.816336304102016,-12.612979511310172,-2.319486127074314
2016-05-23,46.46573110410082,38.999498284908576,-7.466232819192243,0.9444599995369624,1.947366336323189,2.625891169447923,44.614589505008375,48.31687270319326,35.18266026571513,42.81633630410202,-12.612979511310172,-2.319486127074314
2016-05-24,46.46573110410081,38.99949828490857,-7.466232819192242,0.9444599995369622,1.9473663363231888,2.6258911694479226,44.61458950500837,48.316872703193255,35.18266026571512,42.816336304102016,-12.612979511310169,-2.319486127074314
2016-05-25,46.46573110410082,38.99949828490857,-7.466232819192243,0.9444599995369624,1.947366336323189,2.625891169447923,44.614589505008375,48.31687270319326,35.18266026571512,42.816336304102016,-12.612979511310172,-2.319486127074314
2016-05-26,46.46573110410082,38.999498284908576,-7.466232819192244,0.9444599995369624,1.947366336323189,2.625891169447923,44.614589505008375,48.31687270319326,35.18266026571513,42.81633630410202,-12.612979511310172,-2.319486127074315
2016-05-27,46.64296711794627,38.55006220105896,-8.092904916887319,0.9599817303329231,2.0645944021521285,2.818254722274734,44.761402926493744,48.524531309398796,34.50345717284078,42.59666722927713,-13.616684172545797,-2.5691256612288402
2016-05-28,46.64296711794627,38.55006220105896,-8.092904916887319,0.9599817303329231,2.0645944021521285,2.8182547222747343,44.761402926493744,48.524531309398796,34.50345717284078,42.59666722927713,-13.6166841725458,-2.5691256612288393
2016-05-29,46.64296711794627,38.55006220105896,-8.092904916887319,0.9599817303329231,2.0645944021521285,2.8182547222747343,44.761402926493744,48.524531309398796,34.50345717284078,42.59666722927713,-13.6166841725458,-2.5691256612288393
2016-05-30,46.64296711794627,38.55006220105895,-8.092904916887317,0.9599817303329231,2.0645944021521285,2.8182547222747343,44.761402926493744,48.524531309398796,34.503457172840776,42.596667229277124,-13.616684172545796,-2.5691256612288376
2016-05-31,46.64296711794627,38.55006220105895,-8.092904916887317,0.9599817303329231,2.0645944021521285,2.818254722274734,44.761402926493744,48.524531309398796,34.503457172840776,42.596667229277124,-13.616684172545796,-2.5691256612288385
2016-06-01,47.525868818922966,38.31216961973602,-9.213699199186946,1.8777464211596882,1.9001830225541665,3.365159992166589,43.84548583344998,51.206251804395954,34.58781089552985,42.03652834394219,-15.80941278383346,-2.617985614540432
2016-06-02,47.525868818922966,38.31216961973602,-9.213699199186944,1.8777464211596882,1.9001830225541665,3.365159992166589,43.84548583344998,51.206251804395954,34.58781089552985,42.03652834394219,-15.809412783833459,-2.61798561454043
2016-06-03,47.52586881892296,38.31216961973602,-9.213699199186944,1.8777464211596882,1.9001830225541663,3.365159992166589,43.84548583344997,51.20625180439595,34.587810895529856,42.03652834394218,-15.809412783833459,-2.61798561454043
2016-06-04,47.52586881892296,38.31216961973601,-9.213699199186944,1.8777464211596882,1.9001830225541663,3.365159992166589,43.84548583344997,51.20625180439595,34.58781089552984,42.03652834394218,-15.809412783833459,-2.61798561454043
2016-06-05,47.52586881892296,38.31216961973602,-9.213699199186944,1.8777464211596882,1.9001830225541663,3.365159992166589,43.84548583344997,51.20625180439595,34.587810895529856,42.03652834394218,-15.809412783833459,-2.61798561454043
2016-06-06,47.72854320725957,37.55608077974728,-10.172462427512288,1.6676407703932048,2.170643630198228,3.4690528150368736,44.45996729728889,50.99711911723025,33.30161926455876,41.81054229493581,-16.97180594498456,-3.3731189100400156
2016-06-07,47.72854320725957,37.55608077974728,-10.172462427512288,1.6676407703932048,2.170643630198228,3.4690528150368736,44.45996729728889,50.99711911723025,33.30161926455876,41.81054229493581,-16.97180594498456,-3.3731189100400156
2016-06-08,47.72854320725957,37.55608077974728,-10.172462427512288,1.6676407703932048,2.170643630198228,3.4690528150368736,44.45996729728889,50.99711911723025,33.30161926455876,41.81054229493581,-16.97180594498456,-3.3731189100400156
2016-06-09,47.72854320725957,37.55608077974728,-10.172462427512288,1.6676407703932048,2.170643630198228,3.4690528150368736,44.45996729728889,50.99711911723025,33.30161926455876,41.81054229493581,-16.97180594498456,-3.3731189100400156
2016-06-10,47.72854320725958,37.55608077974729,-10.17246242751229,1.667640770393205,2.170643630198228,3.469052815036874,44.4599672972889,50.997119117230255,33.30161926455877,41.810542294935814,-16.971805944984563,-3.3731189100400165
2016-06-11,48.49683388078299,36.94987237757252,-11.546961503210468,1.9358719346051525,2.163855785139366,3.8411483936994943,44.70252488895689,52.291142872609086,32.70871503869936,41.19102971644568,-19.075612354861477,-4.018310651559459
2016-06-12,48.49683388078299,36.94987237757252,-11.546961503210468,1.9358719346051527,2.163855785139366,3.8411483936994943,44.70252488895689,52.291142872609086,32.70871503869936,41.19102971644568,-19.075612354861477,-4.018310651559459
2016-06-13,48.496833880782994,36.949872377572525,-11.54696150321047,1.9358719346051527,2.163855785139366,3.8411483936994943,44.702524888956894,52.29114287260909,32.70871503869937,41.191029716445684,-19.07561235486148,-4.018310651559461
2016-06-14,48.49683388078299,36.94987237757252,-11.546961503210468,1.9358719346051527,2.163855785139366,3.8411483936994943,44.70252488895689,52.291142872609086,32.70871503869936,41.19102971644568,-19.075612354861477,-4.018310651559459
2016-06-15,48.49683388078299,36.94987237757252,-11.546961503210468,1.9358719346051525,2.163855785139366,3.8411483936994943,44.70252488895689,52.291142872609086,32.70871503869936,41.19102971644568,-19.075612354861477,-4.018310651559459
2016-06-16,48.45245233921245,36.17164421616752,-12.280808123044926,1.6252834979160005,2.2643037457031032,3.535657985475477,45.26689668329709,51.63800799512781,31.73360887458944,40.60967955774561,-19.21069777457686,-5.350918471512991
2016-06-17,48.452452339212456,36.17164421616753,-12.280808123044928,1.6252834979160005,2.2643037457031032,3.5356579854754773,45.2668966832971,51.638007995127815,31.733608874589446,40.60967955774561,-19.210697774576865,-5.350918471512992
2016-06-18,48.452452339212456,36.17164421616753,-12.280808123044926,1.6252834979160005,2.2643037457031032,3.5356579854754773,45.2668966832971,51.638007995127815,31.733608874589446,40.60967955774561,-19.21069777457686,-5.3509184715129905
2016-06-19,48.452452339212456,36.17164421616753,-12.280808123044928,1.6252834979160005,2.2643037457031032,3.5356579854754773,45.2668966832971,51.638007995127815,31.733608874589446,40.60967955774561,-19.210697774576865,-5.350918471512992
2016-06-20,48.452452339212456,36.17164421616752,-12.280808123044928,1.6252834979160002,2.2643037457031032,3.535657985475477,45.2668966832971,51.638007995127815,31.73360887458944,40.60967955774561,-19.21069777457686,-5.350918471512993
2016-06-21,48.453576849895626,36.58092834395692,-11.8726485059387,1.3569497093641723,1.9375146630870455,2.9837975646021713,45.793955419541845,51.11319828024941,32.78339960430631,40.37845708360753,-17.720891732558957,-6.024405279318445
2016-06-22,48.453576849895626,36.58092834395692,-11.8726485059387,1.3569497093641725,1.9375146630870455,2.9837975646021717,45.793955419541845,51.11319828024941,32.78339960430631,40.37845708360753,-17.720891732558957,-6.024405279318444
2016-06-23,46.866964221019316,39.00033353743862,-7.866630683580696,2.0629674902864203,3.1059563589837915,5.061549182511552,42.823547940057935,50.9103805019807,32.91265907383039,45.08800800104685,-17.787267081303337,2.0540057141419465
2016-06-24,46.866964221019316,39.00033353743862,-7.866630683580697,2.0629674902864203,3.1059563589837915,5.061549182511552,42.823547940057935,50.9103805019807,32.91265907383039,45.08800800104685,-17.78726708130334,2.0540057141419457
2016-06-25,46.866964221019316,39.000333537438614,-7.866630683580696,2.0629674902864203,3.1059563589837915,5.061549182511552,42.823547940057935,50.9103805019807,32.91265907383038,45.088008001046845,-17.787267081303337,2.0540057141419465
2016-06-26,47.159356210666424,38.50242464712431,-8.656931563542113,1.9659889125489314,3.001185569875841,4.882200081753341,43.30601794207052,51.01269447926233,32.62010093016766,44.384748364080956,-18.22604372377866,0.9121805966944354
2016-06-27,46.03301392154056,38.048536849080925,-7.984477072459633,2.44728893568718,2.6423941670737054,4.271015632025247,41.23632760759369,50.82970023548743,32.86944428161646,43.22762941654539,-16.355667711229117,0.3867135663098509
2016-06-28,46.8100659821047,38.38659270648906,-8.423473275615638,2.6288076276991847,2.2609127387313404,3.55866091655823,41.657603031814304,51.9625289323951,33.955203738575634,42.81798167440249,-15.398448672069769,-1.4484978791615077
2016-06-29,46.8100659821047,38.38659270648906,-8.423473275615638,2.6288076276991847,2.26091273873134,3.55866091655823,41.657603031814304,51.9625289323951,33.955203738575634,42.81798167440249,-15.398448672069769,-1.4484978791615077
2016-06-30,46.8100659821047,38.38659270648907,-8.42347327561564,2.6288076276991847,2.2609127387313404,3.55866091655823,41.657603031814304,51.9625289323951,33.95520373857564,42.817981674402496,-15.39844867206977,-1.4484978791615095
2016-07-01,46.58953686195259,38.129564486119655,-8.459972375832931,2.484815104843098,2.233608790409028,3.2943158714516767,41.71929925646012,51.45977446744506,33.75169125691796,42.50743771532135,-14.916831483878218,-2.0031132677876453
2016-07-02,46.58953686195258,38.129564486119655,-8.45997237583293,2.4848151048430975,2.233608790409028,3.2943158714516763,41.71929925646011,51.45977446744505,33.75169125691796,42.50743771532135,-14.916831483878216,-2.0031132677876444
2016-07-03,46.58953686195258,38.129564486119655,-8.459972375832931,2.4848151048430975,2.233608790409028,3.2943158714516763,41.71929925646011,51.45977446744505,33.75169125691796,42.50743771532135,-14.916831483878216,-2.003113267787646
2016-07-04,46.46014990050233,37.92608147086579,-8.534068429636543,2.2602689665911786,2.0579105448081627,2.9947749457064594,42.03002272598362,50.89027707502104,33.89257680304179,41.95958613868979,-14.403827323221204,-2.6643095360518823
2016-07-05,46.46014990050233,37.92608147086579,-8.534068429636543,2.260268966591178,2.0579105448081627,2.9947749457064594,42.03002272598362,50.89027707502104,33.89257680304179,41.95958613868979,-14.403827323221204,-2.6643095360518823
2016-07-06,46.60678953557707,38.01006609045731,-8.596723445119764,2.1390834988637404,1.9061648919361163,2.784638276867485,42.414185877804144,50.79939319335,34.27398290226252,41.7461492786521,-14.054614467780034,-3.138832422459493
2016-07-07,46.60678953557707,38.01006609045731,-8.596723445119764,2.139083498863741,1.9061648919361163,2.784638276867485,42.41418587780414,50.79939319335001,34.27398290226252,41.7461492786521,-14.054614467780034,-3.138832422459493
2016-07-08,46.60678953557707,38.01006609045731,-8.596723445119764,2.139083498863741,1.9061648919361163,2.784638276867485,42.41418587780414,50.79939319335001,34.27398290226252,41.7461492786521,-14.054614467780034,-3.138832422459493
2016-07-09,46.60678953557707,38.01006609045731,-8.596723445119764,2.1390834988637404,1.9061648919361165,2.784638276867485,42.414185877804144,50.79939319335,34.27398290226252,41.7461492786521,-14.054614467780034,-3.138832422459493
2016-07-10,46.522711436101496,37.89425915527921,-8.628452280822284,2.0991341985640233,1.9025149408999182,2.691132592890489,42.40840840691601,50.63701446528698,34.16532987111537,41.62318843944305,-13.903072162887643,-3.353832398756926
2016-07-11,45.831984851753695,36.92248194029717,-8.909502911456524,2.8809772105179885,1.9590671644355673,3.498771807043854,40.18526951913844,51.478700184368954,33.082710298003455,40.76225358259088,-15.767095653262478,-2.0519101696505704
2016-07-12,45.831984851753695,36.92248194029717,-8.909502911456524,2.8809772105179885,1.9590671644355673,3.498771807043854,40.18526951913844,51.478700184368954,33.082710298003455,40.76225358259088,-15.767095653262478,-2.0519101696505704
2016-07-13,45.83198485175369,36.92248194029717,-8.909502911456523,2.8809772105179885,1.9590671644355673,3.498771807043854,40.18526951913843,51.47870018436895,33.082710298003455,40.76225358259088,-15.767095653262476,-2.0519101696505686
2016-07-14,45.831984851753695,36.92248194029717,-8.909502911456524,2.8809772105179885,1.9590671644355673,3.498771807043854,40.18526951913844,51.478700184368954,33.082710298003455,40.76225358259088,-15.767095653262478,-2.0519101696505704
2016-07-15,45.83198485175369,36.92248194029717,-8.909502911456523,2.8809772105179885,1.9590671644355673,3.498771807043854,40.18526951913843,51.47870018436895,33.082710298003455,40.76225358259088,-15.767095653262476,-2.0519101696505686
2016-07-16,46.11130215383039,37.15754714960793,-8.953755004222458,2.7706034238363566,1.8142949179336805,3.1445830308739753,40.68091944311113,51.541684864549644,33.60152911045792,40.71356518875794,-15.11713774473545,-2.7903722637094663
2016-07-17,45.893381828015116,37.12930124047117,-8.76408058754394,2.6852123970304365,1.7154919461739837,3.0146534364791076,40.63036552983546,51.15639812619477,33.766937025970165,40.49166545497218,-14.672801323042991,-2.8553598520448897
2016-07-18,45.893381828015116,37.12930124047117,-8.76408058754394,2.6852123970304365,1.7154919461739837,3.0146534364791076,40.63036552983546,51.15639812619477,33.766937025970165,40.49166545497218,-14.672801323042991,-2.8553598520448897
2016-07-19,45.89338182801511,37.12930124047117,-8.764080587543939,2.6852123970304365,1.7154919461739837,3.0146534364791076,40.63036552983545,51.156398126194766,33.766937025970165,40.49166545497218,-14.67280132304299,-2.855359852044888
2016-07-20,45.89338182801511,37.12930124047117,-8.76408058754394,2.6852123970304365,1.7154919461739837,3.0146534364791076,40.63036552983545,51.156398126194766,33.766937025970165,40.49166545497218,-14.672801323042991,-2.8553598520448897
2016-07-21,45.588179430846715,37.14273181275613,-8.445447618090578,2.476589879632361,1.566185534087208,2.7515646694565445,40.734063266767286,50.442295594926144,34.073008165945204,40.21245545956706,-13.838514370225404,-3.05238086595575
2016-07-22,45.588179430846715,37.14273181275614,-8.445447618090578,2.476589879632361,1.566185534087208,2.751564669456545,40.734063266767286,50.442295594926144,34.07300816594521,40.21245545956707,-13.838514370225406,-3.052380865955749
2016-07-23,45.588179430846715,37.14273181275614,-8.445447618090578,2.476589879632361,1.566185534087208,2.751564669456545,40.734063266767286,50.442295594926144,34.07300816594521,40.21245545956707,-13.838514370225406,-3.052380865955749
2016-07-24,44.88056333103464,37.643948618293024,-7.236614712741616,2.6545215536585665,1.7347120529897684,3.4552247362655764,39.677701085863845,50.08342557620543,34.243912994433074,41.04398424215297,-14.008855195822147,-0.4643742296610869
2016-07-25,44.88056333103464,37.64394861829302,-7.236614712741615,2.6545215536585665,1.7347120529897682,3.4552247362655755,39.677701085863845,50.08342557620543,34.243912994433074,41.04398424215296,-14.008855195822143,-0.46437422966108777
2016-07-26,43.70006363692044,37.98765233898774,-5.712411297932699,3.178095915983878,1.668147142637497,4.116716784732286,37.47099564159204,49.92913163224884,34.71808393941825,41.25722073855724,-13.78117619600798,2.3563536001425804
2016-07-27,43.70006363692044,37.98765233898774,-5.712411297932699,3.178095915983878,1.668147142637497,4.116716784732286,37.47099564159204,49.92913163224884,34.71808393941825,41.25722073855724,-13.78117619600798,2.3563536001425804
2016-07-28,43.70006363692044,37.98765233898774,-5.712411297932699,3.178095915983878,1.668147142637497,4.116716784732286,37.47099564159204,49.92913163224884,34.71808393941825,41.25722073855724,-13.78117619600798,2.3563536001425804
2016-07-29,43.70006363692044,37.98765233898774,-5.712411297932699,3.178095915983878,1.668147142637497,4.116716784732286,37.47099564159204,49.92913163224884,34.71808393941825,41.25722073855724,-13.78117619600798,2.3563536001425804
2016-07-30,44.10439947378787,38.76920553776825,-5.335193936019624,2.7650140485938186,1.94851172309014,3.537363141458073,38.68497193854399,49.523827009031756,34.95012256051157,42.58828851502493,-12.268425693277447,1.598037821238199
2016-07-31,43.917521105881875,38.39142917861429,-5.526091927267584,2.5520892211354482,2.037441711184994,3.2125823159307973,38.9154262324564,48.91961597930735,34.3980434246917,42.38481493253688,-11.822753266491947,0.770569411956779
2016-08-01,44.12805989170798,38.154131406380436,-5.973928485327538,2.4016275051104694,1.9561493590541836,3.118874013288805,39.42086998169146,48.835249801724494,34.32007866263424,41.988184150126635,-12.086921551373596,0.1390645807185198
2016-08-02,44.12805989170797,38.15413140638043,-5.973928485327538,2.4016275051104694,1.9561493590541836,3.118874013288805,39.42086998169145,48.83524980172449,34.32007866263423,41.98818415012663,-12.086921551373596,0.1390645807185198
2016-08-03,44.97555522890131,38.159020392313884,-6.816534836587426,2.2057166535482637,1.6248563349696645,2.8082800954528766,40.652350587946714,49.2987598698559,34.974301975773344,41.343738808854425,-12.320763823675064,-1.3123058494997881
2016-08-04,44.97555522890131,38.15902039231388,-6.816534836587425,2.2057166535482637,1.6248563349696645,2.8082800954528766,40.652350587946714,49.2987598698559,34.974301975773336,41.34373880885442,-12.320763823675062,-1.3123058494997872
2016-08-05,44.578131963770275,38.21716278744996,-6.360969176320313,2.420009085507672,1.5850149783869496,3.0922657855148326,39.83491415617524,49.32134977136531,35.11053342981154,41.323792145088376,-12.421810115929386,-0.3001282367112408
2016-08-06,44.578131963770275,38.217162787449965,-6.360969176320313,2.420009085507672,1.5850149783869496,3.0922657855148326,39.83491415617524,49.32134977136531,35.11053342981155,41.32379214508838,-12.421810115929386,-0.3001282367112408
2016-08-07,44.578131963770275,38.21716278744996,-6.360969176320313,2.420009085507672,1.5850149783869496,3.0922657855148326,39.83491415617524,49.32134977136531,35.11053342981154,41.323792145088376,-12.421810115929386,-0.3001282367112408
2016-08-08,44.578131963770275,38.21716278744996,-6.360969176320313,2.420009085507672,1.5850149783869496,3.0922657855148326,39.83491415617524,49.32134977136531,35.11053342981154,41.323792145088376,-12.421810115929386,-0.3001282367112408
2016-08-09,44.24494682335343,38.46696523353309,-5.777981589820338,2.412895351395522,1.5827342137974287,3.2070623202186055,39.51567193461821,48.97422171208865,35.36480617449013,41.56912429257605,-12.063823737448804,0.5078605578081286
2016-08-10,43.87946942065502,38.3256401687858,-5.553829251869213,2.5352171837705773,1.5484171973297178,3.089762769685423,38.910443740464686,48.848495100845355,35.29074246201956,41.36053787555205,-11.60976428045264,0.5021057767142159
2016-08-11,43.87946942065501,38.3256401687858,-5.553829251869213,2.5352171837705773,1.5484171973297178,3.089762769685423,38.910443740464686,48.84849510084534,35.29074246201956,41.36053787555205,-11.60976428045264,0.5021057767142159
2016-08-12,43.87946942065501,38.3256401687858,-5.553829251869213,2.5352171837705773,1.5484171973297178,3.089762769685423,38.910443740464686,48.84849510084534,35.29074246201956,41.36053787555205,-11.60976428045264,0.5021057767142159
2016-08-13,43.87946942065501,38.3256401687858,-5.553829251869212,2.5352171837705773,1.5484171973297178,3.089762769685423,38.910443740464686,48.84849510084534,35.29074246201956,41.36053787555205,-11.60976428045264,0.5021057767142167
2016-08-14,43.87891638594725,38.266469224891324,-5.612447161055928,2.4591409098594146,1.5198034705563517,3.004067696838794,39.0590002026228,48.6988325692717,35.28765442260087,41.245284027181775,-11.500419846859964,0.2755255247481081
2016-08-15,43.620472276930315,38.412361765333145,-5.2081105115971695,2.3983879761193347,1.4477268556508751,2.9991532159812997,38.91963184373642,48.32131271012421,35.57481712825743,41.24990640240886,-11.086450814920518,0.6702297917261779
2016-08-16,43.88514561584327,37.99530250819972,-5.889843107643551,2.2896360677409575,1.609937557815122,3.121764706638312,39.39745892307099,48.37283230861555,34.839824894882085,41.15078012151736,-12.008501932654642,0.22881571736754047
2016-08-17,43.88514561584327,37.99530250819972,-5.889843107643551,2.2896360677409575,1.6099375578151218,3.121764706638312,39.39745892307099,48.37283230861555,34.839824894882085,41.15078012151736,-12.008501932654642,0.22881571736754047
2016-08-18,43.88514561584327,37.99530250819972,-5.889843107643551,2.2896360677409575,1.6099375578151218,3.121764706638312,39.39745892307099,48.37283230861555,34.839824894882085,41.15078012151736,-12.008501932654642,0.22881571736754047
2016-08-19,43.88514561584327,37.99530250819972,-5.889843107643551,2.2896360677409575,1.6099375578151218,3.121764706638312,39.39745892307099,48.37283230861555,34.839824894882085,41.15078012151736,-12.008501932654642,0.22881571736754047
2016-08-20,43.69510421395821,37.82536183466951,-5.869742379288706,2.093819436460844,1.482042211749421,2.78020893352388,39.59121811849496,47.79899030942146,34.92055909964064,40.730164569698374,-11.31895188899551,-0.4205328695819013
2016-08-21,43.69510421395822,37.82536183466951,-5.869742379288706,2.093819436460844,1.4820422117494212,2.78020893352388,39.591218118494965,47.79899030942147,34.92055909964064,40.730164569698374,-11.31895188899551,-0.4205328695819013
2016-08-22,43.69510421395822,37.825361834669515,-5.869742379288707,2.093819436460844,1.4820422117494212,2.78020893352388,39.591218118494965,47.79899030942147,34.92055909964065,40.73016456969838,-11.31895188899551,-0.42053286958190217
2016-08-23,43.909491731675004,37.86415416995153,-6.045337561723477,2.014336864359079,1.3413031006405218,2.5809890420493176,39.96139147753121,47.8575919858188,35.23520009269611,40.493108247206955,-11.10407608414014,-0.9865990393068147
2016-08-24,43.909491731675004,37.86415416995153,-6.045337561723477,2.014336864359079,1.3413031006405218,2.5809890420493176,39.96139147753121,47.8575919858188,35.23520009269611,40.493108247206955,-11.10407608414014,-0.9865990393068147
2016-08-25,43.74270202741096,37.75220139991743,-5.990500627493527,1.9021946556189528,1.2601107761900054,2.3672848635405166,40.014400502397805,47.47100355242411,35.28238427858502,40.222018521249844,-10.630378960032939,-1.350622294954115
2016-08-26,43.698500282949375,37.85022215641357,-5.848278126535805,1.865775330625653,1.2802759767424576,2.37615483680975,40.04158063492309,47.35541993097566,35.34088124199835,40.35956307082879,-10.505541606682915,-1.1910146463886946
2016-08-27,43.69850028294938,37.85022215641357,-5.8482781265358055,1.865775330625653,1.2802759767424579,2.37615483680975,40.0415806349231,47.355419930975664,35.34088124199835,40.35956307082879,-10.505541606682915,-1.1910146463886955
2016-08-28,43.698500282949375,37.85022215641357,-5.8482781265358055,1.865775330625653,1.2802759767424576,2.37615483680975,40.04158063492309,47.35541993097566,35.34088124199835,40.35956307082879,-10.505541606682915,-1.1910146463886955
2016-08-29,43.572686398007164,38.23039397405528,-5.342292423951879,1.7097859535159867,1.397416021014013,2.3527571756935526,40.22150592911583,46.9238668668985,35.49145857286781,40.96932937524275,-9.953696488311241,-0.7308883595925169
2016-08-30,42.69876099870914,38.24353650266729,-4.455224496041853,2.4901258531218287,1.2728857621953775,2.8800929931567456,37.818114326590354,47.579407670827926,35.74868040876435,40.73839259657023,-10.100206762629075,1.1897577705453681
2016-08-31,42.69876099870914,38.24353650266728,-4.455224496041852,2.4901258531218287,1.2728857621953775,2.8800929931567456,37.818114326590354,47.579407670827926,35.74868040876434,40.73839259657022,-10.100206762629075,1.189757770545369
2016-09-01,42.99064686095715,38.672166790713305,-4.31848007024384,2.2608957481014595,1.377315823471141,2.5508819045930236,38.55929119467829,47.42200252723601,35.97262777670987,41.37170580471674,-9.318208603246166,0.6812484627584858
2016-09-02,42.92904486969205,38.630381686495255,-4.2986631831967985,1.9960918238464238,1.2088184808429334,2.240046158437706,39.01670489495306,46.84138484443104,36.261097464043104,40.99966590894741,-8.689153653734703,0.09182728734110501
2016-09-03,42.92904486969205,38.63038168649525,-4.298663183196798,1.9960918238464238,1.2088184808429334,2.240046158437706,39.01670489495306,46.84138484443104,36.2610974640431,40.9996659089474,-8.689153653734701,0.0918272873411059
2016-09-04,42.96378744374268,39.675789651190954,-3.2879977925517263,1.6971635135983958,1.9636509333236518,2.438772624867681,39.637346957089825,46.29022793039554,35.8270338218766,43.52454548050531,-8.06799213729238,1.4919965521889278
2016-09-05,42.802337854194924,39.73887299813123,-3.0634648560636952,1.737303980721221,1.891495194245092,2.476790720807526,39.39722205198133,46.20745365640852,36.03154241741085,43.44620357885161,-7.917974668846446,1.7910449567190554
2016-09-06,42.719933794373866,39.67169764397278,-3.048236150401085,1.656030785030695,1.8127184981453128,2.330411089740973,39.474113455713706,45.965754133034025,36.11876938760796,43.22462590033759,-7.615841886293392,1.5193695854912224
2016-09-07,42.71595189911807,39.67677009375321,-3.039181805364855,1.651933648875448,1.8116394884129858,2.3234470636906788,39.47816194732219,45.95374185091394,36.12595669646376,43.227583491042665,-7.5931380501985855,1.5147744394688756
2016-09-08,42.7523977893882,39.707444342452554,-3.044953446935645,1.6313282874654058,1.77830049270223,2.277650301679685,39.554994345956004,45.94980123282039,36.221975376756184,43.192913308148924,-7.509148038227828,1.4192411443565383
2016-09-09,42.369761116500555,39.565710430098356,-2.804050686402198,1.9857315686553914,1.758375404693329,2.2979340011809755,38.47772724193599,46.26179499106512,36.11929463689943,43.01212622329728,-7.3080013287169105,1.6998999559125143
2016-09-10,42.364034695461555,39.569373653678895,-2.794661041782665,1.9837946083308262,1.7573475644945702,2.290760688106337,38.47579726313314,46.25227212778997,36.12497242726954,43.01377488008825,-7.284551990471085,1.6952299069057553
2016-09-11,42.35828528899245,39.57304240784299,-2.7852428811494594,1.9818812908453496,1.7563138477159321,2.2835512531265794,38.47379795893556,46.24277261904933,36.13066726631976,43.01541754936622,-7.261003337277555,1.690517574978636
2016-09-12,42.35251247494772,39.5767162304016,-2.7757962445461226,1.979992441627403,1.7552742315263534,2.2763058365085374,38.471727289358014,46.23329766053743,36.13637873660995,43.017053724193254,-7.237355684102856,1.685763195010611
2016-09-13,42.82551563271236,39.47551649580213,-3.3499991369102258,2.1056774390863215,1.6266087192735228,2.4605217101310086,38.69838785210317,46.95264341332155,36.28736340602603,42.66366958557823,-8.172621688767002,1.4726234149465514
2016-09-14,43.10253950765078,39.33007525745836,-3.7724642501924195,2.013897342768032,1.5887761237784592,2.4961267958619064,39.15530071582544,47.049778299476124,36.216074054852584,42.44407646006414,-8.664872770081756,1.119944269696917
2016-09-15,43.10305706809483,39.330864501668955,-3.772192566425868,2.013578364798884,1.586969031325073,2.4942501340780976,39.15644347308901,47.04967066310064,36.22040520027181,42.4413238030661,-8.66092282921894,1.1165376963672036
2016-09-16,42.69738993482871,39.260747641414454,-3.4366422934142586,2.199717507437966,1.4778735616250225,2.431935101666921,38.3859436202503,47.008836249407125,36.36411546062941,42.1573798221995,-8.203235092681423,1.329950505852906
2016-09-17,42.69510806281922,39.260649534223305,-3.4344585285959166,2.2003687035175097,1.4753290981735028,2.4295610936435006,38.38238540392491,47.00783072171354,36.36900450180324,42.15229456664337,-8.196398272137177,1.3274812149453448
2016-09-18,42.692846762302885,39.26049949116594,-3.432347271136949,2.2010646461338728,1.4727507962788917,2.427224181884249,38.37876005588049,47.00693346872528,36.37390793045931,42.147091051872565,-8.189706667630077,1.3250121253561784
2016-09-19,43.86445853608834,39.84850724648731,-4.015951289601034,2.4959034128044992,1.5563486317816206,2.5829441391017536,38.97248784699153,48.75642922518516,36.79806392819533,42.898950564779284,-9.07852180224047,1.0466192230384026
2016-09-20,44.13477855476811,40.04652649385704,-4.088252060911075,2.389745397694152,1.5054842006827052,2.3836037514665165,39.45087757528757,48.81867953424865,37.09577746051893,42.99727552719514,-8.760115413785448,0.5836112919632974
2016-09-21,44.13940589187422,40.049152630031806,-4.090253261842413,2.389558806442694,1.5039319174038357,2.3824850385850187,39.45587063124654,48.8229411525019,37.101446071920286,42.996859188143326,-8.75992393746905,0.5794174137842232
2016-09-22,44.14410098355616,40.05178587641545,-4.092315107140707,2.3893558525223115,1.502376467419837,2.3813719106064606,39.46096351261242,48.82723845449989,37.10712800027257,42.996443752558335,-8.75980405192937,0.5751738376479558
2016-09-23,44.14901545394923,39.978219396578545,-4.170796057370688,2.286735226905518,1.4462640596603213,2.2824942902604684,39.66701440921442,48.63101649868405,37.143541839644314,42.81289695351278,-8.644484866281207,0.3028927515398303
2016-09-24,44.037894725880044,39.95422590042572,-4.0836688254543265,2.144764382087578,1.2203074095755722,2.002675960591664,39.83415653698839,48.2416329147717,37.562423377657595,42.34602842319384,-8.008913708213989,-0.15842394269466542
2016-09-25,44.07160392549039,39.94299000865434,-4.128613916836055,2.0952255092345036,1.189109290829069,1.960270090485436,39.96496192739077,48.17824592359002,37.61233579862937,42.273644218679316,-7.970743294187509,-0.2864845394846003
2016-09-26,44.07393196308115,39.943740577102524,-4.130191385978625,2.093778750327528,1.186660024200272,1.9576290805621268,39.9701256124392,48.177738313723104,37.61788692966999,42.269594224535055,-7.9671443838803935,-0.29323838807685654
2016-09-27,44.08464518645211,39.84210996668187,-4.242535219770244,2.0517132073121744,1.2117582615207874,1.9689649704907957,40.063287300120244,48.10600307278397,37.46706377410113,42.21715615926261,-8.101706561932204,-0.3833638776082844
2016-09-28,44.11166341679912,39.63834771759198,-4.473315699207143,1.9242118060619287,1.2614248308508411,1.9456537039328892,40.340208276917735,47.8831185566805,37.16595504912433,42.110740386059625,-8.286796958915605,-0.6598344394986806
2016-09-29,43.76556603794181,39.53602399765595,-4.229542040285858,1.8400101332991285,1.2015640677763617,1.7509370976791774,40.15914617667552,47.3719858992081,37.180958424814285,41.89108957049762,-7.661378751737045,-0.7977053288346703
2016-09-30,43.55304882958398,39.45874457144021,-4.094304258143772,1.9149346831282335,1.1839383953752387,1.7451512622503347,39.79977685065264,47.306320808515316,37.13822531650474,41.779263826375676,-7.514800732154429,-0.6738077841331163
2016-10-01,43.55087061683476,39.45654467411237,-4.094325942722381,1.9133186576931216,1.1820641546655677,1.7423946837700772,39.80076604775624,47.30097518591327,37.13969893096786,41.773390417256884,-7.509419522911732,-0.6792323625330292
2016-10-02,43.64724557147741,39.436945319840866,-4.210300251636545,1.8973186701374716,1.2373821797008973,1.842923109925565,39.92850097800797,47.36599016494686,37.01167624762711,41.862214392054625,-7.8224295470906515,-0.5981709561824373
2016-10-03,43.680319247603784,39.3328193013624,-4.3474999462413875,1.8402297630591435,1.2568471749181953,1.855728096020311,40.07346891200786,47.287169583199706,36.869398838522734,41.79623976420206,-7.984727014441197,-0.7102728780415779
2016-10-04,43.60872797483413,39.32619472874607,-4.282533246088062,1.7632950013236013,1.1956130316887288,1.7755893717650353,40.152669772239875,47.06478617742839,36.98279318663616,41.669596270855976,-7.762688414747531,-0.8023780774285929
2016-10-05,43.60686161420931,39.323159566873606,-4.283702047335707,1.760693482233974,1.193812726460585,1.773633083590622,40.15590238903072,47.057820839387894,36.98328662301086,41.66303251073635,-7.7600228911733264,-0.8073812034980876
2016-10-06,43.56708524903574,39.38616513738124,-4.180920111654506,1.7353172345599535,1.2097116497377447,1.7884805749126638,40.16586346929823,46.96830702877325,37.01513030389526,41.75719997086722,-7.6863420384833265,-0.6754981848256847
2016-10-07,43.5648114142364,39.38374929036701,-4.181062123869396,1.732372117679896,1.2082965042603837,1.7868846129003513,40.169362063583804,46.960260764889,37.01548814201666,41.752010438717356,-7.683355965154085,-0.6787682825847079
2016-10-08,43.510412403841705,39.45614852500529,-4.054263878836418,1.637716846751151,1.14317032358539,1.6988516642319487,40.30048738420945,46.720337423473964,37.21553469077793,41.69676235923265,-7.384013140731037,-0.7245146169417982
2016-10-09,43.545578176962294,39.24162873400823,-4.3039494429540595,1.4868738961295744,1.325311213393029,1.7525176724655314,40.63130534054833,46.45985101337626,36.64401875575789,41.83923871225857,-7.738884080986501,-0.8690148049216182
2016-10-10,43.9968100450155,38.4498898416819,-5.546920203333592,1.6231216686525196,1.3795907247399604,2.0847995965581654,40.81549157445656,47.17812851557444,35.74589202119158,41.153887662172224,-9.633127412587596,-1.4607129940795875
2016-10-11,43.998868109263796,38.44298049426505,-5.55588761499875,1.6214174010246067,1.3774795005296387,2.0831739248751364,40.82089000325557,47.17684621527202,35.74312067322696,41.14284031530314,-9.638908507754017,-1.4728667222434826
2016-10-12,44.359259458574016,38.4795417447799,-5.879717713794114,1.8231889813837856,1.3062295200439644,2.1204864044748906,40.7858090550618,47.932709862086234,35.91933188549373,41.03975160406607,-10.0358710665649,-1.7235643610233282
2016-10-13,44.60964885567692,38.86505512183209,-5.744593733844828,1.6610366476089604,1.219970819032411,1.8514793033537167,41.35401702636336,47.86528068499049,36.47391231652857,41.25619792713562,-9.373493168418111,-2.115694299271543
2016-10-14,44.449696090273534,38.741825608045005,-5.7078704822285244,1.6539359758327026,1.2713610470825696,1.6876834574572537,41.207981577641434,47.691410602905634,36.24995795576317,41.23369326032684,-9.015730058844742,-2.4000109056123073
2016-10-15,44.45727081196575,38.72859341286051,-5.728677399105235,1.639039745795646,1.2609993810789626,1.6730016971693231,41.24475291020628,47.66978871372522,36.25703462594574,41.20015219977528,-9.007760725557109,-2.4495940726533623
2016-10-16,44.483285966173206,38.7710848592624,-5.712201106910806,1.482733398017768,1.2016796526131979,1.549441357618059,41.57712850605838,47.38944342628803,36.41579274014053,41.12637697838427,-8.749106167842202,-2.6752960459794104
2016-10-17,44.79889525195907,38.87429250507918,-5.924602746879885,1.544233661624619,1.124856480201512,1.4965915620757002,41.77219727517481,47.82559322874332,36.66957380388422,41.079011206274146,-8.857922208548258,-2.9912832852115128
2016-10-18,44.75758162561316,38.87399444636086,-5.883587179252304,1.4951792132414177,1.0823428231037935,1.4460242230316267,41.82703036765999,47.68813288356634,36.75260251307743,40.995386379644295,-8.717794656394293,-3.0493797021103157
2016-10-19,44.55119878851924,39.0303895600608,-5.5208092284584405,1.653542685856752,1.1967270111015165,1.964078035503464,41.31025512424,47.79214245279847,36.684804618301825,41.37597450181977,-9.370402178045229,-1.6712162788716514
2016-10-20,44.499912191800064,39.03238595256305,-5.4675262392370145,1.6833639762059742,1.1858290814062256,1.9848999478245404,41.200518798436356,47.79930558516377,36.708160953006846,41.35661095211925,-9.357930136973113,-1.5771223415009152
2016-10-21,44.499912191800064,39.03238595256305,-5.4675262392370145,1.6833639762059742,1.1858290814062256,1.9848999478245402,41.200518798436356,47.79930558516377,36.708160953006846,41.35661095211925,-9.357930136973113,-1.5771223415009157
2016-10-22,44.499912191800064,39.03238595256305,-5.4675262392370145,1.6833639762059742,1.1858290814062256,1.9848999478245402,41.200518798436356,47.79930558516377,36.708160953006846,41.35661095211925,-9.357930136973113,-1.5771223415009157
2016-10-23,44.77592256362883,39.42934159272872,-5.346580970900119,1.6913098960010207,1.3403256611029002,1.92050926045689,41.460955167466835,48.09088995979083,36.80230329696703,42.056379888490405,-9.110779121395623,-1.5823828204046144
2016-10-24,44.74606059789651,39.794938457789655,-4.951122140106855,2.077739311720282,1.490393231870291,1.7608896917341104,40.67369154692476,48.81842964886826,36.87376772332389,42.71610919225542,-8.402465935905711,-1.4997783443079986
2016-10-25,44.857186183348425,39.980618618316754,-4.876567565031671,2.025658050312011,1.5509535172212938,1.6914302363321958,40.88689640473688,48.82747596195997,36.94074972456302,43.02048751207049,-8.191770828242774,-1.561364301820567
2016-10-26,44.87226736103871,40.04425633287774,-4.828011028160973,1.9528051695495798,1.5059658010492802,1.6385052142931331,41.044769228721535,48.69976549335588,37.092563362821146,42.99594930293433,-8.039481248175514,-1.6165408081464325
2016-10-27,44.87226736103871,40.04425633287774,-4.828011028160973,1.95280516954958,1.5059658010492802,1.6385052142931331,41.044769228721535,48.69976549335588,37.092563362821146,42.99594930293433,-8.039481248175514,-1.6165408081464325
2016-10-28,44.81094379729861,40.169450617502335,-4.6414931797962735,1.866289249590274,1.47209077222202,1.683678210286185,41.15301686810167,48.46887072649555,37.28415270394718,43.05474853105749,-7.941502471957196,-1.3414838876353512
2016-10-29,44.65414987795854,40.096176190470736,-4.5579736874878,1.8919578661667162,1.4444961830590155,1.648068083830959,40.94591246027177,48.362387295645306,37.26496367167506,42.92738870926641,-7.788187131796479,-1.32776024317912
2016-10-30,44.636437647218855,40.23387792251817,-4.402559724700684,1.8393309585422106,1.5058284472305807,1.731780715795312,41.031348968476124,48.24152632596159,37.28245416594623,43.18530167909011,-7.796849927659495,-1.0082695217418722
2016-10-31,44.636437647218855,40.23387792251817,-4.402559724700684,1.8393309585422104,1.5058284472305807,1.731780715795312,41.031348968476124,48.24152632596159,37.28245416594623,43.18530167909011,-7.796849927659495,-1.0082695217418722
2016-11-01,45.06408471436022,40.58537204255113,-4.4787126718090935,1.7979102197156618,1.4455297725880913,1.538778041327911,41.54018068371752,48.58798874500292,37.75213368827847,43.41861039682379,-7.494717632811799,-1.462707710806388
2016-11-02,45.06408471436022,40.58537204255112,-4.478712671809093,1.7979102197156618,1.4455297725880913,1.538778041327911,41.54018068371752,48.58798874500292,37.75213368827846,43.41861039682378,-7.494717632811798,-1.462707710806387
2016-11-03,44.79384643042451,41.10097823404764,-3.69286819637687,1.730971340777898,1.5798862285127895,1.9978029647672442,41.40114260249983,48.186550258349186,38.00440122616257,44.197555241932704,-7.608562007320669,0.2228256145669283
2016-11-04,44.79384643042451,41.10097823404764,-3.69286819637687,1.7309713407778977,1.5798862285127895,1.9978029647672444,41.40114260249983,48.186550258349186,38.00440122616257,44.197555241932704,-7.6085620073206695,0.22282561456692873
2016-11-05,44.842013162871346,41.1157337033187,-3.7262794595526447,1.4837254508757431,1.5175496359762635,1.7765093057472494,41.93391127915489,47.7501150465878,38.141336416805224,44.09013098983218,-7.208237698817253,-0.24432122028803605
2016-11-06,44.72755172394524,41.64391234930413,-3.0836393746411104,1.3391675186477008,1.7438896490156393,2.084899451532309,42.102783387395746,47.35232006049473,38.22588863723348,45.06193606137478,-7.170042299644436,1.0027635503622148
2016-11-07,44.748405669202036,41.75641861942035,-2.991987049781684,1.2743697688518718,1.6890946897191919,1.9965537923716141,42.250640922252366,47.246170416151706,38.44579302757074,45.067044211269966,-6.905232482830048,0.9212583832666796
