pollster,sponsors,start_date,end_date,sample_size,population,dem,rep,url,mode,tracking,partisan,internal
NBC News/Wall Street Journal,NA,2014-10-30,2014-11-01,826,LV,48,48,http://online.wsj.com/public/resources/documents/WSJNBCpoll11022014.pdf,Live Phone,FALSE,NA,NA
Rasmussen Reports/Pulse Opinion Research,NA,2014-10-27,2014-11-02,3500,LV,41,44,http://www.rasmussenreports.com/public_content/politics/mood_of_america/generic_congressional_ballot,IVR,TRUE,NA,NA
Fox News/Anderson Robbins Research/Shaw & Company Research,NA,2014-10-25,2014-10-27,734,LV,45,44,http://www.foxnews.com/politics/interactive/2014/10/28/fox-news-poll-voters-lack-confidence-in-obama-ebola-czar/,Live Phone,FALSE,NA,NA
CBS News/New York Times,NA,2014-10-23,2014-10-27,624,LV,42,50,http://www.realclearpolitics.com/docs/2014/CBS_102914.pdf,Live Phone,FALSE,NA,NA
CNN/Opinion Research Corp.,NA,2014-10-24,2014-10-26,540,LV,47,46,http://i2.cdn.turner.com/cnn/2014/images/10/27/10274pm.poll.pdf,Live Phone,FALSE,NA,NA
ABC News/Washington Post,NA,2014-10-23,2014-10-26,758,LV,44,50,http://www.washingtonpost.com/page/2010-2019/WashingtonPost/2014/10/28/National-Politics/Polling/question_15011.xml,Live Phone,FALSE,NA,NA
Princeton Survey Research Associates International,USA Today,2014-10-23,2014-10-26,697,LV,43,42,http://www.usatoday.com/story/news/politics/elections/2014/10/30/usa-today-poll-high-anxiety-low-expectations/18118403/,Live Phone,FALSE,NA,NA
Rasmussen Reports/Pulse Opinion Research,NA,2014-10-20,2014-10-26,3500,LV,41,43,http://www.rasmussenreports.com/public_content/archive/mood_of_america_archive/generic_congressional_ballot/november_2014/generic_congressional_ballot_republicans_43_democrats_41,IVR,TRUE,NA,NA
GfK Group,Associated Press,2014-10-16,2014-10-20,968,LV,32,40,http://surveys.ap.org/data/GfK/AP-GfK_Poll_October_2014_Topline_Politics.pdf,Probability Panel,FALSE,NA,NA
Pew Research Center,NA,2014-10-15,2014-10-20,1126,LV,47,46,http://www.people-press.org/files/2014/10/10-23-14-Election-detailed-tables.pdf,Live Phone,FALSE,NA,NA
Rasmussen Reports/Pulse Opinion Research,NA,2014-10-13,2014-10-19,3500,LV,41,41,http://www.rasmussenreports.com/public_content/archive/mood_of_america_archive/generic_congressional_ballot/october_2014/generic_congressional_ballot_democrats_41_republicans_41,IVR,TRUE,NA,NA
Fox News/Anderson Robbins Research/Shaw & Company Research,NA,2014-10-12,2014-10-14,831,LV,42,45,http://www.foxnews.com/politics/interactive/2014/10/15/fox-news-polls-us-voters-weigh-in-on-isis-and-ebola/,Live Phone,FALSE,NA,NA
ABC News/Washington Post,NA,2014-10-09,2014-10-12,629,LV,43,50,http://www.washingtonpost.com/page/2010-2019/WashingtonPost/2014/10/15/National-Politics/Polling/question_14741.xml?uuid=7n7qEFRYEeS4bRhKwoE4jQ,Live Phone,FALSE,NA,NA
NBC News/Wall Street Journal,NA,2014-10-08,2014-10-12,666,LV,47,48,http://newscms.nbcnews.com/sites/newscms/files/141290_early_oct_nbcwsj_poll.pdf,Live Phone,FALSE,NA,NA
Rasmussen Reports/Pulse Opinion Research,NA,2014-10-06,2014-10-12,3500,LV,40,40,http://www.rasmussenreports.com/public_content/archive/mood_of_america_archive/generic_congressional_ballot/october_2014/generic_congressional_ballot_democrats_40_republicans_40,IVR,TRUE,NA,NA
CBS News/New York Times,NA,2014-10-03,2014-10-06,575,LV,43,49,http://www.cbsnews.com/news/will-obama-be-a-driving-force-for-midterm-voters/,Live Phone,FALSE,NA,NA
Rasmussen Reports/Pulse Opinion Research,NA,2014-09-29,2014-10-05,3500,LV,41,39,http://www.rasmussenreports.com/public_content/archive/mood_of_america_archive/generic_congressional_ballot/october_2014/generic_congressional_ballot_democrats_41_republicans_39,IVR,TRUE,NA,NA
Fox News/Anderson Robbins Research/Shaw & Company Research,NA,2014-09-28,2014-09-30,845,LV,40,47,http://www.foxnews.com/politics/interactive/2014/10/02/fox-news-poll-only-24-percent-personally-better-off-gop-has-edge-in-midterms/,Live Phone,FALSE,NA,NA
Gallup,NA,2014-09-25,2014-09-30,1095,RV,46,47,http://www.realclearpolitics.com/docs/2014/Gallup_101014.pdf,Live Phone,FALSE,NA,NA
Marist College,McClatchy,2014-09-24,2014-09-29,884,RV,45,44,"http://maristpoll.marist.edu/wp-content/misc/usapolls/us140925/2014/Complete%20October%203,%202014%20McClatchy_Marist%20Poll%20Release%20and%20Tables.pdf",Live Phone,FALSE,NA,NA
CNN/Opinion Research Corp.,NA,2014-09-25,2014-09-28,701,LV,47,45,http://i2.cdn.turner.com/cnn/2014/images/09/30/9.30.poll.pdf,Live Phone,FALSE,NA,NA
Rasmussen Reports/Pulse Opinion Research,NA,2014-09-22,2014-09-28,3500,LV,40,39,http://www.rasmussenreports.com/public_content/archive/mood_of_america_archive/generic_congressional_ballot/september_2014/generic_congressional_ballot_democrats_40_republicans_39,IVR,TRUE,NA,NA
Rasmussen Reports/Pulse Opinion Research,NA,2014-09-15,2014-09-21,3500,LV,40,40,http://www.rasmussenreports.com/public_content/archive/mood_of_america_archive/generic_congressional_ballot/september_2014/generic_congressional_ballot_democrats_40_republicans_40,IVR,TRUE,NA,NA
CBS News/New York Times,NA,2014-09-12,2014-09-15,470,LV,42,49,http://s3.documentcloud.org/documents/1302290/sept14b-politics-trn.pdf,Live Phone,FALSE,NA,NA
Rasmussen Reports/Pulse Opinion Research,NA,2014-09-08,2014-09-14,3500,LV,41,38,http://www.rasmussenreports.com/public_content/archive/mood_of_america_archive/generic_congressional_ballot/september_2014/generic_congressional_ballot_democrats_41_republicans_38,IVR,TRUE,NA,NA
Fox News/Anderson Robbins Research/Shaw & Company Research,NA,2014-09-07,2014-09-09,833,LV,40,47,http://www.foxnews.com/politics/interactive/2014/09/11/fox-news-poll-gop-has-advantage-in-upcoming-midterm-election/,Live Phone,FALSE,NA,NA
CNN/Opinion Research Corp.,NA,2014-09-05,2014-09-07,NA,LV,45,49,http://www.cnn.com/2014/09/09/politics/cnn-poll-congress/index.html,Live Phone,FALSE,NA,NA
ABC News/Washington Post,NA,2014-09-04,2014-09-07,NA,LV,44,47,http://www.washingtonpost.com/politics/public-strongly-backs-airstrikes-against-islamic-state-obama-struggles-politically/2014/09/08/40212492-37c5-11e4-bdfb-de4104544a37_graphic.html,Live Phone,FALSE,NA,NA
Pew Research Center,NA,2014-09-02,2014-09-09,1150,LV,44,47,http://www.people-press.org/files/2014/09/09-12-14-Midterms-Release.pdf,Live Phone,FALSE,NA,NA
Rasmussen Reports/Pulse Opinion Research,NA,2014-09-01,2014-09-07,3500,LV,39,41,http://www.rasmussenreports.com/public_content/archive/mood_of_america_archive/generic_congressional_ballot/september_2014/generic_congressional_ballot_republicans_41_democrats_39,IVR,TRUE,NA,NA
George Washington University (Battleground),NA,2014-08-23,2014-08-28,1000,LV,42,46,http://www.realclearpolitics.com/docs/2014/GWU_Battleground_0914.pdf,Live Phone,FALSE,NA,NA
Rasmussen Reports/Pulse Opinion Research,NA,2014-08-25,2014-08-31,3500,LV,40,41,http://www.rasmussenreports.com/public_content/archive/mood_of_america_archive/generic_congressional_ballot/september_2014/generic_congressional_ballot_republicans_41_democrats_40,IVR,TRUE,NA,NA
Pew Research Center,USA Today,2014-08-20,2014-08-24,1171,RV,47,42,http://www.people-press.org/files/2014/08/8-26-14-2014-Midterms-topline-for-release.pdf,Live Phone,FALSE,NA,NA
Rasmussen Reports/Pulse Opinion Research,NA,2014-08-18,2014-08-24,3500,LV,39,40,http://www.rasmussenreports.com/public_content/archive/mood_of_america_archive/generic_congressional_ballot/august_2014/generic_congressional_ballot_republicans_40_democrats_392,IVR,TRUE,NA,NA
Rasmussen Reports/Pulse Opinion Research,NA,2014-08-11,2014-08-17,3500,LV,39,39,http://www.rasmussenreports.com/public_content/archive/mood_of_america_archive/generic_congressional_ballot/august_2014/generic_congressional_ballot_democrats_39_republicans_39,IVR,TRUE,NA,NA
Fox News/Anderson Robbins Research/Shaw & Company Research,NA,2014-08-10,2014-08-12,1001,RV,46,39,http://www.foxnews.com/politics/interactive/2014/08/14/fox-news-polls-immigration-ebola-obamacare-2014-midterm-elections/,Live Phone,FALSE,NA,NA
Gallup,NA,2014-08-07,2014-08-10,NA,RV,47,45,http://www.realclearpolitics.com/docs/2014/Gallup_101014.pdf,Live Phone,FALSE,NA,NA
Princeton Survey Research Associates International,Reason-Rupe,2014-08-06,2014-08-10,NA,LV,42,41,http://reason.com/assets/db/14080250895281.pdf,Live Phone,FALSE,NA,NA
Marist College,McClatchy,2014-08-04,2014-08-07,806,RV,38,43,https://s3.amazonaws.com/s3.documentcloud.org/documents/1273166/mcclatchy-marist-poll-obama-and-congress-august.pdf,Live Phone,FALSE,NA,NA
Rasmussen Reports/Pulse Opinion Research,NA,2014-08-04,2014-08-10,3500,LV,39,40,http://www.rasmussenreports.com/public_content/archive/mood_of_america_archive/generic_congressional_ballot/august_2014/generic_congressional_ballot_republicans_40_democrats_39,IVR,TRUE,NA,NA
CBS News/New York Times,NA,2014-07-29,2014-08-04,NA,RV,41,37,http://www.cbsnews.com/news/americans-views-of-obama-congress-gloomy/,Live Phone,FALSE,NA,NA
Rasmussen Reports/Pulse Opinion Research,NA,2014-07-28,2014-08-03,3500,LV,38,42,http://www.rasmussenreports.com/public_content/archive/mood_of_america_archive/generic_congressional_ballot/august_2014/generic_congressional_ballot_republicans_42_democrats_38,IVR,TRUE,NA,NA
Fox News/Anderson Robbins Research/Shaw & Company Research,NA,2014-07-20,2014-07-22,1057,RV,43,41,http://www.foxnews.com/politics/interactive/2014/07/28/fox-news-polls-midterm-elections-2016-presidential-matchups/,Live Phone,FALSE,NA,NA
Rasmussen Reports/Pulse Opinion Research,NA,2014-07-21,2014-07-27,3500,LV,41,39,http://www.rasmussenreports.com/public_content/archive/mood_of_america_archive/generic_congressional_ballot/july_2014/generic_congressional_ballot_democrats_41_republicans_39,IVR,TRUE,NA,NA
CNN/Opinion Research Corp.,NA,2014-07-18,2014-07-20,899,RV,48,44,http://i2.cdn.turner.com/cnn/2014/images/07/27/cnn.orc.poll.pdf,Live Phone,FALSE,NA,NA
Pew Research Center,NA,2014-07-08,2014-07-14,1420,RV,47,45,http://www.people-press.org/files/2014/07/2014-Midterms-Topline.pdf,Live Phone,FALSE,NA,NA
Rasmussen Reports/Pulse Opinion Research,NA,2014-07-14,2014-07-20,3500,LV,39,39,http://www.rasmussenreports.com/public_content/archive/mood_of_america_archive/generic_congressional_ballot/july_2014/generic_congressional_ballot_democrats_39_republicans_39,IVR,TRUE,NA,NA
Rasmussen Reports/Pulse Opinion Research,NA,2014-07-07,2014-07-13,3500,LV,39,38,http://www.rasmussenreports.com/public_content/archive/mood_of_america_archive/generic_congressional_ballot/july_2014/generic_congressional_ballot_democrats_39_republicans_38,IVR,TRUE,NA,NA
Quinnipiac University,NA,2014-06-24,2014-06-30,1446,RV,41,39,http://www.quinnipiac.edu/news-and-events/quinnipiac-university-poll/national/release-detail?ReleaseID=2058,Live Phone,FALSE,NA,NA
Rasmussen Reports/Pulse Opinion Research,NA,2014-06-30,2014-07-06,3500,LV,41,38,http://www.rasmussenreports.com/public_content/archive/mood_of_america_archive/generic_congressional_ballot/july_2014/generic_congressional_ballot_democrats_41_republicans_38,IVR,TRUE,NA,NA
Rasmussen Reports/Pulse Opinion Research,NA,2014-06-23,2014-06-29,3500,LV,40,38,http://www.rasmussenreports.com/public_content/archive/mood_of_america_archive/generic_congressional_ballot/june_2014/generic_congressional_ballot_democrats_40_republicans_382,IVR,TRUE,NA,NA
Fox News/Anderson Robbins Research/Shaw & Company Research,NA,2014-06-21,2014-06-23,1018,RV,42,42,http://www.foxnews.com/politics/interactive/2014/06/25/fox-news-poll-voters-want-benghazi-suspect-treated-as-enemy-combatant/,Live Phone,FALSE,NA,NA
CBS News/New York Times,NA,2014-06-20,2014-06-22,NA,RV,42,39,http://www.realclearpolitics.com/docs/2014/CBS_NYT_0614.pdf,Live Phone,FALSE,NA,NA
Rasmussen Reports/Pulse Opinion Research,NA,2014-06-16,2014-06-22,3500,LV,40,38,http://www.rasmussenreports.com/public_content/archive/mood_of_america_archive/generic_congressional_ballot/june_2014/generic_congressional_ballot_democrats_40_republicans_38,IVR,TRUE,NA,NA
Rasmussen Reports/Pulse Opinion Research,NA,2014-06-09,2014-06-15,3500,LV,39,37,http://www.rasmussenreports.com/public_content/archive/mood_of_america_archive/generic_congressional_ballot/june_2014/generic_congressional_ballot_democrats_39_republicans_37,IVR,TRUE,NA,NA
Selzer & Company,Bloomberg,2014-06-06,2014-06-09,763,LV,43,43,http://media.bloomberg.com/bb/avfile/rx0TpnA7.IPc,Live Phone,FALSE,NA,NA
Rasmussen Reports/Pulse Opinion Research,NA,2014-06-02,2014-06-08,3500,LV,41,37,http://www.rasmussenreports.com/public_content/archive/mood_of_america_archive/generic_congressional_ballot/june_2014/generic_congressional_ballot_democrats_41_republicans_37,IVR,TRUE,NA,NA
Fox News/Anderson Robbins Research/Shaw & Company Research,NA,2014-06-01,2014-06-03,1006,RV,39,43,http://www.foxnews.com/politics/interactive/2014/06/05/fox-news-polls-2014-midterm-elections-economy-stock-market/,Live Phone,FALSE,NA,NA
ABC News/Washington Post,NA,2014-05-29,2014-06-01,NA,RV,47,45,http://www.washingtonpost.com/page/2010-2019/WashingtonPost/2014/06/03/National-Politics/Polling/question_14345.xml,Live Phone,FALSE,NA,NA
Rasmussen Reports/Pulse Opinion Research,NA,2014-05-26,2014-06-01,3500,LV,41,38,http://www.rasmussenreports.com/public_content/archive/mood_of_america_archive/generic_congressional_ballot/june_2014/generic_congressional_ballot_democrats_41_republicans_38,IVR,TRUE,NA,NA
Rasmussen Reports/Pulse Opinion Research,NA,2014-05-19,2014-05-25,3500,LV,42,38,http://www.rasmussenreports.com/public_content/archive/mood_of_america_archive/generic_congressional_ballot/may_2014/generic_congressional_ballot_democrats_42_republicans_38,IVR,TRUE,NA,NA
CBS News/New York Times,NA,2014-05-16,2014-05-19,NA,RV,40,39,http://www.realclearpolitics.com/docs/2014/CBS_Poll_0514.pdf,Live Phone,FALSE,NA,NA
Rasmussen Reports/Pulse Opinion Research,NA,2014-05-12,2014-05-18,3500,LV,41,37,http://www.rasmussenreports.com/public_content/archive/mood_of_america_archive/generic_congressional_ballot/may_2014/generic_congressional_ballot_democrats_41_republicans_372,IVR,TRUE,NA,NA
Fox News/Anderson Robbins Research/Shaw & Company Research,NA,2014-05-10,2014-05-13,1025,RV,43,40,http://www.foxnews.com/politics/interactive/2014/05/15/fox-news-poll-2014-midterm-elections-trust-in-government/,Live Phone,FALSE,NA,NA
Rasmussen Reports/Pulse Opinion Research,NA,2014-05-05,2014-05-11,3500,LV,40,38,http://www.rasmussenreports.com/public_content/archive/mood_of_america_archive/generic_congressional_ballot/may_2014/generic_congressional_ballot_democrats_40_republicans_38,IVR,TRUE,NA,NA
CNN/Opinion Research Corp.,NA,2014-05-02,2014-05-04,911,RV,45,46,http://i2.cdn.turner.com/cnn/2014/images/05/05/poll.obama.midterms.1.pdf,Live Phone,FALSE,NA,NA
Rasmussen Reports/Pulse Opinion Research,NA,2014-04-28,2014-05-04,3500,LV,41,37,http://www.rasmussenreports.com/public_content/archive/mood_of_america_archive/generic_congressional_ballot/generic_congressional_ballot_democrats_41_republicans_37,IVR,TRUE,NA,NA
Gallup,NA,2014-04-24,2014-04-30,NA,RV,49,44,http://www.realclearpolitics.com/docs/2014/Gallup_101014.pdf,Live Phone,FALSE,NA,NA
ABC News/Washington Post,NA,2014-04-24,2014-04-27,855,RV,45,44,http://www.washingtonpost.com/page/2010-2019/WashingtonPost/2014/04/29/National-Politics/Polling/question_14076.xml,Live Phone,FALSE,NA,NA
Pew Research Center,USA Today,2014-04-23,2014-04-27,1162,RV,43,47,http://www.people-press.org/files/legacy-questionnaires/5-5-14%20Political%20Topline%20for%20Release.pdf,Live Phone,FALSE,NA,NA
Rasmussen Reports/Pulse Opinion Research,NA,2014-04-21,2014-04-27,3500,LV,38,40,http://www.rasmussenreports.com/public_content/archive/mood_of_america_archive/generic_congressional_ballot/april_2014/generic_congressional_ballot_republicans_40_democrats_38,IVR,TRUE,NA,NA
Rasmussen Reports/Pulse Opinion Research,NA,2014-04-14,2014-04-20,3500,LV,40,41,http://www.rasmussenreports.com/public_content/archive/mood_of_america_archive/generic_congressional_ballot/april_2014/generic_congressional_ballot_republicans_41_democrats_40,IVR,TRUE,NA,NA
Fox News/Anderson Robbins Research/Shaw & Company Research,NA,2014-04-13,2014-04-15,1012,RV,41,44,http://www.foxnews.com/politics/interactive/2014/04/21/fox-news-poll-independents-more-likely-to-back-anti-obamacare-candidates/,Live Phone,FALSE,NA,NA
Rasmussen Reports/Pulse Opinion Research,NA,2014-04-07,2014-04-13,3500,LV,40,38,http://www.rasmussenreports.com/public_content/archive/mood_of_america_archive/generic_congressional_ballot/april_2014/generic_congressional_ballot_democrats_40_republicans_38,IVR,TRUE,NA,NA
Marist College,McClatchy,2014-04-07,2014-04-10,1036,RV,48,42,http://maristpoll.marist.edu/wp-content/misc/usapolls/us140407/Obama/Complete%20April%202014%20USA%20McClatchy_Marist%20Poll%20Release%20and%20Tables.pdf,Live Phone,FALSE,NA,NA
Rasmussen Reports/Pulse Opinion Research,NA,2014-03-31,2014-04-06,3500,LV,40,39,http://www.rasmussenreports.com/public_content/archive/mood_of_america_archive/generic_congressional_ballot/april_2014/generic_congressional_ballot_democrats_40_republicans_39,IVR,TRUE,NA,NA
Quinnipiac University,NA,2014-03-26,2014-03-31,1578,RV,40,38,http://www.quinnipiac.edu/institutes-and-centers/polling-institute/national/release-detail?ReleaseID=2027,Live Phone,FALSE,NA,NA
Princeton Survey Research Associates International,Reason-Rupe,2014-03-26,2014-03-30,1003,A,40,36,http://reason.com/assets/db/13964619214696.pdf,Live Phone,FALSE,NA,NA
Rasmussen Reports/Pulse Opinion Research,NA,2014-03-24,2014-03-30,3500,LV,39,38,http://www.rasmussenreports.com/public_content/archive/mood_of_america_archive/generic_congressional_ballot/april_2014/generic_congressional_ballot_democrats_39_republicans_38,IVR,TRUE,NA,NA
CBS News/New York Times,NA,2014-03-20,2014-03-23,NA,RV,39,39,http://www.cbsnews.com/news/americans-disapprove-of-obamas-handling-of-ukraine-crisis/,Live Phone,FALSE,NA,NA
NPR,NA,2014-03-19,2014-03-23,840,LV,44,43,http://media.npr.org/documents/2014/april/DCor_RR_graphs.pdf,Live Phone,FALSE,NA,NA
George Washington University (Battleground),NA,2014-03-16,2014-03-20,1000,LV,43,43,http://www.tarrance.com/docs/BG54charts.pdf,Live Phone,FALSE,NA,NA
Rasmussen Reports/Pulse Opinion Research,NA,2014-03-17,2014-03-23,3500,LV,41,37,http://www.rasmussenreports.com/public_content/archive/mood_of_america_archive/generic_congressional_ballot/march_2014/generic_congressional_ballot_democrats_41_republicans_37,IVR,TRUE,NA,NA
Rasmussen Reports/Pulse Opinion Research,NA,2014-03-10,2014-03-16,3500,LV,38,39,http://www.rasmussenreports.com/public_content/archive/mood_of_america_archive/generic_congressional_ballot/march_2014/generic_congressional_ballot_democrats_38_republicans_39,IVR,TRUE,NA,NA
Public Policy Polling,NA,2014-03-06,2014-03-09,1152,RV,43,40,http://www.publicpolicypolling.com/pdf/2014/PPP_Release_National_311.pdf,IVR/Online Opt-In Panel,FALSE,DEM,NA
Rasmussen Reports/Pulse Opinion Research,NA,2014-03-03,2014-03-09,3500,LV,39,39,http://www.rasmussenreports.com/public_content/archive/mood_of_america_archive/generic_congressional_ballot/march_2014/generic_congressional_ballot_democrats_39_republicans_39,IVR,TRUE,NA,NA
Fox News/Anderson Robbins Research/Shaw & Company Research,NA,2014-03-02,2014-03-04,1002,RV,40,38,http://www.foxnews.com/politics/interactive/2014/03/06/fox-news-polls-obamacare-2014-midterm-elections-and-proposed-army-cuts/,Live Phone,FALSE,NA,NA
ABC News/Washington Post,NA,2014-02-27,2014-03-02,NA,RV,46,45,http://www.washingtonpost.com/page/2010-2019/WashingtonPost/2014/03/04/National-Politics/Polling/question_13313.xml,Live Phone,FALSE,NA,NA
Rasmussen Reports/Pulse Opinion Research,NA,2014-02-24,2014-03-02,3500,LV,39,36,http://www.rasmussenreports.com/public_content/archive/mood_of_america_archive/generic_congressional_ballot/march_2014/generic_congressional_ballot_democrats_39_republicans_36,IVR,TRUE,NA,NA
CBS News/New York Times,NA,2014-02-19,2014-02-23,NA,RV,39,42,http://s3.documentcloud.org/documents/1030274/new-york-times-cbs-news-feb-poll-results.pdf,Live Phone,FALSE,NA,NA
Rasmussen Reports/Pulse Opinion Research,NA,2014-02-17,2014-02-23,3500,LV,41,37,http://www.rasmussenreports.com/public_content/archive/mood_of_america_archive/generic_congressional_ballot/february_2014/generic_congressional_ballot_democrats_41_republicans_372,IVR,TRUE,NA,NA
Rasmussen Reports/Pulse Opinion Research,NA,2014-02-10,2014-02-16,3500,LV,41,37,http://www.rasmussenreports.com/public_content/archive/mood_of_america_archive/generic_congressional_ballot/february_2014/generic_congressional_ballot_democrats_41_republicans_37,IVR,TRUE,NA,NA
Marist College,McClatchy,2014-02-04,2014-02-09,970,RV,46,44,https://s3.amazonaws.com/s3.documentcloud.org/documents/1016656/mcclatchy-marist-poll-obama-congress-nature-of.pdf,Live Phone,FALSE,NA,NA
Rasmussen Reports/Pulse Opinion Research,NA,2014-02-03,2014-02-09,3500,LV,40,38,http://www.rasmussenreports.com/public_content/archive/mood_of_america_archive/generic_congressional_ballot/february_2014/generic_congressional_ballot_democrats_40_republicans_38,IVR,TRUE,NA,NA
Rasmussen Reports/Pulse Opinion Research,NA,2014-01-27,2014-02-02,3500,LV,39,40,http://www.rasmussenreports.com/public_content/archive/mood_of_america_archive/generic_congressional_ballot/february_2014/generic_congressional_ballot_republicans_40_democrats_39,IVR,TRUE,NA,NA
Public Policy Polling,NA,2014-01-23,2014-01-26,845,RV,40,42,http://www.publicpolicypolling.com/pdf/2014/PPP_Release_National_128.pdf,IVR/Online Opt-In Panel,FALSE,DEM,NA
Rasmussen Reports/Pulse Opinion Research,NA,2014-01-20,2014-01-26,3500,LV,42,37,http://www.rasmussenreports.com/public_content/archive/mood_of_america_archive/generic_congressional_ballot/january_2014/generic_congressional_ballot_democrats_42_republicans_37,IVR,TRUE,NA,NA
ABC News/Washington Post,NA,2014-01-20,2014-01-23,NA,RV,45,46,http://www.washingtonpost.com/page/2010-2019/WashingtonPost/2014/01/26/National-Politics/Polling/question_13053.xml,Live Phone,FALSE,NA,NA
Fox News/Anderson Robbins Research/Shaw & Company Research,NA,2014-01-19,2014-01-21,1010,RV,41,43,http://www.foxnews.com/politics/interactive/2014/01/27/fox-news-poll-party-faithful-tune-in-for-state-speech-gop-holds-edge-in/,Live Phone,FALSE,NA,NA
Quinnipiac University,NA,2014-01-15,2014-01-19,1933,RV,37,38,http://www.quinnipiac.edu/institutes-and-centers/polling-institute/national/release-detail?ReleaseID=1998,Live Phone,FALSE,NA,NA
George Washington University (Battleground),NA,2014-01-12,2014-01-16,1000,LV,41,43,http://www.realclearpolitics.com/docs/2014/Battleground_012214B.pdf,Live Phone,FALSE,NA,NA
Rasmussen Reports/Pulse Opinion Research,NA,2014-01-13,2014-01-19,3500,LV,41,35,http://www.rasmussenreports.com/public_content/archive/mood_of_america_archive/generic_congressional_ballot/january_2014/generic_congressional_ballot_democrats_41_republicans_35,IVR,TRUE,NA,NA
Rasmussen Reports/Pulse Opinion Research,NA,2014-01-06,2014-01-12,3500,LV,41,37,http://www.rasmussenreports.com/public_content/archive/mood_of_america_archive/generic_congressional_ballot/january_2014/generic_congressional_ballot_democrats_41_republicans_37,IVR,TRUE,NA,NA
Quinnipiac University,NA,2014-01-04,2014-01-07,1487,RV,37,38,http://www.quinnipiac.edu/institutes-and-centers/polling-institute/national/release-detail?ReleaseID=1993,Live Phone,FALSE,NA,NA
Rasmussen Reports/Pulse Opinion Research,NA,2013-12-30,2014-01-05,3500,LV,40,38,http://www.rasmussenreports.com/public_content/archive/mood_of_america_archive/generic_congressional_ballot/january_2014/generic_congressional_ballot_democrats_40_republicans_38,IVR,TRUE,NA,NA
Rasmussen Reports/Pulse Opinion Research,NA,2013-12-23,2013-12-29,3500,LV,40,40,http://www.rasmussenreports.com/public_content/archive/mood_of_america_archive/generic_congressional_ballot/december_2013/generic_congressional_ballot_republicans_40_democrats_402,IVR,TRUE,NA,NA
Rasmussen Reports/Pulse Opinion Research,NA,2013-12-16,2013-12-22,3500,LV,39,42,http://www.rasmussenreports.com/public_content/archive/mood_of_america_archive/generic_congressional_ballot/december_2013/generic_congressional_ballot_republicans_42_democrats_39,IVR,TRUE,NA,NA
CNN/Opinion Research Corp.,NA,2013-12-16,2013-12-19,950,RV,44,49,http://politicalticker.blogs.cnn.com/2013/12/26/cnn-poll-gop-has-edge-in-early-midterm-indicator/,Live Phone,FALSE,NA,NA
Fox News/Anderson Robbins Research/Shaw & Company Research,NA,2013-12-14,2013-12-16,1027,RV,43,43,http://www.foxnews.com/politics/interactive/2013/12/19/fox-news-poll-voters-weigh-in-on-obama-christmas/,Live Phone,FALSE,NA,NA
ABC News/Washington Post,NA,2013-12-12,2013-12-15,NA,RV,47,45,http://www.washingtonpost.com/page/2010-2019/WashingtonPost/2013/12/17/National-Politics/Polling/question_12603.xml?uuid=PL-ijGbZEeOZe5ITsX2slw,Live Phone,FALSE,NA,NA
Public Policy Polling,NA,2013-12-12,2013-12-15,1316,RV,43,40,http://www.publicpolicypolling.com/pdf/2013/PPP_Release_National_1217.pdf,IVR,FALSE,DEM,NA
Rasmussen Reports/Pulse Opinion Research,NA,2013-12-09,2013-12-15,3500,LV,40,40,http://www.rasmussenreports.com/public_content/archive/mood_of_america_archive/generic_congressional_ballot/december_2013/generic_congressional_ballot_republicans_40_democrats_40,IVR,TRUE,NA,NA
Quinnipiac University,NA,2013-12-03,2013-12-09,2692,RV,38,41,http://www.quinnipiac.edu/institutes-and-centers/polling-institute/national/release-detail?ReleaseID=1987,Live Phone,FALSE,NA,NA
Pew Research Center,USA Today,2013-12-03,2013-12-08,1579,RV,48,44,http://www.people-press.org/files/legacy-questionnaires/12-13-13%20topline%20for%20release.pdf,Live Phone,FALSE,NA,NA
Rasmussen Reports/Pulse Opinion Research,NA,2013-12-02,2013-12-08,3500,LV,38,43,http://www.rasmussenreports.com/public_content/archive/mood_of_america_archive/generic_congressional_ballot/december_2013/generic_congressional_ballot_republicans_43_democrats_382,IVR,TRUE,NA,NA
Marist College,McClatchy,2013-12-03,2013-12-05,988,RV,43,43,https://s3.amazonaws.com/s3.documentcloud.org/documents/889211/mcclatchy-marist-poll-december-2013-president.pdf,Live Phone,FALSE,NA,NA
Rasmussen Reports/Pulse Opinion Research,NA,2013-11-25,2013-12-01,3500,LV,38,43,http://www.rasmussenreports.com/public_content/archive/mood_of_america_archive/generic_congressional_ballot/december_2013/generic_congressional_ballot_republicans_43_democrats_38,IVR,TRUE,NA,NA
CNN/Opinion Research Corp.,NA,2013-11-18,2013-11-20,749,RV,47,49,http://politicalticker.blogs.cnn.com/2013/11/26/cnnorc-poll-democrats-lose-2014-edge-following-obamacare-uproar/?hpt=hp_t1,Live Phone,FALSE,NA,NA
Rasmussen Reports/Pulse Opinion Research,NA,2013-11-18,2013-11-24,3500,LV,41,40,http://www.rasmussenreports.com/public_content/archive/mood_of_america_archive/generic_congressional_ballot/november_2013/generic_congressional_ballot_democrats_41_republicans_40,IVR,TRUE,NA,NA
Rasmussen Reports/Pulse Opinion Research,NA,2013-11-11,2013-11-17,3500,LV,39,40,http://www.rasmussenreports.com/public_content/archive/mood_of_america_archive/generic_congressional_ballot/november_2013/generic_congressional_ballot_republicans_40_democrats_39,IVR,TRUE,NA,NA
Fox News/Anderson Robbins Research/Shaw & Company Research,NA,2013-11-10,2013-11-12,1006,RV,40,43,http://www.foxnews.com/politics/interactive/2013/11/13/fox-news-polls-half-voters-think-president-lied-about-obamacare-majority-want/,Live Phone,FALSE,NA,NA
Quinnipiac University,NA,2013-11-06,2013-11-11,2545,RV,39,39,http://www.quinnipiac.edu/institutes-and-centers/polling-institute/national/release-detail?ReleaseID=1976,Live Phone,FALSE,NA,NA
Rasmussen Reports/Pulse Opinion Research,NA,2013-11-04,2013-11-10,3500,LV,41,39,http://www.rasmussenreports.com/public_content/politics/top_stories/generic_congressional_ballot,IVR,TRUE,NA,NA
Rasmussen Reports/Pulse Opinion Research,NA,2013-10-28,2013-11-03,3500,LV,43,37,http://www.rasmussenreports.com/public_content/archive/mood_of_america_archive/generic_congressional_ballot/november_2013/generic_congressional_ballot_democrats_43_republicans_37,IVR,TRUE,NA,NA
Public Policy Polling,NA,2013-10-29,2013-10-31,649,RV,44,38,http://www.publicpolicypolling.com/pdf/2013/PPP_Release_US_110113.pdf,IVR,FALSE,DEM,NA
George Washington University (Battleground),NA,2013-10-27,2013-10-31,1000,LV,44,41,http://www.realclearpolitics.com/docs/2013/GWU_Battleground_1104.pdf,Live Phone,FALSE,NA,NA
Rasmussen Reports/Pulse Opinion Research,NA,2013-10-21,2013-10-27,3500,LV,43,37,http://www.rasmussenreports.com/public_content/archive/mood_of_america_archive/generic_congressional_ballot/october_2013/generic_congressional_ballot_democrats_43_republicans_37,IVR,TRUE,NA,NA
Fox News/Anderson Robbins Research/Shaw & Company Research,NA,2013-10-20,2013-10-22,1020,RV,45,37,http://www.foxnews.com/politics/interactive/2013/10/23/fox-news-poll-voters-express-disapproval-with-congress-obamacare/,Live Phone,FALSE,NA,NA
CNN/Opinion Research Corp.,NA,2013-10-18,2013-10-20,NA,RV,50,42,http://i2.cdn.turner.com/cnn/2013/images/10/21/10-21-2013.poll.-.4pm.pdf,Live Phone,FALSE,NA,NA
ABC News/Washington Post,NA,2013-10-17,2013-10-20,NA,RV,48,40,http://www.langerresearch.com/uploads/1153a2Post-ShutdownPolitics.pdf,Live Phone,FALSE,NA,NA
Rasmussen Reports/Pulse Opinion Research,NA,2013-10-14,2013-10-20,3500,LV,43,36,http://www.rasmussenreports.com/public_content/archive/mood_of_america_archive/generic_congressional_ballot/october_2013/generic_congressional_ballot_democrats_43_republicans_36,IVR,TRUE,NA,NA
Pew Research Center,NA,2013-10-09,2013-10-13,1259,RV,49,43,http://www.people-press.org/files/legacy-questionnaires/10-15-13%20Topline%20for%20Release.pdf,Live Phone,FALSE,NA,NA
Rasmussen Reports/Pulse Opinion Research,NA,2013-10-07,2013-10-13,3500,LV,45,38,http://www.rasmussenreports.com/public_content/politics/top_stories/generic_congressional_ballot,IVR,TRUE,NA,NA
Greenberg Quinlan Rosner (Democracy Corps),NA,2013-10-06,2013-10-08,860,LV,47,43,http://www.democracycorps.com/attachments/article/955/New%20Survey%20from%20DCorps%20WVWV%20Action%20Fund100913.pdf,Live Phone,FALSE,DEM,NA
Public Policy Polling,NA,2013-10-04,2013-10-06,1000,RV,46,41,http://www.publicpolicypolling.com/pdf/2013/PPP_Release_NATIONAL%20109.pdf,IVR,FALSE,DEM,NA
Rasmussen Reports/Pulse Opinion Research,NA,2013-09-30,2013-10-06,3500,LV,40,40,http://www.rasmussenreports.com/public_content/archive/mood_of_america_archive/generic_congressional_ballot/october_2013/generic_congressional_ballot_democrats_40_republicans_40,IVR,TRUE,NA,NA
Rasmussen Reports/Pulse Opinion Research,NA,2013-09-23,2013-09-29,3500,LV,42,38,http://www.rasmussenreports.com/public_content/archive/mood_of_america_archive/generic_congressional_ballot/september_2013/generic_congressional_ballot_democrats_42_republicans_38,IVR,TRUE,NA,NA
Quinnipiac University,NA,2013-09-23,2013-09-29,1497,RV,43,34,http://www.quinnipiac.edu/institutes-and-centers/polling-institute/national/release-detail?ReleaseID=1958,Live Phone,FALSE,NA,NA
Public Policy Polling,NA,2013-09-25,2013-09-26,790,RV,45,40,http://www.publicpolicypolling.com/pdf/2013/PPP_Release_National_1001.pdf,IVR,FALSE,DEM,NA
Rasmussen Reports/Pulse Opinion Research,NA,2013-09-16,2013-09-22,3500,LV,40,37,http://www.rasmussenreports.com/public_content/archive/mood_of_america_archive/generic_congressional_ballot/september_2013/generic_congressional_ballot_democrats_40_republicans_37,IVR,TRUE,NA,NA
Rasmussen Reports/Pulse Opinion Research,NA,2013-09-09,2013-09-15,3500,LV,38,38,http://www.rasmussenreports.com/public_content/archive/mood_of_america_archive/generic_congressional_ballot/september_2013/generic_congressional_ballot_democrats_38_republicans_38,IVR,TRUE,NA,NA
Rasmussen Reports/Pulse Opinion Research,NA,2013-09-02,2013-09-08,3500,LV,39,39,http://www.rasmussenreports.com/public_content/archive/mood_of_america_archive/generic_congressional_ballot/september_2013/generic_congressional_ballot_democrats_39_republicans_39,IVR,TRUE,NA,NA
Rasmussen Reports/Pulse Opinion Research,NA,2013-08-26,2013-09-01,3500,LV,39,37,http://www.rasmussenreports.com/public_content/archive/mood_of_america_archive/generic_congressional_ballot/august_2013/generic_congressional_ballot_democrats_39_republicans_37,IVR,TRUE,NA,NA
Rasmussen Reports/Pulse Opinion Research,NA,2013-08-19,2013-08-25,3500,LV,38,39,http://www.rasmussenreports.com/public_content/archive/mood_of_america_archive/generic_congressional_ballot/august_2013/generic_congressional_ballot_republicans_39_democrats_38,IVR,TRUE,NA,NA
Rasmussen Reports/Pulse Opinion Research,NA,2013-08-12,2013-08-18,3500,LV,38,38,http://www.rasmussenreports.com/public_content/archive/mood_of_america_archive/generic_congressional_ballot/august_2013/generic_congressional_ballot_democrats_38_republicans_38,IVR,TRUE,NA,NA
Rasmussen Reports/Pulse Opinion Research,NA,2013-08-05,2013-08-11,3500,LV,39,39,http://www.rasmussenreports.com/public_content/politics/mood_of_america/generic_congressional_ballot,IVR,TRUE,NA,NA
Rasmussen Reports/Pulse Opinion Research,NA,2013-07-29,2013-08-04,3500,LV,38,41,http://www.rasmussenreports.com/public_content/politics/mood_of_america/generic_congressional_ballot,IVR,TRUE,NA,NA
Quinnipiac University,NA,2013-07-28,2013-07-31,1468,RV,40,36,http://www.quinnipiac.edu/institutes-and-centers/polling-institute/national/release-detail?ReleaseID=1931,Live Phone,FALSE,NA,NA
Rasmussen Reports/Pulse Opinion Research,NA,2013-07-22,2013-07-28,3500,LV,39,38,http://www.rasmussenreports.com/public_content/archive/mood_of_america_archive/generic_congressional_ballot/july_2013/generic_congressional_ballot_democrats_39_republicans_38,IVR,TRUE,NA,NA
Rasmussen Reports/Pulse Opinion Research,NA,2013-07-15,2013-07-21,3500,LV,40,38,http://www.rasmussenreports.com/public_content/politics/top_stories/generic_congressional_ballot,IVR,TRUE,NA,NA
Greenberg Quinlan Rosner (Democracy Corps),NA,2013-07-10,2013-07-15,841,LV,43,44,http://www.democracycorps.com/attachments/article/948/dcor.nat.fq.wvwv.web.pdf,Live Phone,FALSE,DEM,NA
Rasmussen Reports/Pulse Opinion Research,NA,2013-07-08,2013-07-14,3500,LV,38,39,http://www.rasmussenreports.com/public_content/politics/mood_of_america/generic_congressional_ballot,IVR,TRUE,NA,NA
Quinnipiac University,NA,2013-06-28,2013-07-08,2014,RV,39,34,http://www.quinnipiac.edu/institutes-and-centers/polling-institute/national/release-detail?ReleaseID=1921,Live Phone,FALSE,NA,NA
Rasmussen Reports/Pulse Opinion Research,NA,2013-07-01,2013-07-07,3500,LV,39,40,http://www.rasmussenreports.com/public_content/politics/mood_of_america/generic_congressional_ballot,IVR,TRUE,NA,NA
Rasmussen Reports/Pulse Opinion Research,NA,2013-06-24,2013-06-30,3500,LV,38,39,http://www.rasmussenreports.com/public_content/archive/mood_of_america_archive/generic_congressional_ballot/july_2013/generic_congressional_ballot_republicans_39_democrats_38,IVR,TRUE,NA,NA
Rasmussen Reports/Pulse Opinion Research,NA,2013-06-17,2013-06-23,3500,LV,40,39,http://www.rasmussenreports.com/public_content/archive/mood_of_america_archive/generic_congressional_ballot/june_2013/generic_congressional_ballot_democrats_40_republicans_39,IVR,TRUE,NA,NA
Rasmussen Reports/Pulse Opinion Research,NA,2013-06-10,2013-06-16,3500,LV,39,39,http://www.rasmussenreports.com/public_content/archive/mood_of_america_archive/generic_congressional_ballot/june_2013/generic_congressional_ballot_democrats_39_republicans_39,IVR,TRUE,NA,NA
Public Policy Polling,NA,2013-06-11,2013-06-13,603,RV,47,40,http://www.publicpolicypolling.com/pdf/2011/PPP_Release_National_614.pdf,IVR,FALSE,DEM,NA
Rasmussen Reports/Pulse Opinion Research,NA,2013-06-03,2013-06-09,3500,LV,40,38,http://www.rasmussenreports.com/public_content/politics/top_stories/generic_congressional_ballot,IVR,TRUE,NA,NA
Rasmussen Reports/Pulse Opinion Research,NA,2013-05-27,2013-06-02,3500,LV,40,40,http://www.rasmussenreports.com/public_content/archive/mood_of_america_archive/generic_congressional_ballot/may_2013/generic_congressional_ballot_democrats_40_republicans_40,IVR,TRUE,NA,NA
Quinnipiac University,NA,2013-05-22,2013-05-28,1419,RV,38,38,http://www.quinnipiac.edu/institutes-and-centers/polling-institute/national/release-detail?ReleaseID=1899,Live Phone,FALSE,NA,NA
Rasmussen Reports/Pulse Opinion Research,NA,2013-05-20,2013-05-26,3500,LV,41,39,http://www.rasmussenreports.com/public_content/archive/mood_of_america_archive/generic_congressional_ballot/may_2013/generic_congressional_ballot_democrats_41_republicans_39,IVR,TRUE,NA,NA
ABC News/Washington Post,NA,2013-05-16,2013-05-19,NA,RV,48,40,http://www.washingtonpost.com/page/2010-2019/WashingtonPost/2013/05/23/National-Politics/Polling/question_11079.xml?uuid=Ns8xOMOYEeKWQqVhd_HN9w,Live Phone,FALSE,NA,NA
Rasmussen Reports/Pulse Opinion Research,NA,2013-05-13,2013-05-19,3500,LV,39,40,http://www.rasmussenreports.com/public_content/archive/mood_of_america_archive/generic_congressional_ballot/may_2013/generic_congressional_ballot_republicans_40_democrats_392,IVR,TRUE,NA,NA
Rasmussen Reports/Pulse Opinion Research,NA,2013-05-06,2013-05-11,3500,LV,40,38,http://www.rasmussenreports.com/public_content/archive/mood_of_america_archive/generic_congressional_ballot/may_2013/generic_congressional_ballot_democrats_40_republicans_382,IVR,TRUE,NA,NA
Public Policy Polling,NA,2013-05-06,2013-05-09,1099,RV,45,43,http://www.publicpolicypolling.com/pdf/2011/PPP_Release_National_514.pdf,IVR,FALSE,DEM,NA
Rasmussen Reports/Pulse Opinion Research,NA,2013-04-29,2013-05-05,3500,LV,40,38,http://www.rasmussenreports.com/public_content/archive/mood_of_america_archive/generic_congressional_ballot/may_2013/generic_congressional_ballot_democrats_40_republicans_38,IVR,TRUE,NA,NA
Quinnipiac University,NA,2013-04-25,2013-04-29,1471,RV,41,37,http://www.quinnipiac.edu/institutes--centers/polling-institute/national/release-detail?ReleaseID=1890,Live Phone,FALSE,NA,NA
Rasmussen Reports/Pulse Opinion Research,NA,2013-04-22,2013-04-28,3500,LV,39,40,http://www.rasmussenreports.com/public_content/archive/mood_of_america_archive/generic_congressional_ballot/april_2013/generic_congressional_ballot_republicans_40_democrats_39,IVR,TRUE,NA,NA
Rasmussen Reports/Pulse Opinion Research,NA,2013-04-15,2013-04-21,3500,LV,41,39,http://www.rasmussenreports.com/public_content/politics/top_stories/generic_congressional_ballot,IVR,TRUE,NA,NA
Rasmussen Reports/Pulse Opinion Research,NA,2013-04-08,2013-04-14,3500,LV,42,38,http://www.rasmussenreports.com/public_content/archive/mood_of_america_archive/generic_congressional_ballot/april_2013/generic_congressional_ballot_democrats_42_republicans_38,IVR,TRUE,NA,NA
Rasmussen Reports/Pulse Opinion Research,NA,2013-04-01,2013-04-07,3500,LV,41,38,http://www.rasmussenreports.com/public_content/politics/mood_of_america/generic_congressional_ballot,IVR,TRUE,NA,NA
Quinnipiac University,NA,2013-03-26,2013-04-01,1711,RV,43,35,http://www.quinnipiac.edu/institutes-centers/polling-institute/national/release-detail?ReleaseID=1876,Live Phone,FALSE,NA,NA
Public Policy Polling,NA,2013-03-27,2013-03-30,1247,RV,46,42,http://www.publicpolicypolling.com/pdf/2011/PPP_Release_National_040413.pdf,IVR,FALSE,DEM,NA
Rasmussen Reports/Pulse Opinion Research,NA,2013-03-25,2013-03-31,3500,LV,44,37,http://www.rasmussenreports.com/public_content/archive/mood_of_america_archive/generic_congressional_ballot/march_2013/generic_congressional_ballot_democrats_44_republicans_37,IVR,TRUE,NA,NA
Rasmussen Reports/Pulse Opinion Research,NA,2013-03-18,2013-03-24,3500,LV,43,38,http://www.rasmussenreports.com/public_content/archive/mood_of_america_archive/generic_congressional_ballot/march_2013/generic_congressional_ballot_democrats_43_republicans_382,IVR,TRUE,NA,NA
Rasmussen Reports/Pulse Opinion Research,NA,2013-03-11,2013-03-17,3500,LV,43,38,http://www.rasmussenreports.com/public_content/archive/mood_of_america_archive/generic_congressional_ballot/march_2013/generic_congressional_ballot_democrats_43_republicans_38,IVR,TRUE,NA,NA
Greenberg Quinlan Rosner (Democracy Corps),NA,2013-03-09,2013-03-12,840,LV,46,42,http://www.democracycorps.com/attachments/article/943/dcor130312fq.hc.pdf,Live Phone,FALSE,DEM,NA
Rasmussen Reports/Pulse Opinion Research,NA,2013-03-04,2013-03-10,3500,LV,43,40,http://www.rasmussenreports.com/public_content/archive/mood_of_america_archive/generic_congressional_ballot/march_2013/generic_congressional_ballot_democrats_43_republicans_402,IVR,TRUE,NA,NA
Rasmussen Reports/Pulse Opinion Research,NA,2013-02-25,2013-03-03,3500,LV,43,40,http://www.rasmussenreports.com/public_content/archive/mood_of_america_archive/generic_congressional_ballot/march_2013/generic_congressional_ballot_democrats_43_republicans_40,IVR,TRUE,NA,NA
Rasmussen Reports/Pulse Opinion Research,NA,2013-02-18,2013-02-24,3500,LV,43,38,http://www.rasmussenreports.com/public_content/archive/mood_of_america_archive/generic_congressional_ballot/february_2013/generic_congressional_ballot_democrats_43_republicans_38,IVR,TRUE,NA,NA
Rasmussen Reports/Pulse Opinion Research,NA,2013-02-11,2013-02-17,3500,LV,43,37,http://www.rasmussenreports.com/public_content/archive/mood_of_america_archive/generic_congressional_ballot/february_2013/generic_congressional_ballot_democrats_43_republicans_37,IVR,TRUE,NA,NA
Rasmussen Reports/Pulse Opinion Research,NA,2013-02-04,2013-02-10,3500,LV,42,39,http://www.rasmussenreports.com/public_content/archive/mood_of_america_archive/generic_congressional_ballot/february_2013/generic_congressional_ballot_democrats_42_republicans_39,IVR,TRUE,NA,NA
Public Policy Polling,NA,2013-01-31,2013-02-03,800,RV,45,45,http://www.publicpolicypolling.com/pdf/2011/PPP_Release_National_205.pdf,IVR,FALSE,DEM,NA
Rasmussen Reports/Pulse Opinion Research,NA,2013-01-28,2013-02-03,3000,LV,44,38,http://www.rasmussenreports.com/public_content/archive/mood_of_america_archive/generic_congressional_ballot/february_2013/generic_congressional_ballot_democrats_44_republicans_38,IVR,TRUE,NA,NA
Rasmussen Reports/Pulse Opinion Research,NA,2013-01-21,2013-01-27,3000,LV,45,37,http://www.rasmussenreports.com/public_content/archive/mood_of_america_archive/generic_congressional_ballot/february_2013/generic_congressional_ballot_democrats_45_republicans_37,IVR,TRUE,NA,NA
Rasmussen Reports/Pulse Opinion Research,NA,2013-01-14,2013-01-20,3000,LV,44,39,http://www.rasmussenreports.com/public_content/archive/mood_of_america_archive/generic_congressional_ballot/january_2013/generic_congressional_ballot_democrats_44_republicans_39,IVR,TRUE,NA,NA
Greenberg Quinlan Rosner (Democracy Corps),NA,2013-01-10,2013-01-14,852,LV,46,42,http://www.democracycorps.com/attachments/article/937/dcor130114fq_FINAL.pdf,Live Phone,FALSE,DEM,NA
Rasmussen Reports/Pulse Opinion Research,NA,2013-01-07,2013-01-13,3000,LV,43,37,http://www.rasmussenreports.com/public_content/archive/mood_of_america_archive/generic_congressional_ballot/january_2013/generic_congressional_ballot_democrats_43_republicans_37,IVR,TRUE,NA,NA
Public Policy Polling,NA,2013-01-03,2013-01-06,1100,RV,47,41,http://www.publicpolicypolling.com/pdf/2011/PPP_Release_Natl_10913.pdf,IVR,FALSE,DEM,NA
Rasmussen Reports/Pulse Opinion Research,NA,2013-01-02,2013-01-06,3000,LV,44,38,http://www.rasmussenreports.com/public_content/archive/mood_of_america_archive/generic_congressional_ballot/january_2013/generic_congressional_ballot_democrats_44_republicans_38,IVR,TRUE,NA,NA
Rasmussen Reports/Pulse Opinion Research,NA,2012-12-26,2012-12-30,3000,LV,46,35,http://www.rasmussenreports.com/public_content/politics/mood_of_america/generic_congressional_ballot,IVR,TRUE,NA,NA
Rasmussen Reports/Pulse Opinion Research,NA,2012-12-17,2012-12-22,3500,LV,44,38,http://www.rasmussenreports.com/public_content/archive/mood_of_america_archive/generic_congressional_ballot/december_2012/generic_congressional_ballot_democrats_44_republicans_38,IVR,TRUE,NA,NA
Rasmussen Reports/Pulse Opinion Research,NA,2012-12-10,2012-12-16,3500,LV,46,38,http://www.rasmussenreports.com/public_content/archive/mood_of_america_archive/generic_congressional_ballot/december_2012/generic_congressional_ballot_democrats_46_republicans_38,IVR,TRUE,NA,NA
Rasmussen Reports/Pulse Opinion Research,NA,2012-12-03,2012-12-09,3500,LV,46,36,http://www.rasmussenreports.com/public_content/archive/mood_of_america_archive/generic_congressional_ballot/december_2012/generic_congressional_ballot_democrats_46_republicans_36,IVR,TRUE,NA,NA
George Washington University (Battleground),Politico,2012-12-02,2012-12-06,1000,LV,45,42,http://dyn.politico.com/printstory.cfm?uuid=CD419AB0-5EB6-4F12-94B4-44C4C181F032,Live Phone,FALSE,NA,NA
Rasmussen Reports/Pulse Opinion Research,NA,2012-11-26,2012-12-02,3500,LV,47,36,http://www.rasmussenreports.com/public_content/archive/mood_of_america_archive/generic_congressional_ballot/december_2012/generic_congressional_ballot_democrats_47_republicans_36,IVR,TRUE,NA,NA
Rasmussen Reports/Pulse Opinion Research,NA,2012-11-19,2012-11-25,3500,LV,45,40,http://www.rasmussenreports.com/public_content/archive/mood_of_america_archive/generic_congressional_ballot/november_2012/generic_congressional_ballot_democrats_45_republicans_402,IVR,TRUE,NA,NA
Rasmussen Reports/Pulse Opinion Research,NA,2012-11-12,2012-11-18,3500,LV,45,40,http://www.rasmussenreports.com/public_content/archive/mood_of_america_archive/generic_congressional_ballot/november_2012/generic_congressional_ballot_democrats_45_republicans_40,IVR,TRUE,NA,NA
Rasmussen Reports/Pulse Opinion Research,NA,2012-11-05,2012-11-11,3500,LV,45,42,http://www.rasmussenreports.com/public_content/archive/mood_of_america_archive/generic_congressional_ballot/november_2012/generic_congressional_ballot_democrats_45_republicans_42,IVR,TRUE,NA,NA
