end_date,dem,rep,net,dem_std,rep_std,net_std,dem_lower_ci,dem_upper_ci,rep_lower_ci,rep_upper_ci,net_lower_ci,net_upper_ci
2025-01-03,43.534055157583026,45.61449367256965,2.080438514986631,0.14695037288650015,1.0694772136337383,1.2164275865202383,43.246032426725485,43.82207788844057,43.518318333847525,47.71066901129178,-0.30375955459303583,4.464636584566298
2025-01-04,43.53405515758302,45.61449367256965,2.080438514986631,0.1469503728865001,1.0694772136337378,1.216427586520238,43.24603242672548,43.82207788844056,43.518318333847525,47.71066901129178,-0.3037595545930354,4.464636584566298
2025-01-05,43.534055157583026,45.61449367256965,2.080438514986631,0.14695037288650012,1.069477213633738,1.216427586520238,43.246032426725485,43.82207788844057,43.518318333847525,47.71066901129178,-0.3037595545930354,4.464636584566298
2025-01-06,43.534055157583026,45.61449367256965,2.080438514986631,0.14695037288650012,1.069477213633738,1.2164275865202383,43.246032426725485,43.82207788844057,43.518318333847525,47.71066901129178,-0.30375955459303583,4.464636584566298
2025-01-07,43.534055157583026,45.61449367256965,2.080438514986631,0.14695037288650012,1.069477213633738,1.2164275865202383,43.246032426725485,43.82207788844057,43.518318333847525,47.71066901129178,-0.30375955459303583,4.464636584566298
2025-01-08,43.534055157583026,45.61449367256965,2.0804385149866316,0.1469503728865001,1.0694772136337378,1.216427586520238,43.246032426725485,43.82207788844057,43.518318333847525,47.71066901129178,-0.30375955459303494,4.464636584566298
2025-01-09,43.53405515758303,45.61449367256966,2.0804385149866316,0.14695037288650015,1.069477213633738,1.2164275865202383,43.24603242672549,43.822077888440575,43.51831833384753,47.710669011291785,-0.3037595545930354,4.464636584566298
2025-01-10,43.534055157583026,45.61449367256966,2.0804385149866316,0.14695037288650012,1.069477213633738,1.2164275865202383,43.246032426725485,43.82207788844057,43.51831833384753,47.710669011291785,-0.3037595545930354,4.464636584566298
2025-01-11,43.534055157583026,45.61449367256966,2.0804385149866316,0.14695037288650012,1.069477213633738,1.2164275865202383,43.246032426725485,43.82207788844057,43.51831833384753,47.710669011291785,-0.3037595545930354,4.464636584566298
2025-01-12,43.460382218010025,44.59621379416809,1.1358315761580615,0.03175860176960274,0.24515213240260444,0.2588034814766058,43.3981353585416,43.52262907747845,44.11571561465898,45.07671197367719,0.6285767524639141,1.643086399852209
2025-01-13,43.460382218010025,44.59621379416809,1.1358315761580615,0.03175860176960275,0.24515213240260444,0.25880348147660587,43.3981353585416,43.52262907747845,44.11571561465898,45.07671197367719,0.628576752463914,1.643086399852209
2025-01-14,43.460382218010025,44.59621379416809,1.1358315761580615,0.03175860176960274,0.24515213240260442,0.2588034814766058,43.3981353585416,43.52262907747845,44.11571561465898,45.07671197367719,0.6285767524639141,1.643086399852209
2025-01-15,43.46038221801002,44.59621379416808,1.1358315761580613,0.03175860176960274,0.2451521324026044,0.25880348147660576,43.398135358541595,43.52262907747844,44.115715614658974,45.076711973677185,0.628576752463914,1.6430863998522085
2025-01-16,44.06513526048945,46.27853411262615,2.2133988521366965,0.6472809931774862,1.8081479172785488,1.1677647306428465,42.79646451386157,45.333806007117325,42.73456419476019,49.822504030492105,-0.0754200199232824,4.502217724196676
2025-01-17,44.06513526048944,46.27853411262614,2.2133988521366965,0.6472809931774861,1.8081479172785488,1.1677647306428462,42.796464513861565,45.33380600711732,42.73456419476018,49.8225040304921,-0.07542001992328196,4.502217724196675
2025-01-18,44.06513526048945,46.27853411262614,2.2133988521366965,0.6472809931774861,1.8081479172785488,1.1677647306428462,42.79646451386157,45.333806007117325,42.73456419476018,49.8225040304921,-0.07542001992328196,4.502217724196675
2025-01-19,44.06513526048945,46.27853411262615,2.2133988521366965,0.6472809931774862,1.8081479172785488,1.1677647306428465,42.79646451386157,45.333806007117325,42.73456419476019,49.822504030492105,-0.0754200199232824,4.502217724196676
2025-01-20,44.06513526048944,46.27853411262614,2.2133988521366965,0.6472809931774861,1.8081479172785488,1.1677647306428462,42.796464513861565,45.33380600711732,42.73456419476018,49.8225040304921,-0.07542001992328196,4.502217724196675
2025-01-21,44.06513526048945,46.27853411262614,2.2133988521366965,0.6472809931774861,1.8081479172785488,1.1677647306428462,42.79646451386157,45.333806007117325,42.73456419476018,49.8225040304921,-0.07542001992328196,4.502217724196675
2025-01-22,44.06513526048945,46.27853411262614,2.2133988521366965,0.6472809931774862,1.808147917278549,1.1677647306428465,42.79646451386157,45.333806007117325,42.73456419476018,49.8225040304921,-0.0754200199232824,4.502217724196676
2025-01-23,44.34326330399348,46.463878012297116,2.120614708303635,0.8742090290293539,1.7131509178493436,1.092574108737055,42.62981360709595,46.056713000891015,43.106102213312404,49.82165381128183,-0.02083054482099289,4.262059961428263
2025-01-24,44.343263303993474,46.463878012297116,2.1206147083036346,0.8742090290293539,1.7131509178493436,1.092574108737055,42.62981360709594,46.05671300089101,43.106102213312404,49.82165381128183,-0.020830544820993335,4.262059961428262
2025-01-25,44.34326330399349,46.46387801229712,2.120614708303635,0.8742090290293539,1.7131509178493436,1.092574108737055,42.629813607095954,46.05671300089102,43.10610221331241,49.821653811281834,-0.02083054482099289,4.262059961428263
2025-01-26,43.87509203642191,45.06497944093029,1.1898874045083783,0.5961571603245072,1.3801162850657938,0.8993064887942167,42.706624002185876,45.043560070657946,42.35995152220133,47.770007359659246,-0.5727533135282865,2.952528122545043
2025-01-27,43.66392525897354,45.01730928222915,1.3533840232556091,0.8447089822479217,1.319279454020786,0.9751962416448761,42.00829565376762,45.319554864179466,42.43152155234841,47.60309701210989,-0.5580006103683479,3.264768656879566
2025-01-28,43.66392525897354,45.01730928222915,1.3533840232556091,0.8447089822479217,1.319279454020786,0.9751962416448761,42.00829565376762,45.319554864179466,42.43152155234841,47.60309701210989,-0.5580006103683479,3.264768656879566
2025-01-29,43.663925258973535,45.01730928222914,1.353384023255609,0.8447089822479217,1.319279454020786,0.975196241644876,42.00829565376761,45.31955486417946,42.4315215523484,47.603097012109885,-0.5580006103683479,3.264768656879566
2025-01-30,43.66392525897354,45.01730928222915,1.3533840232556091,0.8447089822479217,1.319279454020786,0.9751962416448761,42.00829565376762,45.319554864179466,42.43152155234841,47.60309701210989,-0.5580006103683479,3.264768656879566
2025-01-31,43.663925258973535,45.01730928222914,1.3533840232556091,0.8447089822479217,1.319279454020786,0.9751962416448761,42.00829565376761,45.31955486417946,42.4315215523484,47.603097012109885,-0.5580006103683479,3.264768656879566
2025-02-01,43.639795066946846,44.89502149491884,1.255226427972007,0.7362217088559392,1.1680273639113423,0.8662168613538983,42.1968005175892,45.08278961630449,42.60568786165261,47.184355128185075,-0.44255862028163384,2.9530114762256474
2025-02-02,44.09915172443123,44.24665822276806,0.14750649833683874,0.7678218112010522,1.2012871543041659,1.450953968984029,42.59422097447717,45.604082474385294,41.892135400331895,46.60118104520423,-2.696363280871858,2.9913762775455357
2025-02-03,44.09915172443122,44.24665822276806,0.1475064983368387,0.7678218112010522,1.2012871543041659,1.450953968984029,42.59422097447716,45.60408247438529,41.892135400331895,46.60118104520423,-2.696363280871858,2.9913762775455357
2025-02-04,44.09915172443123,44.24665822276806,0.14750649833683868,0.7678218112010521,1.2012871543041659,1.4509539689840287,42.59422097447717,45.604082474385294,41.892135400331895,46.60118104520423,-2.6963632808718576,2.9913762775455353
2025-02-05,44.54717352082825,44.5772270700815,0.030053549253244168,0.7363392832107716,0.9609552386366679,1.0757257176874968,43.10394852573514,45.99039851592136,42.69375480235363,46.460699337809366,-2.0783688574142496,2.1384759559207382
2025-02-06,44.0870419944797,44.10407275083903,0.01703075635932804,1.0344575834933443,1.1817688479565016,0.9362406358451048,42.05950513083274,46.114578858126656,41.78780580884429,46.42033969283377,-1.8180008898970774,1.8520624026157333
2025-02-07,44.087041994479705,44.10407275083903,0.01703075635932806,1.0344575834933445,1.1817688479565016,0.9362406358451048,42.05950513083275,46.11457885812666,41.78780580884429,46.42033969283377,-1.8180008898970772,1.8520624026157335
2025-02-08,44.087041994479705,44.10407275083903,0.017030756359327996,1.0344575834933445,1.1817688479565016,0.9362406358451048,42.05950513083275,46.11457885812666,41.78780580884429,46.42033969283377,-1.8180008898970774,1.8520624026157333
2025-02-09,44.223287109205565,44.1936774604214,-0.029609648784168184,0.9417010174956197,1.042556536823632,0.8065409681418372,42.37755311491415,46.06902110349698,42.15026664824708,46.23708827259571,-1.610429946342169,1.5512106487738326
2025-02-10,44.22328710920557,44.1936774604214,-0.02960964878416818,0.9417010174956197,1.0425565368236323,0.8065409681418372,42.37755311491416,46.069021103496986,42.150266648247076,46.23708827259572,-1.610429946342169,1.5512106487738326
2025-02-11,44.223287109205565,44.19367746042139,-0.029609648784168205,0.9417010174956197,1.042556536823632,0.8065409681418372,42.37755311491415,46.06902110349698,42.15026664824707,46.23708827259571,-1.610429946342169,1.5512106487738326
2025-02-12,44.256090868422255,44.38242613193817,0.1263352635159132,0.9224218427385639,1.2660637093491105,1.002999324523798,42.44814405665467,46.06403768018984,41.90094126161391,46.86391100226243,-1.8395434125507308,2.092213939582557
2025-02-13,44.43733347786579,44.17272136309019,-0.26461211477560254,0.816599107149481,1.1024181683747887,1.0241300521922607,42.83679922785281,46.037867727878776,42.0119817530756,46.33346097310478,-2.2719070170724334,1.7426827875212285
2025-02-14,44.43733347786579,44.17272136309019,-0.26461211477560254,0.816599107149481,1.1024181683747887,1.0241300521922607,42.83679922785281,46.037867727878776,42.0119817530756,46.33346097310478,-2.2719070170724334,1.7426827875212285
2025-02-15,44.437333477865785,44.17272136309018,-0.26461211477560254,0.8165991071494809,1.1024181683747885,1.0241300521922605,42.8367992278528,46.03786772787877,42.011981753075595,46.33346097310477,-2.271907017072433,1.742682787521228
2025-02-16,44.21704879721381,44.23388327569708,0.016834478483262257,0.7885649227605681,0.95805055142162,0.9883969336671978,42.6714615486031,45.76263604582453,42.356104194910706,46.11166235648346,-1.9204235115044455,1.9540924684709702
2025-02-17,44.24647412137684,44.42849643740494,0.18202231602809735,0.6641956487321637,0.9183387012261689,0.89093488935573,42.9446506498618,45.548297592891885,42.62855258300165,46.228440291808226,-1.5642100671091332,1.928254699165328
2025-02-18,44.13936888404014,44.08633660491839,-0.05303227912174688,0.6326058066034331,1.0307477953004147,0.9900794725387458,42.899461503097406,45.37927626498287,42.066070926129576,46.1066022837072,-1.9935880452976886,1.887523487054195
2025-02-19,44.13936888404013,44.08633660491839,-0.05303227912174689,0.6326058066034331,1.0307477953004147,0.9900794725387458,42.8994615030974,45.37927626498286,42.066070926129576,46.1066022837072,-1.9935880452976886,1.887523487054195
2025-02-20,44.13936888404013,44.08633660491839,-0.05303227912174687,0.6326058066034331,1.0307477953004147,0.9900794725387458,42.8994615030974,45.37927626498286,42.066070926129576,46.1066022837072,-1.9935880452976886,1.887523487054195
2025-02-21,44.507106797147785,44.29691457342762,-0.21019222372016852,0.9456497212385804,1.0184633184014402,0.9366350577815464,42.65363334352017,46.3605802507754,42.3007264693608,46.293102677494446,-2.0459969369719992,1.6256124895316624
2025-02-22,44.507106797147785,44.29691457342762,-0.21019222372016852,0.9456497212385804,1.0184633184014402,0.9366350577815464,42.65363334352017,46.3605802507754,42.3007264693608,46.293102677494446,-2.0459969369719992,1.6256124895316624
2025-02-23,44.34058864052456,44.31578982372644,-0.024798816798120633,0.9173075405458748,0.9181252033551035,0.9223506142085792,42.542665861054644,46.13851141999447,42.51626442515044,46.11531522230244,-1.832606020646936,1.7830083870506948
2025-02-24,44.34058864052456,44.31578982372644,-0.02479881679812063,0.9173075405458748,0.9181252033551035,0.9223506142085793,42.542665861054644,46.13851141999447,42.51626442515044,46.11531522230244,-1.8326060206469361,1.783008387050695
2025-02-25,44.34058864052456,44.31578982372644,-0.024798816798120665,0.9173075405458748,0.9181252033551035,0.9223506142085792,42.542665861054644,46.13851141999447,42.51626442515044,46.11531522230244,-1.832606020646936,1.7830083870506948
2025-02-26,44.340588640524565,44.31578982372644,-0.02479881679812063,0.9173075405458748,0.9181252033551035,0.9223506142085793,42.54266586105465,46.13851141999448,42.51626442515044,46.11531522230244,-1.8326060206469361,1.783008387050695
2025-02-27,44.340588640524565,44.31578982372644,-0.024798816798120665,0.9173075405458748,0.9181252033551035,0.9223506142085793,42.54266586105465,46.13851141999448,42.51626442515044,46.11531522230244,-1.8326060206469361,1.783008387050695
2025-02-28,44.340588640524565,44.31578982372644,-0.02479881679812071,0.9173075405458748,0.9181252033551036,0.9223506142085793,42.54266586105465,46.13851141999448,42.51626442515044,46.11531522230244,-1.8326060206469363,1.7830083870506948
2025-03-01,44.340588640524565,44.31578982372644,-0.024798816798120658,0.9173075405458748,0.9181252033551035,0.9223506142085793,42.54266586105465,46.13851141999448,42.51626442515044,46.11531522230244,-1.8326060206469361,1.783008387050695
2025-03-02,44.35631954476608,44.5498734325728,0.1935538878067209,0.6841268990254615,0.7497146132244961,0.8376356353410923,43.01543082267617,45.69720826685599,43.08043279065279,46.01931407449281,-1.44821195746182,1.8353197330752617
2025-03-03,44.57604587448512,44.030683991112255,-0.5453618833728627,0.7066475042271847,1.1153387698006532,1.480152876292442,43.19101676619984,45.9610749827704,41.844620002302975,46.216747979921536,-3.446461520906049,2.355737754160324
2025-03-04,44.57604587448512,44.030683991112255,-0.5453618833728627,0.7066475042271847,1.1153387698006532,1.480152876292442,43.19101676619984,45.9610749827704,41.844620002302975,46.216747979921536,-3.446461520906049,2.355737754160324
2025-03-05,45.0512216682455,43.92505953121948,-1.12616213702602,0.966835292534913,0.9581981749849469,1.5559652476647332,43.15622449487707,46.946218841613934,42.04699110824899,45.803127954189975,-4.175854022448897,1.923529748396857
2025-03-06,45.0512216682455,43.92505953121948,-1.12616213702602,0.966835292534913,0.9581981749849469,1.5559652476647332,43.15622449487707,46.946218841613934,42.04699110824899,45.803127954189975,-4.175854022448897,1.923529748396857
2025-03-07,45.09743810702526,43.94342165217548,-1.1540164548497789,0.9602675348702191,0.9398045843709278,1.5208987941185699,43.21531373867963,46.97956247537089,42.10140466680846,45.7854386375425,-4.134978091322176,1.8269451816226179
2025-03-08,45.09743810702526,43.94342165217548,-1.1540164548497789,0.9602675348702191,0.9398045843709278,1.5208987941185699,43.21531373867963,46.97956247537089,42.10140466680846,45.7854386375425,-4.134978091322176,1.8269451816226179
2025-03-09,44.78857301793036,43.79153065226705,-0.997042365663311,0.9455613216618666,0.9456797875195909,1.28276624465528,42.9352728274731,46.64187320838762,41.93799826872865,45.64506303580545,-3.5112642051876595,1.5171794738610378
2025-03-10,44.78857301793036,43.79153065226705,-0.997042365663311,0.9455613216618666,0.9456797875195909,1.28276624465528,42.9352728274731,46.64187320838762,41.93799826872865,45.64506303580545,-3.5112642051876595,1.5171794738610378
2025-03-11,44.86876663158186,43.87102320018675,-0.9977434313951127,0.860254380584503,0.8600996206970868,1.1466917324860073,43.182668045636234,46.55486521752749,42.18522794362046,45.556818456753035,-3.245259227067687,1.2497723642774616
2025-03-12,44.868766631581856,43.87102320018675,-0.9977434313951127,0.860254380584503,0.8600996206970868,1.1466917324860073,43.18266804563623,46.554865217527485,42.18522794362046,45.556818456753035,-3.245259227067687,1.2497723642774616
2025-03-13,44.86534058365185,43.836130746385976,-1.0292098372658716,0.7710249043254452,0.7740723198963256,1.0296749762654216,43.354131771173975,46.376549396129725,42.31894899938918,45.353312493382774,-3.0473727907460977,0.9889531162143546
2025-03-14,44.86534058365185,43.83613074638598,-1.0292098372658716,0.7710249043254453,0.7740723198963256,1.0296749762654218,43.354131771173975,46.376549396129725,42.318948999389185,45.35331249338278,-3.047372790746098,0.988953116214355
2025-03-15,44.86534058365185,43.836130746385976,-1.0292098372658716,0.7710249043254453,0.7740723198963256,1.0296749762654218,43.354131771173975,46.376549396129725,42.31894899938918,45.353312493382774,-3.047372790746098,0.988953116214355
2025-03-16,44.82830310781195,43.93512398050184,-0.8931791273101037,0.7016347417504424,0.7324748660416838,0.9761479513250044,43.45309901398108,46.203507201642815,42.499473243060145,45.37077471794354,-2.8064291119071125,1.0200708572869048
2025-03-17,44.82830310781195,43.93512398050185,-0.8931791273101038,0.7016347417504424,0.7324748660416838,0.9761479513250044,43.45309901398108,46.203507201642815,42.49947324306015,45.37077471794355,-2.8064291119071125,1.0200708572869046
2025-03-18,44.82830310781195,43.93512398050185,-0.8931791273101038,0.7016347417504424,0.7324748660416838,0.9761479513250045,43.45309901398108,46.203507201642815,42.49947324306015,45.37077471794355,-2.8064291119071125,1.020070857286905
2025-03-19,44.96320904756377,43.931621747271386,-1.0315873002923883,0.73712639868329,0.6815388149352124,0.9737542660537277,43.518441306144524,46.40797678898302,42.59580566999837,45.2674378245444,-2.9401456617576947,0.876971061172918
2025-03-20,44.96320904756377,43.93162174727138,-1.0315873002923883,0.73712639868329,0.6815388149352124,0.9737542660537277,43.518441306144524,46.40797678898302,42.59580566999836,45.267437824544395,-2.9401456617576947,0.876971061172918
2025-03-21,44.96320904756377,43.931621747271386,-1.0315873002923883,0.73712639868329,0.6815388149352124,0.9737542660537277,43.518441306144524,46.40797678898302,42.59580566999837,45.2674378245444,-2.9401456617576947,0.876971061172918
2025-03-22,44.96320904756377,43.93162174727138,-1.0315873002923883,0.73712639868329,0.6815388149352124,0.9737542660537277,43.518441306144524,46.40797678898302,42.59580566999836,45.267437824544395,-2.9401456617576947,0.876971061172918
2025-03-23,44.88552309777567,44.045937103723396,-0.8395859940522776,0.6515598201827802,0.622137128425353,0.9056756944171398,43.60846585021742,46.162580345333915,42.82654833200971,45.265325875437085,-2.614710355109872,0.9355383670053163
2025-03-24,44.88552309777567,44.04593710372339,-0.8395859940522775,0.6515598201827802,0.622137128425353,0.9056756944171398,43.60846585021742,46.162580345333915,42.8265483320097,45.26532587543708,-2.6147103551098714,0.9355383670053165
2025-03-25,44.88552309777567,44.04593710372339,-0.8395859940522775,0.6515598201827802,0.622137128425353,0.9056756944171398,43.60846585021742,46.162580345333915,42.8265483320097,45.26532587543708,-2.6147103551098714,0.9355383670053165
2025-03-26,44.88552309777567,44.04593710372339,-0.8395859940522775,0.6515598201827802,0.622137128425353,0.9056756944171398,43.60846585021742,46.162580345333915,42.8265483320097,45.26532587543708,-2.6147103551098714,0.9355383670053165
2025-03-27,44.97950681774249,44.164689436127176,-0.8148173816153101,0.7152042844986503,0.7396656247285477,0.8772325455876079,43.57770642012513,46.38130721535985,42.71494481165922,45.61443406059513,-2.5341931709670216,0.9045584077364013
2025-03-28,44.97950681774249,44.16468943612718,-0.8148173816153101,0.7152042844986503,0.7396656247285477,0.8772325455876078,43.57770642012513,46.38130721535985,42.71494481165923,45.61443406059514,-2.534193170967021,0.9045584077364011
2025-03-29,44.9795068177425,44.16468943612718,-0.8148173816153103,0.7152042844986504,0.7396656247285477,0.8772325455876079,43.57770642012514,46.381307215359854,42.71494481165923,45.61443406059514,-2.5341931709670216,0.9045584077364012
2025-03-30,45.23770803565995,43.87099906950713,-1.3667089661528187,0.6589476029381824,0.7060609954067529,0.9829495591630164,43.94617073390111,46.529245337418786,42.48711951850989,45.254878620504364,-3.293290102112331,0.5598721698066935
2025-03-31,45.23770803565995,43.87099906950713,-1.3667089661528187,0.6589476029381824,0.706060995406753,0.9829495591630164,43.94617073390111,46.529245337418786,42.48711951850989,45.254878620504364,-3.293290102112331,0.5598721698066935
2025-04-01,45.16241881411274,43.858930622986435,-1.3034881911263068,0.6485886532398569,0.6616494622353749,0.9352696778592174,43.89118505376262,46.43365257446286,42.5620976770051,45.15576356896777,-3.136616759730373,0.5296403774777594
2025-04-02,45.16241881411273,43.85893062298643,-1.3034881911263068,0.648588653239857,0.6616494622353749,0.9352696778592173,43.89118505376261,46.433652574462855,42.56209767700509,45.155763568967764,-3.136616759730373,0.5296403774777592
2025-04-03,45.67731910047185,43.88033918067085,-1.7969799198009921,0.7185401118478644,0.6650251620188191,0.8417794548799254,44.26898048125003,47.085657719693664,42.57688986311397,45.183788498227734,-3.446867651365646,-0.1470921882363383
2025-04-04,45.67731910047185,43.88033918067086,-1.7969799198009924,0.7185401118478644,0.6650251620188191,0.8417794548799254,44.26898048125003,47.085657719693664,42.576889863113976,45.18378849822774,-3.446867651365646,-0.14709218823633852
2025-04-05,45.677319100471856,43.88033918067086,-1.7969799198009924,0.7185401118478645,0.6650251620188192,0.8417794548799254,44.26898048125004,47.08565771969367,42.576889863113976,45.18378849822774,-3.446867651365646,-0.14709218823633852
2025-04-06,45.678534830988134,43.75688815330424,-1.9216466776838916,0.6217676138800569,0.6164663380848122,0.7482096107811498,44.45987030778322,46.89719935419305,42.54861413065801,44.96516217595047,-3.388137514814945,-0.4551558405528382
2025-04-07,45.678534830988134,43.756888153304246,-1.921646677683892,0.621767613880057,0.6164663380848122,0.7482096107811498,44.45987030778322,46.89719935419305,42.54861413065802,44.965162175950475,-3.3881375148149457,-0.45515584055283864
2025-04-08,45.465600409975636,43.79067166129915,-1.6749287486764806,0.6166377235615038,0.5197392323448178,0.7346720414828979,44.25699047179509,46.67421034815618,42.77198276590331,44.80936055669499,-3.1148859499829604,-0.2349715473700007
2025-04-09,45.46560040997563,43.79067166129915,-1.6749287486764803,0.6166377235615038,0.5197392323448178,0.7346720414828979,44.25699047179508,46.67421034815618,42.77198276590331,44.80936055669499,-3.11488594998296,-0.23497154737000048
2025-04-10,45.470278373327595,43.79343699991151,-1.6768413734160834,0.5581439390421467,0.47039687857738627,0.6648859140391592,44.37631625280499,46.5642404938502,42.87145911789984,44.71541488192319,-2.9800177649328354,-0.3736649818993314
2025-04-11,45.470278373327595,43.79343699991151,-1.676841373416083,0.5581439390421465,0.47039687857738627,0.6648859140391592,44.37631625280499,46.5642404938502,42.87145911789984,44.71541488192319,-2.980017764932835,-0.37366498189933095
2025-04-12,45.35480984552608,43.658703467521704,-1.6961063780043737,0.6887576539491034,0.6758155936442398,0.6459966241588829,44.00484484378583,46.70477484726632,42.334104903979,44.98330203106441,-2.962259761355784,-0.4299529946529632
2025-04-13,45.39742974421477,44.19207605049225,-1.2053536937225242,0.5527097521337813,1.2583054752493124,1.3001583179434464,44.31411863003256,46.48074085839698,41.7257973190036,46.6583547819809,-3.753663996891679,1.3429566094466308
2025-04-14,44.9528046052974,44.03269566944962,-0.9201089358477831,1.4150096222892026,1.0771346486531796,1.630716010963078,42.17938574561057,47.72622346498424,41.921511758089395,46.14387958080985,-4.1163123173354155,2.2760944456398495
2025-04-15,44.95280460529741,44.03269566944962,-0.9201089358477831,1.4150096222892028,1.0771346486531796,1.6307160109630783,42.179385745610574,47.726223464984244,41.921511758089395,46.14387958080985,-4.116312317335416,2.27609444563985
2025-04-16,45.791443718130125,43.768150630836985,-2.023293087293141,2.424468614482888,1.185882220143879,3.0789166620849984,41.03948523374366,50.54340220251659,41.44382147935498,46.09247978231899,-8.057969744979738,4.0113835703934555
2025-04-17,45.79144371813013,43.76815063083699,-2.023293087293141,2.424468614482888,1.185882220143879,3.0789166620849984,41.03948523374367,50.543402202516596,41.44382147935499,46.092479782318996,-8.057969744979738,4.0113835703934555
2025-04-18,45.8642982894337,43.50270637778638,-2.3615919116473174,2.0906163419900814,1.1151726550765266,2.711391045929575,41.76669025913314,49.961906319734254,41.31696797383639,45.68844478173637,-7.675918361669285,2.95273453837465
2025-04-19,45.888167220074635,43.5067610359135,-2.3814061841611363,2.05832304160904,1.0960709310501717,2.666510200363929,41.853854058520916,49.922480381628354,41.35846201105516,45.65506006077184,-7.607766176874438,2.844953808552165
2025-04-20,45.856669362281124,43.342742413981306,-2.5139269482998214,1.9171295391303635,1.0944095089540218,2.500429319607962,42.09909546558561,49.614243258976636,41.19769977643142,45.48778505153119,-7.414768414731427,2.3869145181317837
2025-04-21,45.872921164483486,42.84158715170193,-3.0313340127815533,1.7338347286641942,1.4508869283377421,2.5123232188373428,42.474605096301666,49.27123723266531,39.997848772159955,45.685325531243905,-7.955487521702745,1.8928194961396385
2025-04-22,45.87292116448349,42.84158715170194,-3.031334012781554,1.7338347286641944,1.4508869283377424,2.5123232188373428,42.47460509630167,49.271237232665314,39.99784877215996,45.68532553124391,-7.955487521702746,1.892819496139638
2025-04-23,45.87292116448349,42.84158715170194,-3.031334012781554,1.7338347286641942,1.4508869283377424,2.5123232188373428,42.47460509630167,49.271237232665314,39.99784877215996,45.68532553124391,-7.955487521702746,1.892819496139638
2025-04-24,45.90434607726618,42.793045302487656,-3.111300774778532,1.5579390815661007,1.3063112780598243,2.261397937452601,42.85078547739663,48.95790667713574,40.2326751974904,45.35341540748491,-7.543640732185629,1.3210391826285655
2025-04-25,45.90434607726618,42.793045302487656,-3.1113007747785324,1.557939081566101,1.3063112780598243,2.261397937452601,42.85078547739663,48.95790667713574,40.2326751974904,45.35341540748491,-7.543640732185629,1.321039182628565
2025-04-26,45.90434607726619,42.793045302487656,-3.1113007747785324,1.557939081566101,1.3063112780598243,2.261397937452601,42.850785477396634,48.957906677135746,40.2326751974904,45.35341540748491,-7.543640732185629,1.321039182628565
2025-04-27,45.78416218703779,42.28635517953333,-3.497807007504467,1.3433208989705,1.5629154192816943,2.1203280030068212,43.15125322505561,48.417071149019975,39.22304095774121,45.34966940132545,-7.653649893397836,0.658035878388902
2025-04-28,45.78416218703779,42.28635517953333,-3.4978070075044676,1.3433208989705,1.5629154192816943,2.1203280030068212,43.15125322505561,48.417071149019975,39.22304095774121,45.34966940132545,-7.653649893397837,0.6580358783889015
2025-04-29,45.74949694879482,42.25727400313445,-3.4922229456603784,1.3340217540921526,1.543248070929904,2.0897741583643588,43.1348143107742,48.36417958681544,39.23250778411184,45.28204022215706,-7.588180296054522,0.6037344047337649
2025-04-30,45.74949694879483,42.25727400313445,-3.4922229456603784,1.3340217540921526,1.543248070929904,2.0897741583643588,43.13481431077421,48.364179586815446,39.23250778411184,45.28204022215706,-7.588180296054522,0.6037344047337649
2025-05-01,45.74949694879483,42.25727400313445,-3.4922229456603784,1.3340217540921526,1.543248070929904,2.0897741583643588,43.13481431077421,48.364179586815446,39.23250778411184,45.28204022215706,-7.588180296054522,0.6037344047337649
2025-05-02,45.74949694879483,42.25727400313445,-3.4922229456603784,1.3340217540921528,1.543248070929904,2.0897741583643588,43.13481431077421,48.364179586815446,39.23250778411184,45.28204022215706,-7.588180296054522,0.6037344047337649
2025-05-03,45.74949694879483,42.25727400313445,-3.492222945660379,1.3340217540921526,1.543248070929904,2.0897741583643588,43.13481431077421,48.364179586815446,39.23250778411184,45.28204022215706,-7.588180296054523,0.6037344047337645
2025-05-04,45.72708645511306,42.53008161718434,-3.1970048379287213,1.1760719847318353,1.4440060053145676,1.9158330096950913,43.421985365038665,48.032187545187455,39.699829846767784,45.36033338760089,-6.9520375369311,0.5580278610736578
2025-05-05,45.72708645511306,42.53008161718434,-3.1970048379287213,1.176071984731835,1.4440060053145676,1.915833009695091,43.421985365038665,48.032187545187455,39.699829846767784,45.36033338760089,-6.952037536931099,0.5580278610736573
2025-05-06,45.746767787409304,42.51981055209029,-3.226957235319014,1.139733646370119,1.3968592255974213,1.856076083338119,43.51288984052387,47.98064573429474,39.78196646991935,45.257654634261236,-6.864866358661727,0.41095188802369886
2025-05-07,45.75946430664368,42.657782137443654,-3.1016821692000223,1.1102386772921498,1.4785402096229727,1.8817450884871456,43.583396499151064,47.935532114136294,39.759843326582626,45.55572094830468,-6.789902542634827,0.5865382042347829
2025-05-08,45.8284580516919,43.26255375115689,-2.5659043005350117,0.8977986006115113,1.4441768949790135,1.6785642788142172,44.068772794493334,47.58814330889046,40.43196703699802,46.093140465315756,-5.855890287010878,0.7240816859408539
2025-05-09,45.74444664512574,42.859088460608994,-2.8853581845167495,0.8256409082586468,1.5409975947669787,1.6461202189423145,44.126190464938794,47.36270282531269,39.838733174865716,45.87944374635227,-6.111753813643686,0.3410374446101869
2025-05-10,45.74444664512574,42.85908846060899,-2.8853581845167495,0.8256409082586468,1.5409975947669785,1.6461202189423143,44.126190464938794,47.36270282531269,39.83873317486571,45.879443746352266,-6.111753813643686,0.3410374446101865
2025-05-11,45.525950924729756,43.16182682819911,-2.364124096530645,0.8664995231052911,1.5213561216724407,1.8227188653265973,43.82761185944339,47.224289990016125,40.179968829721126,46.143684826677095,-5.936653072570776,1.2084048795094855
2025-05-12,45.59186635309647,43.474697273234945,-2.1171690798615286,0.7848013602005222,1.4929665038360729,1.6992352078275001,44.05365568710345,47.13007701908949,40.54848292571624,46.40091162075365,-5.447670087203429,1.2133319274803718
2025-05-13,45.59186635309647,43.474697273234945,-2.117169079861529,0.7848013602005222,1.492966503836073,1.6992352078275001,44.05365568710345,47.13007701908949,40.54848292571624,46.40091162075365,-5.447670087203429,1.2133319274803713
2025-05-14,45.59186635309648,43.474697273234945,-2.117169079861529,0.7848013602005223,1.4929665038360729,1.6992352078275001,44.05365568710346,47.1300770190895,40.54848292571624,46.40091162075365,-5.447670087203429,1.2133319274803713
2025-05-15,45.59186635309648,43.474697273234945,-2.117169079861529,0.7848013602005223,1.492966503836073,1.6992352078275004,44.05365568710346,47.1300770190895,40.54848292571624,46.40091162075365,-5.44767008720343,1.2133319274803718
2025-05-16,45.59186635309647,43.474697273234945,-2.1171690798615286,0.7848013602005222,1.4929665038360729,1.6992352078275001,44.05365568710345,47.13007701908949,40.54848292571624,46.40091162075365,-5.447670087203429,1.2133319274803718
2025-05-17,45.59186635309647,43.474697273234945,-2.1171690798615286,0.7848013602005223,1.4929665038360729,1.6992352078275001,44.05365568710344,47.1300770190895,40.54848292571624,46.40091162075365,-5.447670087203429,1.2133319274803718
2025-05-18,45.35876108029371,43.43995804035602,-1.9188030399376914,0.7962717920685519,1.296612621782497,1.513982155242319,43.79806836783935,46.91945379274807,40.89859730166232,45.981318779049715,-4.886208064212637,1.0486019843372536
2025-05-19,45.2035403308726,43.579963584053125,-1.6235767468194762,0.7133087189617586,1.098051860457714,1.3423836967892633,43.80545524170755,46.60162542003765,41.427781937556006,45.732145230550245,-4.2546487925264325,1.00749529888748
2025-05-20,45.203540330872606,43.57996358405313,-1.6235767468194764,0.7133087189617587,1.098051860457714,1.3423836967892633,43.805455241707556,46.60162542003766,41.42778193755601,45.73214523055025,-4.2546487925264325,1.0074952988874797
2025-05-21,45.88020471026639,43.316815868757025,-2.5633888415093664,1.5312604914163448,1.126225038111882,2.2784372644249853,42.878934147090355,48.881475273442426,41.109414794057734,45.52421694345632,-7.029125879782338,1.902348196763605
2025-05-22,45.8802047102664,43.316815868757025,-2.563388841509366,1.5312604914163448,1.1262250381118817,2.2784372644249853,42.87893414709036,48.88147527344243,41.109414794057734,45.52421694345632,-7.029125879782337,1.9023481967636053
2025-05-23,45.8802047102664,43.31681586875703,-2.563388841509366,1.5312604914163448,1.1262250381118817,2.2784372644249853,42.87893414709036,48.88147527344243,41.10941479405774,45.524216943456324,-7.029125879782337,1.9023481967636053
2025-05-24,45.88020471026639,43.316815868757025,-2.563388841509366,1.5312604914163448,1.1262250381118817,2.2784372644249853,42.878934147090355,48.881475273442426,41.109414794057734,45.52421694345632,-7.029125879782337,1.9023481967636053
2025-05-25,45.60257680057068,43.57465646101947,-2.0279203395512133,1.4445619995882328,1.0929448845134755,2.235584088587227,42.77123528137774,48.43391831976362,41.43248448737306,45.716828434665885,-6.4096651531821784,2.3538244740797514
2025-05-26,45.45874053369276,43.42577670637836,-2.0329638273143975,1.3136101915500629,1.0064400519105359,1.9859631731281402,42.884064558254636,48.03341650913089,41.453154204633705,45.39839920812301,-5.925451646645552,1.859523992016757
2025-05-27,45.710588559677184,43.11858950628971,-2.5919990533874753,1.0785708091011506,0.8799270627155229,1.7108408662163652,43.59658977383893,47.82458734551544,41.393932463367285,44.84324654921213,-5.945247151171551,0.7612490443966005
2025-05-28,45.71058855967718,43.1185895062897,-2.591999053387475,1.0785708091011506,0.8799270627155229,1.7108408662163652,43.59658977383892,47.82458734551543,41.39393246336728,44.843246549212125,-5.94524715117155,0.7612490443966009
2025-05-29,45.71058855967718,43.1185895062897,-2.591999053387475,1.0785708091011506,0.8799270627155229,1.7108408662163652,43.59658977383892,47.82458734551543,41.39393246336728,44.843246549212125,-5.94524715117155,0.7612490443966009
2025-05-30,45.71058855967718,43.1185895062897,-2.591999053387475,1.0785708091011506,0.8799270627155229,1.7108408662163652,43.59658977383892,47.82458734551543,41.39393246336728,44.843246549212125,-5.94524715117155,0.7612490443966009
2025-05-31,45.710588559677184,43.11858950628971,-2.5919990533874753,1.0785708091011506,0.8799270627155229,1.7108408662163652,43.59658977383893,47.82458734551544,41.393932463367285,44.84324654921213,-5.945247151171551,0.7612490443966005
2025-06-01,45.71731820641356,43.15544619072075,-2.5618720156928028,0.9606510181283724,0.7859493497683888,1.5195019154570217,43.834442210881946,47.60019420194517,41.61498546517471,44.69590691626679,-5.540095769988565,0.4163517386029598
2025-06-02,45.77009203477671,43.25983414493063,-2.5102578898460814,0.8946763624109185,0.774734343458748,1.425814392481771,44.01652636445131,47.52365770510211,41.74135483175148,44.77831345810978,-5.3048540991103525,0.28433831941818966
2025-06-03,45.77009203477671,43.25983414493063,-2.5102578898460814,0.8946763624109185,0.774734343458748,1.425814392481771,44.01652636445131,47.52365770510211,41.74135483175148,44.77831345810978,-5.3048540991103525,0.28433831941818966
2025-06-04,45.882202429739046,43.71884712274037,-2.1633553069986737,0.7711108123090773,0.945059972137461,1.2920680742340134,44.37082523761325,47.39357962186484,41.866529577350946,45.571164668129796,-4.6958087324973405,0.36909811849999263
2025-06-05,45.88220242973904,43.718847122740364,-2.1633553069986737,0.7711108123090773,0.945059972137461,1.2920680742340132,44.370825237613246,47.39357962186483,41.86652957735094,45.57116466812979,-4.69580873249734,0.3690981184999922
2025-06-06,45.49521421499433,42.64475758807837,-2.8504566269159577,1.0904662897204744,2.474523172680762,1.8920295232138926,43.3579002871422,47.63252814284645,37.79469216962408,47.49482300653266,-6.558834492415187,0.857921238583272
2025-06-07,45.49521421499433,42.64475758807837,-2.8504566269159577,1.0904662897204744,2.474523172680762,1.8920295232138926,43.3579002871422,47.63252814284645,37.79469216962408,47.49482300653266,-6.558834492415187,0.857921238583272
2025-06-08,45.34047651924241,42.95208318271534,-2.3883933365270655,1.0458091175923645,2.353883283482014,1.9936265086098464,43.29069064876138,47.39026238972344,38.338471947090596,47.56569441834009,-6.295901293402364,1.5191146203482333
2025-06-09,43.970047815265666,41.57256160378171,-2.39748621148396,3.5378132277992833,4.449026743778571,1.8172062633251038,37.03593388877907,50.90416174175226,32.85246918597571,50.29265402158771,-5.959210487601164,1.1642380646332433
2025-06-10,43.970047815265666,41.57256160378171,-2.39748621148396,3.5378132277992833,4.449026743778571,1.8172062633251038,37.03593388877907,50.90416174175226,32.85246918597571,50.29265402158771,-5.959210487601164,1.1642380646332433
2025-06-11,43.980084408800515,41.62237910263405,-2.3577053061664657,3.448469827156754,4.341499897213363,1.793869057255194,37.22108354757328,50.73908527002775,33.11303930409586,50.13171890117224,-5.873688658386646,1.1582780460537148
2025-06-12,44.152414226632615,41.72168523941759,-2.430728987215029,3.4230705049960175,4.236726130896728,1.7679334515279308,37.44319603684042,50.86163241642481,33.41770202286,50.02566845597518,-5.895878552209773,1.034420577779715
2025-06-13,44.152414226632615,41.72168523941758,-2.430728987215029,3.4230705049960175,4.236726130896728,1.7679334515279308,37.44319603684042,50.86163241642481,33.41770202286,50.025668455975165,-5.895878552209773,1.034420577779715
2025-06-14,44.90961544526079,42.04778543525714,-2.861830010003648,3.1473343191920686,3.616882663079077,1.6229984154952088,38.74084017964434,51.078390710877244,34.95869541562215,49.13687545489213,-6.042906904374258,0.31924688436696114
2025-06-15,45.066147768783225,42.43240612547767,-2.633741643305554,2.9047527133671123,3.387009244621608,1.6423998808119922,39.37283245058369,50.75946308698276,35.793868006019316,49.07094424493602,-5.852845409697059,0.5853621230859507
2025-06-16,45.31810464689276,42.70532300417425,-2.6127816427185135,2.6460798604919087,3.0980796375737025,1.4849913246344277,40.13178812032862,50.504421173456905,36.63308691452979,48.7775590938187,-5.523364639001992,0.2978013535649646
2025-06-17,45.39808174994782,43.00356449989903,-2.3945172500487937,2.447004951642443,2.9432297773444556,1.4643850932896447,40.601952044728634,50.19421145516701,37.234834136303895,48.77229486349416,-5.264712032896497,0.47567753279891
2025-06-18,45.429964481832805,43.122463362385254,-2.3075011194475503,2.3622150176654064,2.8705499761457833,1.4469400741089997,40.80002304720861,50.059905916457,37.49618540913952,48.74874131563099,-5.143503664701189,0.5285014258060889
2025-06-19,45.49011722040568,43.83715849266096,-1.652958727744716,1.9861907072286988,2.9987713525763193,2.398629494429403,41.59718343423743,49.38305100657393,37.959566641611374,49.71475034371055,-6.354272536826346,3.048355081336914
2025-06-20,45.490117220405686,43.83715849266097,-1.6529587277447164,1.986190707228699,2.9987713525763198,2.398629494429403,41.59718343423744,49.383051006573936,37.95956664161138,49.714750343710556,-6.354272536826347,3.0483550813369136
2025-06-21,45.79272274307809,43.81647055800676,-1.976252185071323,1.936534645215811,2.7411406477588933,2.3008615136486332,41.9971148384551,49.58833064770108,38.44383488839933,49.1891062276142,-6.485940751822644,2.533436381679998
2025-06-22,45.77740137158165,43.748787071121555,-2.0286143004600836,1.806092807080635,2.5606189589700303,2.145233128583373,42.2374594697036,49.31734327345969,38.7299739115403,48.76760023070281,-6.233271232483495,2.1760426315633277
2025-06-23,45.79497720051019,43.55519968856376,-2.2397775119464294,1.718511868911169,2.501266822898579,2.133888127658112,42.4266939374443,49.16326046357608,38.652716715682544,48.45768266144498,-6.422198242156329,1.9426432182634699
2025-06-24,45.79497720051019,43.55519968856376,-2.23977751194643,1.7185118689111691,2.501266822898579,2.133888127658112,42.4266939374443,49.16326046357608,38.652716715682544,48.45768266144498,-6.422198242156329,1.9426432182634694
2025-06-25,45.44461972802047,43.11022807744899,-2.334391650571483,1.6507812118058793,2.291915726591991,1.8449837579839072,42.20908855288095,48.68015090315999,38.61807325332869,47.602382901569285,-5.950559816219942,1.281776515076975
2025-06-26,45.44461972802048,43.110228077448994,-2.3343916505714835,1.6507812118058793,2.291915726591991,1.844983757983907,42.20908855288096,48.68015090316,38.61807325332869,47.6023829015693,-5.950559816219942,1.2817765150769742
2025-06-27,45.44461972802048,43.110228077448994,-2.3343916505714835,1.6507812118058793,2.2919157265919914,1.8449837579839072,42.20908855288096,48.68015090316,38.61807325332869,47.6023829015693,-5.950559816219942,1.2817765150769747
2025-06-28,45.44461972802048,43.110228077448994,-2.334391650571483,1.6507812118058791,2.291915726591991,1.8449837579839072,42.20908855288096,48.68015090316,38.61807325332869,47.6023829015693,-5.950559816219942,1.281776515076975
2025-06-29,45.478033287402525,42.976020423382614,-2.502012864019908,1.5171582912247283,2.1193780072906456,1.7262649087554305,42.504403036602056,48.45166353820299,38.82203952909295,47.13000131767228,-5.885492085180552,0.8814663571407353
2025-06-30,45.53294353138785,42.84376593498461,-2.689177596403243,1.4358066120625756,2.025232250697573,1.7022724921383106,42.7187625717452,48.3471244910305,38.87431072361737,46.81322114635185,-6.025631680994332,0.6472764881878454
2025-07-01,45.53294353138785,42.84376593498461,-2.6891775964032427,1.4358066120625754,2.025232250697573,1.7022724921383106,42.7187625717452,48.3471244910305,38.87431072361737,46.81322114635185,-6.025631680994332,0.6472764881878459
2025-07-02,45.58577374064528,42.949399131354305,-2.636374609290976,1.2917688257137807,1.8461226040040595,1.5382257484063353,43.05390684224627,48.11764063904429,39.33099882750635,46.56779943520226,-5.651297076167393,0.37854785758544107
2025-07-03,45.58577374064529,42.94939913135431,-2.636374609290976,1.291768825713781,1.8461226040040595,1.5382257484063353,43.05390684224628,48.117640639044296,39.330998827506356,46.56779943520227,-5.651297076167393,0.37854785758544107
2025-07-04,45.58577374064528,42.949399131354305,-2.636374609290976,1.2917688257137807,1.8461226040040595,1.5382257484063353,43.05390684224627,48.11764063904429,39.33099882750635,46.56779943520226,-5.651297076167393,0.37854785758544107
2025-07-05,45.58577374064529,42.94939913135431,-2.636374609290976,1.291768825713781,1.8461226040040595,1.5382257484063353,43.05390684224628,48.117640639044296,39.330998827506356,46.56779943520227,-5.651297076167393,0.37854785758544107
2025-07-06,45.59877561035306,42.829995908959695,-2.7687797013933637,1.1574716454302398,1.6676651822075437,1.3980719328587807,43.33013118530979,47.86742003539633,39.56137215183291,46.09861966608648,-5.509000689796574,-0.028558712990153445
2025-07-07,45.49805369819766,42.69810221742736,-2.799951480770293,1.0994084733897054,1.585193018665294,1.2969145715863073,43.343213090353835,47.65289430604148,39.591123900843385,45.80508053401134,-5.341904041079456,-0.2579989204611306
2025-07-08,45.49805369819766,42.69810221742736,-2.7999514807702934,1.0994084733897054,1.5851930186652938,1.2969145715863073,43.343213090353835,47.65289430604148,39.591123900843385,45.80508053401134,-5.341904041079456,-0.25799892046113104
2025-07-09,45.49805369819766,42.69810221742736,-2.7999514807702934,1.0994084733897054,1.5851930186652938,1.2969145715863073,43.343213090353835,47.65289430604148,39.591123900843385,45.80508053401134,-5.341904041079456,-0.25799892046113104
2025-07-10,45.49805369819766,42.69810221742737,-2.7999514807702934,1.0994084733897054,1.5851930186652938,1.2969145715863073,43.343213090353835,47.65289430604148,39.59112390084339,45.805080534011346,-5.341904041079456,-0.25799892046113104
2025-07-11,45.49805369819765,42.698102217427355,-2.799951480770293,1.0994084733897054,1.5851930186652938,1.296914571586307,43.34321309035383,47.652894306041475,39.59112390084338,45.80508053401133,-5.341904041079455,-0.25799892046113104
2025-07-12,45.49805369819765,42.69810221742736,-2.799951480770293,1.0994084733897054,1.5851930186652936,1.296914571586307,43.34321309035383,47.652894306041475,39.591123900843385,45.80508053401134,-5.341904041079455,-0.25799892046113104
2025-07-13,45.834939005647875,42.61050518848253,-3.22443381716535,1.0777065523155909,1.36092203069196,1.293112593701317,43.72263416310932,47.94724384818643,39.94309800832629,45.277912368638766,-5.758934500819931,-0.6899331335107686
2025-07-14,45.620053759084065,42.89317985971782,-2.726873899366239,0.9708784041431403,1.576047906742754,1.5015257575931376,43.71713208696351,47.52297543120462,39.80412596250202,45.98223375693362,-5.669864384248789,0.21611658551631052
2025-07-15,45.62005375908406,42.89317985971782,-2.7268738993662387,0.9708784041431403,1.576047906742754,1.5015257575931376,43.7171320869635,47.522975431204614,39.80412596250202,45.98223375693362,-5.669864384248788,0.21611658551631097
2025-07-16,45.680116404582556,43.62854823227555,-2.0515681723070065,0.7886950418568628,1.8845788380392423,1.817386073836599,44.134274122543104,47.22595868662201,39.934773709718634,47.32232275483246,-5.61364487702674,1.5105085324127274
2025-07-17,45.68011640458255,43.62854823227554,-2.051568172307006,0.7886950418568627,1.8845788380392423,1.817386073836599,44.1342741225431,47.225958686622,39.93477370971863,47.322322754832456,-5.61364487702674,1.5105085324127279
2025-07-18,45.919065654764246,43.628522264711734,-2.290543390052512,0.7654453383346626,1.5917209151672083,1.5806781836919788,44.418792791628306,47.41933851790019,40.508749270984005,46.74829525843946,-5.388672630088791,0.8075858499837665
2025-07-19,45.91906565476424,43.628522264711734,-2.290543390052512,0.7654453383346626,1.5917209151672083,1.5806781836919788,44.4187927916283,47.41933851790018,40.508749270984005,46.74829525843946,-5.388672630088791,0.8075858499837665
2025-07-20,45.90561555397361,43.46436820455528,-2.44124734941833,0.7121207320561562,1.5013792989876815,1.4605721380705494,44.50985891914355,47.301372188803676,40.521664778539424,46.40707163057113,-5.303968740036607,0.4214740411999469
2025-07-21,45.919910200584745,43.41994916131889,-2.4999610392658593,0.6683233702227999,1.4158574994608775,1.390759345673072,44.609996394948055,47.229824006221435,40.64486846237557,46.19502986026221,-5.22584935678508,0.22592727825336167
2025-07-22,45.671363619892794,43.19136822465295,-2.4799953952398535,0.7762535836162797,1.3456793261915445,1.2445675742088027,44.14990659600489,47.1928206437807,40.55383674531752,45.82889970398838,-4.919347840689107,-0.040642949790600014
2025-07-23,45.671363619892794,43.19136822465294,-2.479995395239853,0.7762535836162797,1.3456793261915445,1.2445675742088025,44.14990659600489,47.1928206437807,40.55383674531751,45.82889970398837,-4.919347840689106,-0.040642949790600014
2025-07-24,45.762214517776115,43.11747279586118,-2.6447417219149383,0.9123686831395098,1.4019220665395915,1.5475164016913037,43.973971898822676,47.550457136729555,40.36970554544358,45.865240046278785,-5.677873869229893,0.3883904254000168
2025-07-25,45.76221451777612,43.11747279586118,-2.6447417219149383,0.9123686831395097,1.4019220665395917,1.5475164016913037,43.97397189882268,47.55045713672956,40.36970554544358,45.865240046278785,-5.677873869229893,0.3883904254000168
2025-07-26,45.76221451777612,43.11747279586118,-2.6447417219149383,0.9123686831395098,1.4019220665395917,1.5475164016913037,43.97397189882268,47.55045713672956,40.36970554544358,45.865240046278785,-5.677873869229893,0.3883904254000168
2025-07-27,45.73898938341597,42.80263718242896,-2.936352200987009,0.8296247480892106,1.4441396354760694,1.541905606095764,44.11292487716112,47.36505388967082,39.97212349689586,45.63315086796206,-5.958487188934707,0.08578278696068864
2025-07-28,45.86558496745583,42.633291705107,-3.2322932623488327,1.0397561282487915,1.415572002333442,1.8907205751130385,43.8276629560882,47.903506978823465,39.85877058053345,45.407812829680545,-6.938105589570388,0.4735190648727228
2025-07-29,45.86558496745583,42.633291705107,-3.2322932623488323,1.0397561282487915,1.415572002333442,1.8907205751130385,43.8276629560882,47.903506978823465,39.85877058053345,45.407812829680545,-6.938105589570387,0.4735190648727232
2025-07-30,45.86558496745583,42.633291705107,-3.2322932623488327,1.0397561282487915,1.415572002333442,1.8907205751130385,43.8276629560882,47.903506978823465,39.85877058053345,45.407812829680545,-6.938105589570388,0.4735190648727228
2025-07-31,46.38896723731987,42.44439975260458,-3.9445674847152845,1.4366614999153786,1.3345790857239863,2.2578573471583403,43.573110697485724,49.20482377715401,39.82862474458557,45.060174760623596,-8.369967885145632,0.4808329157150628
2025-08-01,46.38896723731987,42.44439975260459,-3.9445674847152845,1.4366614999153786,1.3345790857239863,2.2578573471583403,43.573110697485724,49.20482377715401,39.828624744585575,45.0601747606236,-8.369967885145632,0.4808329157150628
2025-08-02,46.388967237319875,42.44439975260459,-3.944567484715285,1.4366614999153788,1.3345790857239865,2.2578573471583403,43.57311069748573,49.20482377715402,39.828624744585575,45.0601747606236,-8.369967885145632,0.48083291571506237
2025-08-03,46.24252565925984,42.446557446801705,-3.7959682124581335,1.321530902683875,1.1907120865435517,2.043059260784741,43.652325089999444,48.83272622852024,40.112761757176344,44.78035313642707,-7.800364363596225,0.20842793867995857
2025-08-04,46.16335739524984,42.1559675710482,-4.007389824201634,1.243556317320367,1.338571975186514,1.9717619102499502,43.72598701330192,48.60072777719776,39.53236649968263,44.77956864241377,-7.872043168291537,-0.14273648011173146
2025-08-05,46.16335739524983,42.1559675710482,-4.007389824201634,1.2435563173203668,1.338571975186514,1.9717619102499502,43.72598701330191,48.600727777197754,39.53236649968263,44.77956864241377,-7.872043168291537,-0.14273648011173146
2025-08-06,46.16335739524984,42.1559675710482,-4.007389824201635,1.243556317320367,1.338571975186514,1.9717619102499502,43.72598701330192,48.60072777719776,39.53236649968263,44.77956864241377,-7.872043168291537,-0.14273648011173234
2025-08-07,46.16335739524984,42.1559675710482,-4.007389824201635,1.243556317320367,1.338571975186514,1.9717619102499502,43.72598701330192,48.60072777719776,39.53236649968263,44.77956864241377,-7.872043168291537,-0.14273648011173234
2025-08-08,46.16335739524983,42.1559675710482,-4.007389824201634,1.2435563173203668,1.338571975186514,1.9717619102499502,43.72598701330191,48.600727777197754,39.53236649968263,44.77956864241377,-7.872043168291537,-0.14273648011173146
2025-08-09,46.198491084308294,42.90687140522315,-3.2916196790851435,0.9861699312789335,1.440455918937601,1.8176000735241946,44.26559801900159,48.131384149615,40.08357780410545,45.73016500634085,-6.854115823192565,0.2708764650222779
2025-08-10,46.09407069141897,42.81283165547203,-3.2812390359469408,0.9138313478823703,1.3101839797567334,1.6355826194198055,44.30296124956953,47.88518013326841,40.244871055148835,45.38079225579523,-6.48698097000976,-0.07549710188412195
2025-08-11,45.81882578413007,42.711185465439684,-3.1076403186903825,1.1149086570593347,1.2525298671409553,1.566776571462133,43.633604816293776,48.004046751966364,40.256226925843414,45.16614400503595,-6.178522398756163,-0.036758238624602146
2025-08-12,45.81882578413006,42.71118546543968,-3.107640318690382,1.1149086570593347,1.252529867140955,1.5667765714621327,43.63360481629377,48.00404675196636,40.25622692584341,45.166144005035946,-6.1785223987561615,-0.036758238624602146
2025-08-13,45.87477897525013,42.68988347052172,-3.1848955047284098,1.1034258322135475,1.2176201870219165,1.5498348184008144,43.712064344111575,48.037493606388686,40.303347903958766,45.076419037084676,-6.222571748794006,-0.14721926066281377
2025-08-14,45.87477897525013,42.68988347052172,-3.1848955047284098,1.1034258322135475,1.2176201870219165,1.5498348184008144,43.712064344111575,48.037493606388686,40.303347903958766,45.076419037084676,-6.222571748794006,-0.14721926066281377
2025-08-15,45.87477897525013,42.68988347052172,-3.1848955047284098,1.1034258322135475,1.2176201870219165,1.5498348184008144,43.712064344111575,48.037493606388686,40.303347903958766,45.076419037084676,-6.222571748794006,-0.14721926066281377
2025-08-16,45.87477897525013,42.68988347052172,-3.1848955047284098,1.1034258322135475,1.2176201870219165,1.5498348184008144,43.712064344111575,48.037493606388686,40.303347903958766,45.076419037084676,-6.222571748794006,-0.14721926066281377
2025-08-17,45.818191187965304,42.689738471055755,-3.1284527169095537,0.8073906224384698,0.9168414437757475,1.1530444151842802,44.2357055679859,47.400676807944706,40.89272924125529,44.48674770085622,-5.388419770670743,-0.8684856631483644
2025-08-18,45.81910842038043,42.43453338198697,-3.384575038393465,0.7467905797208138,1.043524651614724,1.2425800875223536,44.35539888412764,47.282817956633224,40.38922506482211,44.47984169915183,-5.820032009937279,-0.9491180668496519
2025-08-19,45.81910842038043,42.43453338198697,-3.384575038393465,0.7467905797208138,1.043524651614724,1.2425800875223536,44.35539888412764,47.282817956633224,40.38922506482211,44.47984169915183,-5.820032009937279,-0.9491180668496519
2025-08-20,45.81910842038043,42.43453338198697,-3.384575038393465,0.7467905797208138,1.043524651614724,1.2425800875223536,44.35539888412764,47.282817956633224,40.38922506482211,44.47984169915183,-5.820032009937279,-0.9491180668496519
2025-08-21,46.35428566223438,42.85571167004895,-3.498573992185436,1.0473422055101724,1.153347214514734,1.0712812353917582,44.30149493943444,48.40707638503432,40.59515112960007,45.116272210497826,-5.598285213553282,-1.39886277081759
2025-08-22,46.354285662234375,42.85571167004894,-3.498573992185436,1.0473422055101724,1.153347214514734,1.0712812353917582,44.301494939434434,48.407076385034316,40.59515112960006,45.11627221049782,-5.598285213553282,-1.39886277081759
2025-08-23,46.354285662234375,42.85571167004894,-3.498573992185436,1.0473422055101724,1.1533472145147339,1.0712812353917582,44.301494939434434,48.407076385034316,40.59515112960006,45.11627221049782,-5.598285213553282,-1.39886277081759
2025-08-24,45.88339377767329,42.195457699024644,-3.687936078648649,1.209591454258512,1.4039307103472063,0.9350785997333869,43.512594527326605,48.254193028019976,39.443753506744116,44.94716189130517,-5.520690134126087,-1.8551820231712106
2025-08-25,45.77268615978333,42.29037826496505,-3.482307894818278,1.1767151211184146,1.3344305832648353,1.0118830845652695,43.46632452239124,48.07904779717543,39.674894321765976,44.90586220816412,-5.4655987405662065,-1.4990170490703498
2025-08-26,45.57304031000442,42.52211655925556,-3.0509237507488614,1.1720903555075952,1.2499886089710985,1.244904655292001,43.27574321320954,47.87033740679931,40.0721388856722,44.97209423283891,-5.490936875121183,-0.6109106263765396
2025-08-27,45.57304031000442,42.52211655925556,-3.0509237507488614,1.1720903555075952,1.2499886089710985,1.244904655292001,43.27574321320954,47.87033740679931,40.0721388856722,44.97209423283891,-5.490936875121183,-0.6109106263765396
2025-08-28,45.57304031000442,42.522116559255565,-3.0509237507488614,1.1720903555075954,1.2499886089710985,1.2449046552920011,43.27574321320954,47.87033740679931,40.07213888567221,44.97209423283892,-5.490936875121184,-0.6109106263765391
2025-08-29,45.57304031000442,42.52211655925556,-3.0509237507488614,1.1720903555075952,1.2499886089710985,1.244904655292001,43.27574321320954,47.87033740679931,40.0721388856722,44.97209423283891,-5.490936875121183,-0.6109106263765396
2025-08-30,45.573040310004416,42.52211655925556,-3.0509237507488614,1.1720903555075952,1.2499886089710985,1.244904655292001,43.27574321320953,47.8703374067993,40.0721388856722,44.97209423283891,-5.490936875121183,-0.6109106263765396
2025-08-31,45.70354269266599,42.11738839380785,-3.5861542988581454,1.0696180678631864,1.30687198175948,1.4979026517568592,43.60709127965414,47.79999410567784,39.55591930955927,44.67885747805643,-6.52204349630159,-0.6502651014147012
2025-09-01,46.00008218813307,42.38781950292531,-3.612262685207763,1.3235448776876266,1.564049975502512,1.3984970091390831,43.40593422786532,48.59423014840082,39.32228155094039,45.45335745491023,-6.353316823120366,-0.8712085472951601
2025-09-02,45.88209263888555,42.151064702272535,-3.731027936613018,1.2192978425719014,1.4738901247357967,1.2426283134194867,43.49226886744462,48.27191641032648,39.26224005779037,45.0398893467547,-6.1665794309152115,-1.2954764423108243
2025-09-03,46.01159275016471,42.32923511697092,-3.6823576331937833,1.1011061549171057,1.3381712292483976,1.0947925376370864,43.853424686527184,48.169760813802235,39.706419507644064,44.95205072629778,-5.8281510069624725,-1.5365642594250941
2025-09-04,46.01159275016471,42.32923511697092,-3.6823576331937833,1.101106154917106,1.3381712292483976,1.0947925376370864,43.853424686527184,48.169760813802235,39.706419507644064,44.95205072629778,-5.8281510069624725,-1.5365642594250941
2025-09-05,46.01159275016471,42.32923511697093,-3.6823576331937837,1.101106154917106,1.3381712292483978,1.0947925376370864,43.853424686527184,48.169760813802235,39.70641950764407,44.952050726297784,-5.828151006962473,-1.5365642594250946
2025-09-06,46.01159275016471,42.32923511697093,-3.6823576331937837,1.101106154917106,1.3381712292483976,1.0947925376370864,43.853424686527184,48.169760813802235,39.70641950764407,44.952050726297784,-5.828151006962473,-1.5365642594250946
2025-09-07,45.57765905296461,41.92505341830484,-3.6526056346597704,1.2328949549386112,1.2944133182625843,0.9522664772692321,43.16118494128494,47.99413316464429,39.38800331451018,44.462103522099504,-5.519047930107465,-1.7861633392120755
2025-09-08,44.215195419623726,40.714021972614205,-3.5011734470095255,2.5518493532626634,2.284553554606757,0.8476486371327514,39.21357068722891,49.21682015201854,36.23629700558496,45.19174693964345,-5.162564775789718,-1.8397821182293328
2025-09-09,44.21519541962373,40.71402197261421,-3.501173447009526,2.5518493532626634,2.2845535546067572,0.8476486371327515,39.21357068722891,49.216820152018556,36.236297005584966,45.19174693964346,-5.162564775789718,-1.839782118229333
2025-09-10,44.215195419623726,40.714021972614205,-3.5011734470095255,2.5518493532626634,2.284553554606757,0.8476486371327514,39.21357068722891,49.21682015201854,36.23629700558496,45.19174693964345,-5.162564775789718,-1.8397821182293328
2025-09-11,44.6762672340636,40.971560470046235,-3.704706764017367,2.6474230176355142,2.2239893654109624,0.9421778249118906,39.48731811949799,49.86521634862921,36.61254131384075,45.33057962625172,-5.551375300844672,-1.8580382271900615
2025-09-12,44.597087546229005,40.87791248566976,-3.7191750605592473,2.6639961971851696,2.2771721438430266,0.9354125906429648,39.375654999746075,49.818520092711935,36.41465508373743,45.34116988760209,-5.552583738219458,-1.8857663828990363
2025-09-13,44.597087546229,40.877912485669754,-3.719175060559247,2.6639961971851696,2.277172143843026,0.9354125906429647,39.37565499974607,49.81852009271193,36.41465508373742,45.341169887602085,-5.552583738219457,-1.885766382899036
2025-09-14,44.73233386744626,40.945347960124714,-3.786985907321542,2.508751059010005,2.1304663014256167,0.8859629702920099,39.81518179178665,49.649485943105866,36.7696340093305,45.121061910918925,-5.523473329093881,-2.0504984855492028
2025-09-15,44.74523515335537,41.13681916329035,-3.608415990065021,2.3886176489955986,2.11140791163998,0.9883498174491756,40.063544561323994,49.42692574538674,36.99845965647599,45.27517867010471,-5.545581632265405,-1.6712503478646368
2025-09-16,45.357233025270816,42.021564966293,-3.3356680589778174,2.284995930754711,2.330623841038332,0.9602676290159705,40.87864100099158,49.83582504955005,37.45354223785787,46.58958769472813,-5.21779261184912,-1.4535435061065152
2025-09-17,45.357233025270816,42.021564966293,-3.335668058977817,2.284995930754711,2.3306238410383315,0.9602676290159705,40.87864100099158,49.83582504955005,37.45354223785787,46.58958769472813,-5.217792611849119,-1.4535435061065147
2025-09-18,45.49052654339225,41.98344655872273,-3.507079984669514,2.3012223184602716,2.277187769501805,1.1937546807481667,40.980130799210116,50.00092228757438,37.520158530499195,46.44673458694627,-5.8468391589359205,-1.1673208104031074
2025-09-19,45.46650926994946,42.003014889693084,-3.4634943802563805,2.245397841441622,2.2217024445472817,1.1783103692516839,41.06552950072388,49.86748903917504,37.64847809838041,46.35755168100576,-5.772982703989681,-1.1540060565230803
2025-09-20,45.46650926994947,42.003014889693084,-3.4634943802563805,2.245397841441622,2.2217024445472817,1.1783103692516839,41.06552950072389,49.86748903917505,37.64847809838041,46.35755168100576,-5.772982703989681,-1.1540060565230803
2025-09-21,45.49602679581629,42.079415008827816,-3.4166117869884802,2.0519209728246754,2.032934774666923,1.0730421123868776,41.474261689079924,49.51779190255266,38.094862850480645,46.06396716717499,-5.51977432726676,-1.3134492467102001
2025-09-22,45.62366488237096,42.4256360160532,-3.1980288663177636,1.8576809136173817,1.8081975027167208,1.1841695367680014,41.98261029168089,49.26471947306103,38.881568910728426,45.96970312137797,-5.5190011583830465,-0.8770565742524807
2025-09-23,45.62366488237096,42.4256360160532,-3.1980288663177636,1.8576809136173815,1.8081975027167208,1.1841695367680014,41.98261029168089,49.26471947306103,38.881568910728426,45.96970312137797,-5.5190011583830465,-0.8770565742524807
2025-09-24,45.64619642686593,42.57123605042301,-3.0749603764429185,1.671908671670187,1.6555555997870746,1.0957352866340258,42.36925543039236,48.9231374233395,39.32634707484034,45.81612502600568,-5.222601538245609,-0.927319214640228
2025-09-25,45.64619642686593,42.57123605042301,-3.074960376442918,1.671908671670187,1.6555555997870746,1.0957352866340258,42.36925543039236,48.9231374233395,39.32634707484034,45.81612502600568,-5.222601538245609,-0.9273192146402276
2025-09-26,45.64619642686593,42.57123605042301,-3.074960376442918,1.671908671670187,1.6555555997870746,1.0957352866340258,42.36925543039236,48.9231374233395,39.32634707484034,45.81612502600568,-5.222601538245609,-0.9273192146402276
2025-09-27,45.77863317506855,42.81888836584969,-2.9597448092188663,1.4844000540145341,1.518644971744008,0.9825407953738345,42.86920906920006,48.68805728093704,39.84234422123143,45.79543251046795,-4.885524768151582,-1.0339648502861507
2025-09-28,45.613612585607946,42.764572529046234,-2.849040056561716,1.4378806581308452,1.4179969745310301,0.941628458821765,42.79536649567149,48.431858675544404,39.98529845896542,45.54384659912705,-4.694631835852376,-1.0034482772710567
2025-09-29,45.65850266845291,42.6955661447746,-2.962936523678303,1.3232264373226557,1.321977302311776,0.925655756175085,43.06497885130051,48.25202648560531,40.10449063224352,45.28664165730569,-4.777221805781469,-1.1486512415751364
2025-09-30,45.65850266845291,42.69556614477461,-2.962936523678303,1.3232264373226557,1.321977302311776,0.925655756175085,43.06497885130051,48.25202648560531,40.104490632243525,45.286641657305694,-4.777221805781469,-1.1486512415751364
2025-10-01,45.658502668452904,42.6955661447746,-2.962936523678303,1.3232264373226554,1.3219773023117758,0.925655756175085,43.0649788513005,48.252026485605306,40.104490632243525,45.28664165730568,-4.777221805781469,-1.1486512415751364
2025-10-02,45.658502668452904,42.6955661447746,-2.962936523678303,1.3232264373226557,1.321977302311776,0.925655756175085,43.0649788513005,48.252026485605306,40.10449063224352,45.28664165730569,-4.777221805781469,-1.1486512415751364
2025-10-03,45.65850266845291,42.6955661447746,-2.962936523678303,1.3232264373226557,1.321977302311776,0.925655756175085,43.06497885130051,48.25202648560531,40.10449063224352,45.28664165730569,-4.777221805781469,-1.1486512415751364
2025-10-04,45.658502668452904,42.6955661447746,-2.962936523678303,1.3232264373226557,1.321977302311776,0.925655756175085,43.0649788513005,48.252026485605306,40.10449063224352,45.28664165730569,-4.777221805781469,-1.1486512415751364
2025-10-05,45.90643661241693,42.61981342374564,-3.286623188671299,1.2933674139498694,1.1450654719630553,1.0657116398315813,43.371436481075186,48.44143674375868,40.37548509869805,44.86414174879323,-5.375418002741199,-1.1978283746013996
2025-10-06,45.776501705758875,42.52761170164716,-3.248890004111708,1.0657613002344946,1.0680549581146563,1.089449329433987,43.68760955729927,47.86539385421848,40.434223983742434,44.620999419551886,-5.384210689802323,-1.1135693184210935
2025-10-07,45.77650170575887,42.52761170164716,-3.248890004111708,1.0657613002344946,1.0680549581146563,1.089449329433987,43.68760955729926,47.865393854218475,40.434223983742434,44.620999419551886,-5.384210689802323,-1.1135693184210935
2025-10-08,45.823660955052134,42.61827556629871,-3.2053853887534163,1.0516326635351774,0.9656624347570151,0.981655355667483,43.76246093452318,47.884860975581084,40.72557719417497,44.51097393842246,-5.129429885861683,-1.2813408916451496
2025-10-09,45.823660955052134,42.61827556629871,-3.2053853887534163,1.0516326635351774,0.9656624347570151,0.981655355667483,43.76246093452318,47.884860975581084,40.72557719417497,44.51097393842246,-5.129429885861683,-1.2813408916451496
2025-10-10,45.823660955052134,42.61827556629871,-3.2053853887534167,1.0516326635351774,0.9656624347570152,0.981655355667483,43.76246093452318,47.884860975581084,40.72557719417496,44.51097393842247,-5.129429885861684,-1.28134089164515
2025-10-11,45.823660955052134,42.61827556629872,-3.2053853887534167,1.0516326635351774,0.9656624347570152,0.9816553556674831,43.76246093452318,47.884860975581084,40.725577194174974,44.51097393842247,-5.129429885861684,-1.2813408916451499
2025-10-12,45.823660955052134,42.61827556629871,-3.2053853887534167,1.0516326635351774,0.9656624347570151,0.981655355667483,43.76246093452318,47.884860975581084,40.72557719417497,44.51097393842246,-5.129429885861684,-1.28134089164515
2025-10-13,45.70851156982258,42.53201184766722,-3.176499722155365,1.028712007815991,0.9301166938341986,0.9086112655105276,43.69223603450324,47.72478710514193,40.70898312775219,44.35504056758225,-4.957377802556,-1.395621641754731
2025-10-14,45.59562048409178,42.695806094362844,-2.8998143897289346,0.9289169600880218,0.8728149757340224,0.9495122122017131,43.77494324231926,47.416297725864304,40.98508874192416,44.40652344680153,-4.760858325644293,-1.038770453813577
2025-10-15,45.33314346293904,42.195665055449616,-3.1374784074894255,1.0369923715198859,1.385704525782594,1.0218071094401178,43.300638414760066,47.36564851111802,39.47968418491573,44.9116459259835,-5.140220341992056,-1.1347364729867948
2025-10-16,45.36781079427662,42.25557429215759,-3.112236502119029,1.0175692522120579,1.3698987519012313,0.9934200517582447,43.37337505994099,47.36224652861225,39.570572738431174,44.940575845884005,-5.059339803565188,-1.1651332006728694
2025-10-17,45.36781079427662,42.25557429215759,-3.112236502119029,1.0175692522120576,1.3698987519012313,0.9934200517582447,43.37337505994099,47.36224652861225,39.570572738431174,44.940575845884005,-5.059339803565188,-1.1651332006728694
2025-10-18,45.36781079427662,42.25557429215759,-3.112236502119029,1.0175692522120579,1.3698987519012313,0.9934200517582447,43.37337505994099,47.36224652861225,39.570572738431174,44.940575845884005,-5.059339803565188,-1.1651332006728694
2025-10-19,45.642166362633986,42.1304935699643,-3.5116727926696854,1.1124912185755476,1.2299028718977936,1.119669808095045,43.461683574225916,47.82264915104206,39.71988394104463,44.541103198883974,-5.706225616535973,-1.3171199688033974
2025-10-20,45.912680399008856,41.53003629110085,-4.382644107908011,1.3168698863367105,1.235292252817898,1.3904988231820443,43.331615421788904,48.49374537622881,39.10886347557777,43.95120910662393,-7.108021801344819,-1.6572664144712044
2025-10-21,45.912680399008856,41.53003629110085,-4.382644107908011,1.3168698863367105,1.235292252817898,1.3904988231820443,43.331615421788904,48.49374537622881,39.10886347557777,43.95120910662393,-7.108021801344819,-1.6572664144712044
2025-10-22,45.912680399008856,41.53003629110084,-4.382644107908011,1.3168698863367103,1.235292252817898,1.3904988231820443,43.331615421788904,48.49374537622881,39.10886347557776,43.95120910662392,-7.108021801344819,-1.6572664144712044
2025-10-23,45.770088812315464,41.879301925866805,-3.8907868864486606,1.3025527790680698,1.521753628785185,1.9018710356022899,43.217085365342044,48.323092259288885,38.89666481344784,44.86193903828577,-7.618454116229149,-0.1631196566681723
2025-10-24,45.770088812315464,41.879301925866805,-3.8907868864486606,1.3025527790680695,1.5217536287851847,1.9018710356022899,43.21708536534205,48.32309225928888,38.89666481344784,44.86193903828577,-7.618454116229149,-0.1631196566681723
2025-10-25,45.770088812315464,41.879301925866805,-3.890786886448661,1.3025527790680698,1.521753628785185,1.90187103560229,43.217085365342044,48.323092259288885,38.89666481344784,44.86193903828577,-7.61845411622915,-0.1631196566681723
2025-10-26,45.67787084633368,41.834850768752034,-3.843020077581654,1.231955599425724,1.3444544556151978,1.7519117451313573,43.26323787145926,48.092503821208105,39.199720035746246,44.46998150175782,-7.276767098039114,-0.40927305712419404
2025-10-27,45.70390705661673,41.86038402149486,-3.8435230351218634,1.1873628229937223,1.2402246142428734,1.6505435108767574,43.37667592354903,48.03113818968443,39.42954377757883,44.29122426541089,-7.0785883164403085,-0.6084577538034188
2025-10-28,46.22767012374392,41.91472057880387,-4.312949544940045,1.7931318963616327,2.032546716147374,1.877191343271405,42.71313160687512,49.742208640612716,37.93092901515502,45.898512142452724,-7.992244577751999,-0.6336545121280914
2025-10-29,46.27696366461123,42.07177147077053,-4.205192193840704,1.7024520522290414,2.1683670416496503,1.936790980306168,42.94015764224231,49.61376968698015,37.82177206913721,46.321770872403846,-8.001302515240793,-0.40908187244061445
2025-10-30,46.04824835568369,42.18762565830407,-3.8606226973796187,1.6401256293324609,2.0231564128262063,1.9786719487301077,42.83360212219207,49.26289458917531,38.22223908916471,46.15301222744343,-7.73881971689063,0.017574322131392428
2025-10-31,46.04824835568369,42.18762565830407,-3.8606226973796187,1.640125629332461,2.0231564128262063,1.9786719487301077,42.83360212219207,49.26289458917531,38.22223908916471,46.15301222744343,-7.73881971689063,0.017574322131392428
2025-11-01,46.04824835568369,42.18762565830407,-3.8606226973796187,1.640125629332461,2.0231564128262063,1.9786719487301077,42.83360212219207,49.26289458917531,38.22223908916471,46.15301222744343,-7.73881971689063,0.017574322131392428
2025-11-02,45.96259558042596,42.173010230528625,-3.789585349897335,1.5921328987098828,1.9049691577905685,1.935501989778002,42.84201509895459,49.08317606189733,38.43927068125911,45.90674977979814,-7.583169249862219,0.0039985500675490115
2025-11-03,45.96159489753741,42.23025277800602,-3.7313421195313925,1.5334608116292263,1.8473483595930256,1.8743720542487385,42.95601170674413,48.96717808833069,38.60944999320369,45.85105556280835,-7.40511134585892,-0.05757289320386505
2025-11-04,45.87058893749932,42.13613418906473,-3.7344547484345934,1.435101508472832,1.7200110830725015,1.7292583464194509,43.05778998089257,48.68338789410607,38.76491246624262,45.50735591188683,-7.123801107416718,-0.3451083894524696
2025-11-05,45.87058893749932,42.13613418906473,-3.734454748434593,1.4351015084728318,1.7200110830725015,1.7292583464194509,43.05778998089257,48.68338789410607,38.76491246624262,45.50735591188683,-7.123801107416717,-0.34510838945246913
2025-11-06,46.44459040970303,42.06366787859002,-4.380922531113011,1.7480712444101367,1.553734348375097,2.0412002857885225,43.01837077065917,49.8708100487469,39.01834855577483,45.108987201405206,-8.381675091258515,-0.3801699709675068
2025-11-07,46.444590409703025,42.06366787859002,-4.3809225311130104,1.7480712444101367,1.553734348375097,2.0412002857885225,43.01837077065916,49.87081004874689,39.01834855577483,45.108987201405206,-8.381675091258515,-0.38016997096750593
2025-11-08,46.44459040970303,42.06366787859002,-4.380922531113011,1.7480712444101367,1.5537343483750967,2.0412002857885225,43.01837077065917,49.8708100487469,39.01834855577483,45.108987201405206,-8.381675091258515,-0.3801699709675068
2025-11-09,46.58891097960029,42.022214771914555,-4.566696207685736,1.815801400212314,1.4496267697881902,2.0070996472597042,43.029940235184156,50.14788172401643,39.1809463031297,44.86348324069941,-8.500611516314756,-0.6327808990567152
2025-11-10,46.698840019154346,41.90461720682091,-4.794222812333438,1.726459623502038,1.3910734463348562,1.9880877798061107,43.31497915709035,50.082700881218344,39.17811325200459,44.631121161637225,-8.690874860753414,-0.8975707639134614
2025-11-11,46.68320592388266,41.97681670772154,-4.706389216161117,1.6701294988094024,1.3722756000888146,1.9505025201124935,43.40975210621623,49.95665974154909,39.28715653154746,44.66647688389562,-8.529374155581603,-0.88340427674063
2025-11-12,46.547701681288864,42.09192743034795,-4.455774250940912,1.4280107650834735,1.2929432464136057,1.7804009709647295,43.748800581725256,49.34660278085247,39.557758667377286,44.62609619331862,-7.945360154031782,-0.9661883478500428
2025-11-13,46.97570489619279,41.973482419254104,-5.002222476938686,1.6618772317252046,1.2240443532792442,2.090699090501197,43.71842552201139,50.23298427037419,39.57435548682678,44.372609351681426,-9.099992694321031,-0.9044522595563391
2025-11-14,47.02460033857285,41.882800665477305,-5.141799673095544,1.6012003943716577,1.2150649455479587,2.097345720893449,43.88624756560441,50.1629531115413,39.50127337220331,44.2643279587513,-9.252597286046704,-1.0310020601443846
2025-11-15,47.02460033857285,41.88280066547731,-5.141799673095544,1.601200394371658,1.2150649455479587,2.097345720893449,43.88624756560441,50.1629531115413,39.501273372203315,44.26432795875131,-9.252597286046704,-1.0310020601443846
2025-11-16,46.948710014383074,42.00877852896628,-4.939931485416793,1.5398828672920821,1.1910616729914056,2.0274838487418148,43.9305395944906,49.96688043427555,39.674297649903124,44.34325940802944,-8.913799828950749,-0.9660631418828358
2025-11-17,46.748988001370904,41.75607551910598,-4.992912482264924,1.704189614777503,1.2407974928817251,1.8862806435718067,43.408776356406996,50.08919964633481,39.3241124330578,44.188038605154155,-8.690022543665664,-1.2958024208641827
2025-11-18,46.748988001370904,41.75607551910598,-4.992912482264924,1.704189614777503,1.2407974928817251,1.8862806435718067,43.408776356406996,50.08919964633481,39.3241124330578,44.188038605154155,-8.690022543665664,-1.2958024208641827
2025-11-19,46.7489880013709,41.75607551910598,-4.992912482264923,1.704189614777503,1.240797492881725,1.8862806435718067,43.40877635640699,50.089199646334805,39.3241124330578,44.188038605154155,-8.690022543665663,-1.2958024208641818
2025-11-20,47.17224506043465,42.316838186934866,-4.855406873499778,2.0175346476462814,1.9954694765123493,1.8271244961363073,43.21787715104794,51.12661296982136,38.40571801297066,46.22795836089907,-8.43657088592694,-1.2742428610726155
2025-11-21,47.172245060434655,42.31683818693487,-4.855406873499779,2.0175346476462814,1.9954694765123495,1.8271244961363076,43.217877151047944,51.126612969821366,38.40571801297067,46.22795836089908,-8.43657088592694,-1.274242861072616
2025-11-22,47.172245060434655,42.31683818693487,-4.855406873499779,2.0175346476462814,1.9954694765123495,1.8271244961363078,43.217877151047944,51.126612969821366,38.40571801297067,46.22795836089908,-8.436570885926942,-1.2742428610726155
2025-11-23,46.99200421222621,42.224903129398974,-4.76710108282724,1.906272627198207,1.8555344497004616,1.687300828691807,43.255709862917726,50.7282985615347,38.58805560798607,45.86175065081188,-8.074210707063182,-1.4599914585912988
2025-11-24,46.76881048414397,42.0350928160895,-4.7337176680544735,1.8141882651756729,1.7460836030201492,1.608035353169648,43.21300148439965,50.32461948388829,38.61276895417001,45.457416678009,-7.885466960266983,-1.5819683758419631
2025-11-25,46.697946340999536,41.99602001346333,-4.701926327536205,1.8190477911339675,1.7265487275478086,1.5876025365632784,43.13261267037696,50.263280011622115,38.61198450746962,45.38005551945704,-7.81362729920023,-1.590225355872179
2025-11-26,46.750033612627156,41.92946284694349,-4.820570765683667,1.6650668981476036,1.5835600988238938,1.473782898627726,43.486502492257856,50.01356473299646,38.825685053248655,45.03324064063832,-7.709185246994009,-1.931956284373324
2025-11-27,46.750033612627156,41.92946284694349,-4.820570765683667,1.6650668981476036,1.5835600988238938,1.473782898627726,43.486502492257856,50.01356473299646,38.825685053248655,45.03324064063832,-7.709185246994009,-1.931956284373324
2025-11-28,46.75003361262715,41.92946284694348,-4.820570765683666,1.6650668981476033,1.5835600988238938,1.4737828986277257,43.48650249225785,50.01356473299645,38.82568505324865,45.03324064063831,-7.709185246994008,-1.9319562843733236
2025-11-29,46.75003361262715,41.92946284694348,-4.820570765683666,1.6650668981476036,1.5835600988238938,1.4737828986277257,43.48650249225785,50.01356473299645,38.82568505324865,45.03324064063831,-7.709185246994008,-1.9319562843733236
2025-11-30,46.56559286070229,41.74217309579167,-4.823419764910617,1.5542269638609008,1.4955759728405074,1.3588767631960874,43.519308011534925,49.61187770986965,38.81084418902428,44.67350200255906,-7.486818220774948,-2.160021309046286
2025-12-01,46.620406080464434,41.65292551348647,-4.9674805669779625,1.476902128640225,1.4472024558508165,1.3412566012911236,43.725677908329594,49.515134252599275,38.81640870001887,44.48944232695408,-7.596343505508564,-2.3386176284473605
2025-12-02,46.620406080464434,41.65292551348647,-4.9674805669779625,1.476902128640225,1.4472024558508165,1.3412566012911236,43.725677908329594,49.515134252599275,38.81640870001887,44.48944232695408,-7.596343505508564,-2.3386176284473605
2025-12-03,46.62040608046443,41.652925513486466,-4.9674805669779625,1.476902128640225,1.4472024558508165,1.3412566012911233,43.72567790832959,49.51513425259927,38.81640870001887,44.48944232695406,-7.596343505508564,-2.338617628447361
2025-12-04,46.176523463911224,42.50164535805326,-3.6748781058579674,1.5138657358475973,1.9730512060725083,2.589882641692286,43.209346621649935,49.14370030617251,38.634464994151145,46.368825721955375,-8.751048083574847,1.4012918718589136
2025-12-05,46.15622231966163,42.401749985747855,-3.7544723339137733,1.480657074519946,1.9776163798553106,2.553260954869394,43.25413445360253,49.05831018572073,38.525621881231444,46.27787809026427,-8.758863805457786,1.2499191376302385
2025-12-06,46.15622231966163,42.401749985747855,-3.7544723339137733,1.480657074519946,1.9776163798553108,2.553260954869394,43.25413445360253,49.05831018572073,38.525621881231444,46.27787809026427,-8.758863805457786,1.2499191376302385
2025-12-07,46.36915508790055,42.292551019846606,-4.076604068053942,1.2511104127206603,1.5541436600138996,2.0907135737584697,43.91697867896806,48.82133149683305,39.24642944621936,45.33867259347385,-8.174402672620541,0.02119453651265868
2025-12-08,46.011308151057236,42.08847608991966,-3.9228320611375707,1.2381622864917763,1.5469464494755905,1.749933479509634,43.58451006953335,48.43810623258112,39.056461048947504,45.120491130891814,-7.352701680976454,-0.49296244129868816
2025-12-09,46.011308151057236,42.08847608991966,-3.9228320611375707,1.2381622864917763,1.5469464494755905,1.749933479509634,43.58451006953335,48.43810623258112,39.056461048947504,45.120491130891814,-7.352701680976454,-0.49296244129868816
2025-12-10,46.01130815105723,42.08847608991966,-3.92283206113757,1.2381622864917763,1.5469464494755905,1.749933479509634,43.584510069533344,48.43810623258111,39.056461048947504,45.120491130891814,-7.352701680976453,-0.4929624412986877
2025-12-11,46.05089634520633,42.00129518256983,-4.049601162636507,1.1396692930781123,1.4856675482366086,1.6913233516864508,43.817144530773234,48.28464815963943,39.089386788026076,44.91320357711358,-7.364594931941951,-0.7346073933310633
2025-12-12,46.05089634520633,42.00129518256983,-4.049601162636508,1.1396692930781123,1.4856675482366086,1.6913233516864508,43.817144530773234,48.28464815963943,39.089386788026076,44.91320357711358,-7.3645949319419515,-0.7346073933310642
2025-12-13,46.05089634520633,42.00129518256983,-4.049601162636508,1.139669293078112,1.4856675482366086,1.6913233516864508,43.817144530773234,48.28464815963943,39.089386788026076,44.91320357711358,-7.3645949319419515,-0.7346073933310642
2025-12-14,46.00055437500795,42.04714949531659,-3.9534048796913654,1.0788570926321186,1.405358901726502,1.6127836069359498,43.885994473448996,48.115114276566906,39.29264604793264,44.801652942700535,-7.114460749285827,-0.792349010096904
2025-12-15,45.765563806392635,41.929780858873016,-3.835782947519616,1.042914885294637,1.320453985242407,1.539507814227029,43.72145063121515,47.80967698157012,39.3416910477979,44.51787066994813,-6.853218263404593,-0.818347631634639
2025-12-16,45.761120334490016,41.92077329996614,-3.8403470345238695,1.0277731747660674,1.2869749004852575,1.502075534744755,43.74668491194852,47.77555575703151,39.39830249501504,44.44324410491725,-6.784415082623589,-0.8962789864241496
2025-12-17,45.763604739693015,41.88788074207607,-3.8757239976169435,1.0182075336435856,1.2967141482712177,1.5096071090106462,43.76791797375159,47.759291505634444,39.34632101146448,44.42944047268766,-6.83455393127781,-0.916894063956077
2025-12-18,45.76360473969301,41.887880742076064,-3.875723997616943,1.0182075336435856,1.2967141482712177,1.509607109010646,43.76791797375158,47.75929150563444,39.346321011464475,44.42944047268765,-6.834553931277809,-0.916894063956077
2025-12-19,46.55368569748601,41.24657550780817,-5.307110189677841,1.6788497774003426,1.6571296039563015,2.936220720350934,43.26314013378134,49.84423126119068,37.998601484053815,44.49454953156252,-11.062102801565672,0.44788242220998953
2025-12-20,46.55368569748601,41.24657550780817,-5.307110189677842,1.6788497774003428,1.6571296039563015,2.9362207203509345,43.26314013378134,49.84423126119068,37.998601484053815,44.49454953156252,-11.062102801565674,0.44788242220998953
2025-12-21,46.675828131867526,41.29568883583219,-5.380139296035338,1.6427870184420996,1.5670829518846385,2.758179237405202,43.45596557572101,49.89569068801404,38.224206250138295,44.36717142152608,-10.786170601349534,0.025892009278857486
2025-12-22,46.54600163341543,41.348424196341995,-5.1975774370734404,1.6425307550476818,1.5121776868175554,2.7248648320859385,43.32664135352197,49.76536191330889,38.38455593017959,44.3122924625044,-10.53831250796188,0.14315763381499913
2025-12-23,46.546001633415436,41.348424196341995,-5.1975774370734404,1.6425307550476818,1.5121776868175554,2.7248648320859385,43.32664135352198,49.765361913308894,38.38455593017959,44.3122924625044,-10.53831250796188,0.14315763381499913
2025-12-24,46.546001633415436,41.348424196341995,-5.1975774370734404,1.6425307550476818,1.5121776868175554,2.7248648320859385,43.32664135352198,49.765361913308894,38.38455593017959,44.3122924625044,-10.53831250796188,0.14315763381499913
2025-12-25,46.546001633415436,41.348424196341995,-5.1975774370734404,1.6425307550476818,1.5121776868175554,2.7248648320859385,43.32664135352198,49.765361913308894,38.38455593017959,44.3122924625044,-10.53831250796188,0.14315763381499913
2025-12-26,46.54600163341543,41.348424196341995,-5.1975774370734404,1.6425307550476818,1.5121776868175554,2.724864832085938,43.32664135352197,49.76536191330889,38.38455593017959,44.3122924625044,-10.53831250796188,0.14315763381499824
2025-12-27,46.54600163341543,41.348424196341995,-5.1975774370734404,1.6425307550476818,1.5121776868175554,2.724864832085938,43.32664135352197,49.76536191330889,38.38455593017959,44.3122924625044,-10.53831250796188,0.14315763381499824
2025-12-28,46.54600163341543,41.348424196341995,-5.1975774370734404,1.6425307550476818,1.5121776868175554,2.7248648320859385,43.32664135352197,49.76536191330889,38.38455593017959,44.3122924625044,-10.53831250796188,0.14315763381499913
2025-12-29,46.171708298669216,41.120619595526584,-5.0510887031426295,1.7809543578680471,1.4976744235534756,2.5519143550333423,42.68103775724784,49.66237884009059,38.18517772536177,44.0560614656914,-10.052840839007981,-0.04933656727727875
2025-12-30,46.17170829866921,41.120619595526584,-5.051088703142629,1.7809543578680471,1.4976744235534756,2.551914355033342,42.681037757247836,49.66237884009058,38.18517772536177,44.0560614656914,-10.052840839007978,-0.04933656727727875
2025-12-31,46.171708298669216,41.120619595526584,-5.0510887031426295,1.7809543578680473,1.4976744235534756,2.5519143550333423,42.68103775724784,49.66237884009059,38.18517772536177,44.0560614656914,-10.052840839007981,-0.04933656727727875
2026-01-01,46.238352293976476,40.9094486406985,-5.328903653277972,1.7350986214851742,1.6388966801383211,2.663204214762739,42.837558995865535,49.63914559208742,37.69721114762739,44.12168613376961,-10.54878391421294,-0.10902339234300307
2026-01-02,46.23835229397647,40.9094486406985,-5.328903653277972,1.735098621485174,1.6388966801383211,2.6632042147627386,42.83755899586553,49.63914559208741,37.69721114762739,44.12168613376961,-10.54878391421294,-0.10902339234300396
2026-01-03,46.23835229397647,40.9094486406985,-5.328903653277972,1.735098621485174,1.6388966801383211,2.6632042147627386,42.83755899586553,49.63914559208741,37.69721114762739,44.12168613376961,-10.54878391421294,-0.10902339234300396
2026-01-04,46.01552970819034,41.0661300201398,-4.949399688050539,1.4206268105967823,1.3363069513891412,2.2082465479048157,43.231101159420646,48.79995825696004,38.44696839541709,43.68529164486252,-9.277562921943979,-0.6212364541571
2026-01-05,46.2007184941061,41.04403613468511,-5.156682359420991,1.3317575760213836,1.225017926138937,2.070449026097604,43.59047364510419,48.81096334310801,38.643000999452795,43.44507126991742,-9.214762450572294,-1.098602268269687
2026-01-06,46.2007184941061,41.04403613468511,-5.156682359420991,1.3317575760213838,1.2250179261389371,2.070449026097604,43.59047364510418,48.810963343108014,38.64300099945279,43.44507126991743,-9.214762450572294,-1.098602268269687
2026-01-07,46.2007184941061,41.04403613468511,-5.156682359420991,1.3317575760213838,1.225017926138937,2.070449026097604,43.59047364510418,48.810963343108014,38.643000999452795,43.44507126991742,-9.214762450572294,-1.098602268269687
2026-01-08,46.75385503000009,41.87832347989607,-4.875531550104017,1.1351064932432584,1.249023544104854,1.4926718751402326,44.529046303243305,48.97866375675687,39.430237333450556,44.32640962634158,-7.801168425378872,-1.9498946748291615
2026-01-09,46.75385503000009,41.87832347989607,-4.875531550104017,1.1351064932432584,1.249023544104854,1.4926718751402326,44.529046303243305,48.97866375675687,39.430237333450556,44.32640962634158,-7.801168425378872,-1.9498946748291615
2026-01-10,46.75385503000009,41.87832347989607,-4.875531550104017,1.1351064932432584,1.249023544104854,1.4926718751402326,44.529046303243305,48.97866375675687,39.430237333450556,44.32640962634158,-7.801168425378872,-1.9498946748291615
2026-01-11,46.748215800556736,41.9822239227186,-4.765991877838126,1.0220911545129896,1.1487611647192046,1.374059856555112,44.744917137711276,48.751514463402195,39.730652039868964,44.23379580556824,-7.4591491966861465,-2.0728345589901065
2026-01-12,46.65070864506735,41.914579237777836,-4.7361294072895035,1.072981388267881,1.0429017058402512,1.1891772429123326,44.5476651240623,48.753752166072395,39.87049189433095,43.958666581224726,-7.0669168033976755,-2.4053420111813315
2026-01-13,46.44465251930502,41.791665638578586,-4.652986880726441,1.1002750367927092,1.0134161578103777,1.1044071256041823,44.288113447191314,48.60119159141873,39.805369969270245,43.777961307886926,-6.817624846910639,-2.488348914542244
2026-01-14,46.668514248149854,41.84805807571057,-4.820456172439284,1.2515401168012756,0.9789026803597201,1.169128002339969,44.215495619219354,49.121532877080355,39.92940882220552,43.76670732921562,-7.111947057025624,-2.528965287852945
2026-01-15,46.40153405715314,41.606815517123664,-4.794718540029473,1.3298872555509407,1.081248550173978,1.0840086033965293,43.7949550362733,49.008113078032984,39.48756835878267,43.72606267546466,-6.91937540268667,-2.670061677372276
2026-01-16,46.40153405715315,41.60681551712367,-4.794718540029474,1.329887255550941,1.081248550173978,1.0840086033965295,43.79495503627331,49.00811307803299,39.487568358782674,43.72606267546467,-6.919375402686672,-2.6700616773722765
2026-01-17,46.58640117103008,41.61360177909436,-4.972799391935722,1.218063123649808,0.9507579904748376,1.0081772865076228,44.19899744867646,48.97380489338371,39.75011611776368,43.47708744042504,-6.948826873490663,-2.9967719103807813
2026-01-18,46.50920876448123,41.62460673002505,-4.884602034456182,1.169874820128212,0.9094379890988599,0.9764132857857707,44.21625411702993,48.802163411932526,39.84210827139128,43.40710518865882,-6.798372074596292,-2.9708319943160717
2026-01-19,46.78656147522861,41.57739087221114,-5.2091706030174665,1.4794022187557843,0.8299434215128065,1.2874545445446623,43.88693312646727,49.68618982398995,39.95070176604604,43.20407997837624,-7.732581510325005,-2.6857596957099283
2026-01-20,46.842760698352244,41.59762994344604,-5.245130754906212,1.4481127511970326,0.8163573542969127,1.2506375140367731,44.00445970600606,49.68106169069843,39.99756952902409,43.197690357867984,-7.696380282418287,-2.7938812273941367
2026-01-21,46.842760698352244,41.59762994344604,-5.245130754906213,1.4481127511970326,0.8163573542969127,1.2506375140367731,44.00445970600606,49.68106169069843,39.99756952902409,43.197690357867984,-7.696380282418287,-2.7938812273941376
2026-01-22,47.11049683992683,41.23227797049019,-5.878218869436647,1.4571753609390703,1.159415442118457,1.8424202810032069,44.254433132486255,49.96656054736741,38.959823703938014,43.50473223704236,-9.489362620202932,-2.2670751186703613
2026-01-23,47.11049683992683,41.23227797049019,-5.878218869436647,1.4571753609390703,1.159415442118457,1.8424202810032069,44.254433132486255,49.96656054736741,38.959823703938014,43.50473223704236,-9.489362620202932,-2.2670751186703613
2026-01-24,47.11049683992683,41.23227797049019,-5.878218869436647,1.4571753609390703,1.159415442118457,1.8424202810032069,44.254433132486255,49.96656054736741,38.959823703938014,43.50473223704236,-9.489362620202932,-2.2670751186703613
2026-01-25,46.90104192399788,41.2106585744852,-5.690383349512675,1.4007816190647457,1.1891231757113008,1.845954715078982,44.15550995063098,49.64657389736478,38.87997715009105,43.54133999887935,-9.30845459106748,-2.072312107957871
2026-01-26,47.18428487522685,41.50598525082248,-5.6782996244043735,1.4682359948174835,1.598894538710951,1.6802197686989933,44.306542325384584,50.06202742506912,38.37215195494901,44.63981854669594,-8.9715303710544,-2.385068877754347
2026-01-27,47.195823779635525,41.506053862098476,-5.689769917537047,1.4257731141381262,1.5627146959011908,1.6574833219439271,44.4013084759248,49.99033908334625,38.44313305813214,44.56897466606481,-8.938437228547144,-2.4411026065269503
2026-01-28,47.46386618908692,41.621620389935295,-5.8422457991516294,1.376227189502127,1.378761278944942,1.496911362398818,44.76646089766275,50.16127148051109,38.91924828320321,44.32399249666738,-8.776192069453312,-2.9082995288499465
2026-01-29,47.672402613344445,41.788630597959134,-5.883772015385312,1.4904266253582554,1.4333217267436522,1.4405061844109512,44.75116642764227,50.59363879904662,38.979320013541574,44.597941182376694,-8.707164136830777,-3.0603798939398477
2026-01-30,47.604592319298916,41.75852742235794,-5.846064896940972,1.4593903395928054,1.394801912766179,1.4018177119679087,44.74418725369702,50.46499738490081,39.02471567333623,44.492339171379655,-8.593627612398073,-3.0985021814838714
2026-01-31,47.604592319298916,41.75852742235794,-5.846064896940972,1.4593903395928054,1.394801912766179,1.4018177119679087,44.74418725369702,50.46499738490081,39.02471567333623,44.492339171379655,-8.593627612398073,-3.0985021814838714
2026-02-01,47.52521351118182,41.707179765107554,-5.818033746074267,1.4801900475311771,1.3149975372810243,1.4072606312506801,44.62404101802071,50.42638600434292,39.12978459203675,44.28457493817836,-8.5762645833256,-3.059802908822934
2026-02-02,47.40806312760567,41.72848510542771,-5.679578022177968,1.4760391901742582,1.2583106518128357,1.4318243304318228,44.51502631486412,50.30109994034722,39.26219622787455,44.19477398298087,-8.48595370982434,-2.8732023345315953
2026-02-03,47.40806312760567,41.7284851054277,-5.679578022177967,1.4760391901742582,1.2583106518128355,1.4318243304318228,44.51502631486412,50.30109994034722,39.26219622787454,44.19477398298086,-8.48595370982434,-2.8732023345315945
2026-02-04,47.294266115192706,41.789014051242454,-5.505252063950249,1.4072952468689963,1.1887243072909466,1.4057393974468,44.535967431329475,50.052564799055936,39.459114408952196,44.11891369353271,-8.260501282945977,-2.7500028449545213
2026-02-05,47.35723673577767,41.76976267197741,-5.58747406380026,1.340895645195342,1.1236531830964505,1.3479340167693756,44.7290812711948,49.985392200360536,39.56740243310837,43.97212291084645,-8.229424736668236,-2.9455233909322835
2026-02-06,47.35723673577767,41.76976267197741,-5.58747406380026,1.3408956451953418,1.1236531830964502,1.3479340167693754,44.7290812711948,49.985392200360536,39.56740243310837,43.97212291084645,-8.229424736668236,-2.945523390932284
2026-02-07,47.35723673577767,41.769762671977404,-5.58747406380026,1.3408956451953418,1.1236531830964502,1.3479340167693754,44.7290812711948,49.985392200360536,39.56740243310836,43.972122910846444,-8.229424736668236,-2.945523390932284
2026-02-08,47.28060152414122,41.72639903907613,-5.554202485065093,1.2781316300229972,1.0671913866238665,1.26770163044681,44.77546352929615,49.78573951898629,39.63470392129335,43.818094156858905,-8.03889768074084,-3.0695072893893456
2026-02-09,47.14476735200549,41.51751285732239,-5.6272544946831005,1.2726664163790509,1.1673785739813523,1.203790474369867,44.65034117590255,49.63919352810843,39.229450852318934,43.80557486232584,-7.98668382444804,-3.267825164918161
2026-02-10,47.14476735200549,41.51751285732239,-5.6272544946831,1.2726664163790509,1.1673785739813525,1.203790474369867,44.65034117590255,49.63919352810843,39.229450852318934,43.80557486232584,-7.986683824448039,-3.26782516491816
2026-02-11,47.14476735200549,41.51751285732239,-5.6272544946831,1.2726664163790509,1.1673785739813523,1.203790474369867,44.65034117590255,49.63919352810843,39.229450852318934,43.80557486232584,-7.986683824448039,-3.26782516491816
2026-02-12,47.14476735200549,41.517512857322394,-5.6272544946831005,1.2726664163790509,1.1673785739813525,1.203790474369867,44.65034117590255,49.63919352810843,39.22945085231894,43.80557486232585,-7.98668382444804,-3.267825164918161
