end_date,avg_haley_stevens_dem,avg_mallory_ann_mc_morrow_dem,avg_abdul_el_sayed_dem,sd_haley_stevens_dem,sd_mallory_ann_mc_morrow_dem,sd_abdul_el_sayed_dem,upper_ci_haley_stevens_dem,upper_ci_mallory_ann_mc_morrow_dem,upper_ci_abdul_el_sayed_dem,lower_ci_haley_stevens_dem,lower_ci_mallory_ann_mc_morrow_dem,lower_ci_abdul_el_sayed_dem
2025-08-01,24.354058170678314,11.526978971335481,21.543955035172342,0.9519459881144472,2.151407785871263,1.660635558415837,26.21987230738263,15.743738231643157,24.798800729667384,22.488244033974,7.3102197110278055,18.2891093406773
2025-08-02,24.354058170678314,11.52697897133548,21.54395503517234,0.9519459881144474,2.151407785871263,1.6606355584158372,26.21987230738263,15.743738231643155,24.79880072966738,22.488244033974,7.310219711027804,18.289109340677296
2025-08-03,24.354058170678314,11.52697897133548,21.543955035172342,0.9519459881144468,2.1514077858712626,1.6606355584158368,26.21987230738263,15.743738231643153,24.79880072966738,22.488244033974,7.310219711027805,18.289109340677303
2025-08-04,24.354058170678314,11.52697897133548,21.543955035172342,0.9519459881144468,2.1514077858712626,1.6606355584158368,26.21987230738263,15.743738231643153,24.79880072966738,22.488244033974,7.310219711027805,18.289109340677303
2025-08-05,24.35405817067831,11.52697897133548,21.54395503517234,0.951945988114447,2.151407785871263,1.660635558415837,26.219872307382627,15.743738231643155,24.798800729667377,22.488244033973995,7.310219711027804,18.2891093406773
2025-08-06,24.354058170678314,11.52697897133548,21.543955035172342,0.9519459881144472,2.1514077858712626,1.6606355584158368,26.21987230738263,15.743738231643153,24.79880072966738,22.488244033974,7.310219711027805,18.289109340677303
2025-08-07,24.354058170678318,11.526978971335481,21.543955035172342,0.9519459881144473,2.151407785871263,1.660635558415837,26.219872307382634,15.743738231643157,24.798800729667384,22.488244033974002,7.3102197110278055,18.2891093406773
2025-08-08,24.354058170678314,11.526978971335481,21.543955035172345,0.9519459881144465,2.151407785871262,1.660635558415836,26.21987230738263,15.743738231643155,24.798800729667384,22.488244033974,7.310219711027807,18.289109340677307
2025-08-09,24.354058170678314,11.52697897133548,21.543955035172342,0.9519459881144466,2.1514077858712626,1.6606355584158365,26.21987230738263,15.743738231643153,24.79880072966738,22.488244033974,7.310219711027805,18.289109340677303
2025-08-10,24.354058170678318,11.526978971335481,21.543955035172342,0.951945988114447,2.151407785871263,1.6606355584158374,26.219872307382634,15.743738231643157,24.798800729667384,22.488244033974002,7.3102197110278055,18.2891093406773
2025-08-11,24.354058170678314,11.526978971335481,21.543955035172342,0.9519459881144472,2.151407785871263,1.660635558415837,26.21987230738263,15.743738231643157,24.798800729667384,22.488244033974,7.3102197110278055,18.2891093406773
2025-08-12,24.354058170678314,11.52697897133548,21.543955035172342,0.9519459881144472,2.1514077858712626,1.6606355584158368,26.21987230738263,15.743738231643153,24.79880072966738,22.488244033974,7.310219711027805,18.289109340677303
2025-08-13,24.354058170678314,11.52697897133548,21.54395503517234,0.9519459881144474,2.151407785871263,1.6606355584158372,26.21987230738263,15.743738231643155,24.79880072966738,22.488244033974,7.310219711027804,18.289109340677296
2025-08-14,24.354058170678314,11.52697897133548,21.543955035172342,0.9519459881144466,2.1514077858712626,1.6606355584158368,26.21987230738263,15.743738231643153,24.79880072966738,22.488244033974,7.310219711027805,18.289109340677303
2025-08-15,24.354058170678318,11.526978971335481,21.543955035172342,0.951945988114447,2.151407785871263,1.6606355584158374,26.219872307382634,15.743738231643157,24.798800729667384,22.488244033974002,7.3102197110278055,18.2891093406773
2025-08-16,24.354058170678314,11.52697897133548,21.543955035172342,0.951945988114447,2.151407785871262,1.6606355584158363,26.21987230738263,15.743738231643153,24.79880072966738,22.488244033974,7.3102197110278055,18.289109340677303
2025-08-17,24.354058170678314,11.526978971335481,21.543955035172342,0.9519459881144472,2.151407785871263,1.660635558415837,26.21987230738263,15.743738231643157,24.798800729667384,22.488244033974,7.3102197110278055,18.2891093406773
2025-08-18,24.35405817067831,11.52697897133548,21.54395503517234,0.9519459881144474,2.151407785871263,1.6606355584158368,26.219872307382627,15.743738231643155,24.798800729667377,22.488244033973995,7.310219711027804,18.2891093406773
2025-08-19,24.354058170678314,11.52697897133548,21.543955035172342,0.9519459881144465,2.151407785871262,1.6606355584158363,26.21987230738263,15.743738231643153,24.79880072966738,22.488244033974,7.3102197110278055,18.289109340677303
2025-08-20,24.35405817067831,11.52697897133548,21.54395503517234,0.951945988114447,2.151407785871263,1.660635558415837,26.219872307382627,15.743738231643155,24.798800729667377,22.488244033973995,7.310219711027804,18.2891093406773
2025-08-21,24.35405817067831,11.52697897133548,21.54395503517234,0.951945988114447,2.151407785871263,1.660635558415837,26.219872307382627,15.743738231643155,24.798800729667377,22.488244033973995,7.310219711027804,18.2891093406773
2025-08-22,24.354058170678314,11.52697897133548,21.54395503517234,0.9519459881144475,2.151407785871263,1.660635558415837,26.21987230738263,15.743738231643155,24.798800729667377,22.488244033974,7.310219711027804,18.2891093406773
2025-08-23,24.354058170678314,11.52697897133548,21.54395503517234,0.9519459881144474,2.151407785871263,1.660635558415837,26.21987230738263,15.743738231643155,24.798800729667377,22.488244033974,7.310219711027804,18.2891093406773
2025-08-24,24.35405817067831,11.526978971335478,21.54395503517234,0.9519459881144465,2.151407785871262,1.660635558415836,26.219872307382627,15.743738231643151,24.798800729667377,22.488244033973995,7.310219711027804,18.2891093406773
2025-08-25,24.354058170678314,11.526978971335481,21.543955035172342,0.9519459881144469,2.151407785871263,1.660635558415837,26.21987230738263,15.743738231643157,24.798800729667384,22.488244033974,7.3102197110278055,18.2891093406773
2025-08-26,24.354058170678314,11.526978971335481,21.543955035172342,0.9519459881144469,2.151407785871263,1.660635558415837,26.21987230738263,15.743738231643157,24.798800729667384,22.488244033974,7.3102197110278055,18.2891093406773
2025-08-27,24.35405817067831,11.52697897133548,21.54395503517234,0.951945988114447,2.151407785871263,1.660635558415837,26.219872307382627,15.743738231643155,24.798800729667377,22.488244033973995,7.310219711027804,18.2891093406773
2025-08-28,24.354058170678314,11.52697897133548,21.543955035172342,0.9519459881144475,2.1514077858712626,1.6606355584158365,26.21987230738263,15.743738231643153,24.79880072966738,22.488244033974,7.310219711027805,18.289109340677303
2025-08-29,24.35405817067831,11.526978971335478,21.54395503517234,0.9519459881144465,2.151407785871262,1.660635558415836,26.219872307382627,15.743738231643151,24.798800729667377,22.488244033973995,7.310219711027804,18.2891093406773
2025-08-30,24.35405817067831,11.52697897133548,21.54395503517234,0.9519459881144471,2.151407785871263,1.660635558415837,26.219872307382627,15.743738231643155,24.798800729667377,22.488244033973995,7.310219711027804,18.2891093406773
2025-08-31,24.354058170678318,11.526978971335481,21.543955035172342,0.951945988114447,2.151407785871263,1.6606355584158374,26.219872307382634,15.743738231643157,24.798800729667384,22.488244033974002,7.3102197110278055,18.2891093406773
2025-09-01,24.354058170678314,11.52697897133548,21.54395503517234,0.951945988114447,2.151407785871263,1.6606355584158372,26.21987230738263,15.743738231643155,24.79880072966738,22.488244033974,7.310219711027804,18.289109340677296
2025-09-02,24.354058170678314,11.52697897133548,21.543955035172342,0.9519459881144475,2.151407785871262,1.6606355584158363,26.21987230738263,15.743738231643153,24.79880072966738,22.488244033974,7.3102197110278055,18.289109340677303
2025-09-03,24.354058170678314,11.52697897133548,21.543955035172342,0.9519459881144474,2.151407785871262,1.6606355584158363,26.21987230738263,15.743738231643153,24.79880072966738,22.488244033974,7.3102197110278055,18.289109340677303
2025-09-04,24.354058170678314,11.52697897133548,21.543955035172342,0.9519459881144465,2.151407785871262,1.6606355584158363,26.21987230738263,15.743738231643153,24.79880072966738,22.488244033974,7.3102197110278055,18.289109340677303
2025-09-05,24.354058170678318,11.526978971335481,21.543955035172342,0.9519459881144471,2.151407785871263,1.6606355584158374,26.219872307382634,15.743738231643157,24.798800729667384,22.488244033974002,7.3102197110278055,18.2891093406773
2025-09-06,24.354058170678314,11.526978971335481,21.543955035172342,0.951945988114447,2.151407785871263,1.660635558415837,26.21987230738263,15.743738231643157,24.798800729667384,22.488244033974,7.3102197110278055,18.2891093406773
2025-09-07,24.354058170678314,11.526978971335481,21.543955035172342,0.9519459881144473,2.151407785871264,1.6606355584158379,26.21987230738263,15.743738231643158,24.798800729667384,22.488244033974,7.310219711027804,18.2891093406773
2025-09-08,24.354058170678314,11.52697897133548,21.543955035172342,0.9519459881144475,2.151407785871262,1.6606355584158363,26.21987230738263,15.743738231643153,24.79880072966738,22.488244033974,7.3102197110278055,18.289109340677303
2025-09-09,24.35405817067831,11.526978971335478,21.54395503517234,0.9519459881144465,2.151407785871262,1.6606355584158363,26.219872307382627,15.743738231643151,24.798800729667377,22.488244033973995,7.310219711027804,18.2891093406773
2025-09-10,24.354058170678314,11.526978971335481,21.543955035172342,0.9519459881144469,2.151407785871263,1.660635558415837,26.21987230738263,15.743738231643157,24.798800729667384,22.488244033974,7.3102197110278055,18.2891093406773
2025-09-11,24.354058170678314,11.526978971335481,21.543955035172342,0.9519459881144471,2.151407785871263,1.660635558415837,26.21987230738263,15.743738231643157,24.798800729667384,22.488244033974,7.3102197110278055,18.2891093406773
2025-09-12,24.354058170678314,11.52697897133548,21.54395503517234,0.9519459881144473,2.151407785871264,1.6606355584158377,26.21987230738263,15.743738231643157,24.79880072966738,22.488244033974,7.310219711027802,18.289109340677296
2025-09-13,24.354058170678314,11.52697897133548,21.543955035172342,0.9519459881144474,2.151407785871262,1.6606355584158363,26.21987230738263,15.743738231643153,24.79880072966738,22.488244033974,7.3102197110278055,18.289109340677303
2025-09-14,24.354058170678314,11.52697897133548,21.543955035172342,0.9519459881144465,2.151407785871262,1.6606355584158363,26.21987230738263,15.743738231643153,24.79880072966738,22.488244033974,7.3102197110278055,18.289109340677303
2025-09-15,24.35405817067831,11.52697897133548,21.54395503517234,0.9519459881144469,2.151407785871263,1.660635558415837,26.219872307382627,15.743738231643155,24.798800729667377,22.488244033973995,7.310219711027804,18.2891093406773
2025-09-16,24.35405817067831,11.52697897133548,21.54395503517234,0.9519459881144469,2.151407785871263,1.660635558415837,26.219872307382627,15.743738231643155,24.798800729667377,22.488244033973995,7.310219711027804,18.2891093406773
2025-09-17,24.35405817067831,11.52697897133548,21.54395503517234,0.951945988114447,2.151407785871263,1.660635558415837,26.219872307382627,15.743738231643155,24.798800729667377,22.488244033973995,7.310219711027804,18.2891093406773
2025-09-18,24.35405817067831,11.526978971335478,21.54395503517234,0.9519459881144475,2.151407785871262,1.6606355584158363,26.219872307382627,15.743738231643151,24.798800729667377,22.488244033973995,7.310219711027804,18.2891093406773
2025-09-19,24.354058170678314,11.52697897133548,21.543955035172342,0.9519459881144465,2.151407785871262,1.6606355584158363,26.21987230738263,15.743738231643153,24.79880072966738,22.488244033974,7.3102197110278055,18.289109340677303
2025-09-20,24.35405817067831,11.52697897133548,21.54395503517234,0.951945988114447,2.151407785871263,1.6606355584158372,26.219872307382627,15.743738231643155,24.79880072966738,22.488244033973995,7.310219711027804,18.289109340677296
2025-09-21,24.35405817067831,11.52697897133548,21.54395503517234,0.9519459881144471,2.151407785871263,1.660635558415837,26.219872307382627,15.743738231643155,24.798800729667377,22.488244033973995,7.310219711027804,18.2891093406773
2025-09-22,24.354058170678314,11.52697897133548,21.54395503517234,0.9519459881144471,2.151407785871263,1.6606355584158372,26.21987230738263,15.743738231643155,24.79880072966738,22.488244033974,7.310219711027804,18.289109340677296
2025-09-23,24.354058170678314,11.52697897133548,21.543955035172342,0.9519459881144475,2.151407785871262,1.6606355584158363,26.21987230738263,15.743738231643153,24.79880072966738,22.488244033974,7.3102197110278055,18.289109340677303
2025-09-24,24.354058170678314,11.52697897133548,21.543955035172342,0.9519459881144473,2.151407785871262,1.6606355584158363,26.21987230738263,15.743738231643153,24.79880072966738,22.488244033974,7.3102197110278055,18.289109340677303
2025-09-25,24.354058170678314,11.52697897133548,21.543955035172342,0.9519459881144465,2.151407785871262,1.6606355584158363,26.21987230738263,15.743738231643153,24.79880072966738,22.488244033974,7.3102197110278055,18.289109340677303
2025-09-26,24.354058170678314,11.526978971335481,21.543955035172342,0.9519459881144469,2.151407785871263,1.660635558415837,26.21987230738263,15.743738231643157,24.798800729667384,22.488244033974,7.3102197110278055,18.2891093406773
2025-09-27,24.35405817067831,11.52697897133548,21.54395503517234,0.9519459881144471,2.151407785871263,1.660635558415837,26.219872307382627,15.743738231643155,24.798800729667377,22.488244033973995,7.310219711027804,18.2891093406773
2025-09-28,24.354058170678314,11.526978971335481,21.543955035172342,0.9519459881144473,2.151407785871264,1.6606355584158379,26.21987230738263,15.743738231643158,24.798800729667384,22.488244033974,7.310219711027804,18.2891093406773
2025-09-29,24.354058170678314,11.52697897133548,21.543955035172342,0.9519459881144475,2.151407785871262,1.6606355584158363,26.21987230738263,15.743738231643153,24.79880072966738,22.488244033974,7.3102197110278055,18.289109340677303
2025-09-30,24.354058170678314,11.52697897133548,21.543955035172342,0.9519459881144465,2.1514077858712626,1.6606355584158365,26.21987230738263,15.743738231643153,24.79880072966738,22.488244033974,7.310219711027805,18.289109340677303
2025-10-01,24.354058170678314,11.52697897133548,21.543955035172342,0.9519459881144465,2.151407785871262,1.6606355584158363,26.21987230738263,15.743738231643153,24.79880072966738,22.488244033974,7.3102197110278055,18.289109340677303
2025-10-02,24.354058170678314,11.52697897133548,21.54395503517234,0.9519459881144473,2.151407785871264,1.6606355584158377,26.21987230738263,15.743738231643157,24.79880072966738,22.488244033974,7.310219711027802,18.289109340677296
2025-10-03,24.354058170678314,11.526978971335481,21.543955035172342,0.9519459881144474,2.1514077858712644,1.660635558415838,26.21987230738263,15.74373823164316,24.798800729667384,22.488244033974,7.310219711027803,18.2891093406773
2025-10-04,24.354058170678314,11.52697897133548,21.543955035172342,0.9519459881144474,2.151407785871262,1.6606355584158363,26.21987230738263,15.743738231643153,24.79880072966738,22.488244033974,7.3102197110278055,18.289109340677303
2025-10-05,24.354058170678314,11.52697897133548,21.543955035172342,0.9519459881144465,2.151407785871262,1.6606355584158363,26.21987230738263,15.743738231643153,24.79880072966738,22.488244033974,7.3102197110278055,18.289109340677303
2025-10-06,24.354058170678314,11.52697897133548,21.543955035172342,0.9519459881144465,2.151407785871262,1.6606355584158363,26.21987230738263,15.743738231643153,24.79880072966738,22.488244033974,7.3102197110278055,18.289109340677303
2025-10-07,24.354058170678314,11.52697897133548,21.54395503517234,0.9519459881144473,2.151407785871264,1.6606355584158377,26.21987230738263,15.743738231643157,24.79880072966738,22.488244033974,7.310219711027802,18.289109340677296
2025-10-08,24.354058170678314,11.526978971335481,21.543955035172342,0.9519459881144474,2.151407785871264,1.6606355584158379,26.21987230738263,15.743738231643158,24.798800729667384,22.488244033974,7.310219711027804,18.2891093406773
2025-10-09,24.354058170678314,11.52697897133548,21.543955035172342,0.9519459881144475,2.1514077858712626,1.6606355584158365,26.21987230738263,15.743738231643153,24.79880072966738,22.488244033974,7.310219711027805,18.289109340677303
2025-10-10,24.354058170678314,11.52697897133548,21.543955035172342,0.9519459881144465,2.1514077858712626,1.6606355584158365,26.21987230738263,15.743738231643153,24.79880072966738,22.488244033974,7.310219711027805,18.289109340677303
2025-10-11,24.354058170678314,11.52697897133548,21.543955035172342,0.9519459881144465,2.151407785871262,1.6606355584158363,26.21987230738263,15.743738231643153,24.79880072966738,22.488244033974,7.3102197110278055,18.289109340677303
2025-10-12,24.354058170678314,11.52697897133548,21.543955035172342,0.9519459881144465,2.151407785871262,1.6606355584158363,26.21987230738263,15.743738231643153,24.79880072966738,22.488244033974,7.3102197110278055,18.289109340677303
2025-10-13,24.354058170678314,11.526978971335481,21.543955035172342,0.9519459881144474,2.151407785871264,1.6606355584158379,26.21987230738263,15.743738231643158,24.798800729667384,22.488244033974,7.310219711027804,18.2891093406773
2025-10-14,24.354058170678314,11.52697897133548,21.543955035172342,0.9519459881144473,2.151407785871262,1.6606355584158363,26.21987230738263,15.743738231643153,24.79880072966738,22.488244033974,7.3102197110278055,18.289109340677303
2025-10-15,24.354058170678314,11.52697897133548,21.543955035172342,0.9519459881144474,2.151407785871262,1.6606355584158363,26.21987230738263,15.743738231643153,24.79880072966738,22.488244033974,7.3102197110278055,18.289109340677303
2025-10-16,24.354058170678314,11.52697897133548,21.543955035172342,0.9519459881144466,2.1514077858712626,1.6606355584158365,26.21987230738263,15.743738231643153,24.79880072966738,22.488244033974,7.310219711027805,18.289109340677303
2025-10-17,24.354058170678314,11.52697897133548,21.543955035172342,0.9519459881144465,2.151407785871262,1.6606355584158363,26.21987230738263,15.743738231643153,24.79880072966738,22.488244033974,7.3102197110278055,18.289109340677303
2025-10-18,24.354058170678314,11.526978971335481,21.543955035172342,0.9519459881144475,2.1514077858712644,1.660635558415838,26.21987230738263,15.74373823164316,24.798800729667384,22.488244033974,7.310219711027803,18.2891093406773
2025-10-19,24.354058170678314,11.526978971335481,21.543955035172342,0.9519459881144474,2.151407785871264,1.6606355584158379,26.21987230738263,15.743738231643158,24.798800729667384,22.488244033974,7.310219711027804,18.2891093406773
2025-10-20,24.35405817067831,11.526978971335478,21.54395503517234,0.9519459881144475,2.151407785871262,1.660635558415836,26.219872307382627,15.743738231643151,24.798800729667377,22.488244033973995,7.310219711027804,18.2891093406773
2025-10-21,24.354058170678314,11.526978971335481,21.543955035172345,0.9519459881144465,2.151407785871262,1.660635558415836,26.21987230738263,15.743738231643155,24.798800729667384,22.488244033974,7.310219711027807,18.289109340677307
2025-10-22,24.354058170678314,11.52697897133548,21.543955035172342,0.9519459881144464,2.151407785871262,1.6606355584158363,26.21987230738263,15.743738231643153,24.79880072966738,22.488244033974,7.3102197110278055,18.289109340677303
2025-10-23,24.354058170678314,11.526978971335481,21.543955035172342,0.9519459881144474,2.151407785871264,1.6606355584158379,26.21987230738263,15.743738231643158,24.798800729667384,22.488244033974,7.310219711027804,18.2891093406773
2025-10-24,24.354058170678314,11.526978971335481,21.543955035172342,0.9519459881144473,2.151407785871264,1.6606355584158379,26.21987230738263,15.743738231643158,24.798800729667384,22.488244033974,7.310219711027804,18.2891093406773
2025-10-25,26.09742061650912,24.951975568305723,20.002885139647425,0.004112371613506492,0.028302859096046986,0.004716112737488423,26.10548086487159,25.007449172133974,20.012128720612903,26.089360368146647,24.896501964477473,19.993641558681947
2025-10-26,26.097420616509122,24.951975568305727,20.002885139647425,0.004112371613506493,0.028302859096046993,0.004716112737488424,26.105480864871595,25.007449172133978,20.012128720612903,26.08936036814665,24.896501964477476,19.993641558681947
2025-10-27,26.09742061650912,24.951975568305723,20.002885139647425,0.004112371613506494,0.028302859096046996,0.004716112737488426,26.10548086487159,25.007449172133974,20.012128720612903,26.089360368146647,24.896501964477473,19.993641558681947
2025-10-28,26.09742061650912,24.951975568305723,20.002885139647425,0.004112371613506492,0.028302859096046976,0.004716112737488423,26.10548086487159,25.007449172133974,20.012128720612903,26.089360368146647,24.896501964477473,19.993641558681947
2025-10-29,26.09742061650912,24.951975568305723,20.002885139647425,0.004112371613506491,0.028302859096046976,0.004716112737488423,26.10548086487159,25.007449172133974,20.012128720612903,26.089360368146647,24.896501964477473,19.993641558681947
2025-10-30,26.097420616509122,24.951975568305727,20.002885139647425,0.004112371613506492,0.028302859096046983,0.004716112737488423,26.105480864871595,25.007449172133978,20.012128720612903,26.08936036814665,24.896501964477476,19.993641558681947
2025-10-31,26.09742061650912,24.951975568305723,20.002885139647425,0.004112371613506492,0.028302859096046986,0.004716112737488424,26.10548086487159,25.007449172133974,20.012128720612903,26.089360368146647,24.896501964477473,19.993641558681947
2025-11-01,26.09742061650912,24.951975568305723,20.002885139647425,0.004112371613506494,0.028302859096046996,0.004716112737488425,26.10548086487159,25.007449172133974,20.012128720612903,26.089360368146647,24.896501964477473,19.993641558681947
2025-11-02,26.097420616509122,24.951975568305727,20.002885139647425,0.004112371613506494,0.028302859096047,0.004716112737488426,26.105480864871595,25.007449172133978,20.012128720612903,26.08936036814665,24.896501964477476,19.993641558681947
2025-11-03,26.097420616509122,24.951975568305727,20.002885139647425,0.004112371613506492,0.028302859096046976,0.004716112737488423,26.105480864871595,25.007449172133978,20.012128720612903,26.08936036814665,24.896501964477476,19.993641558681947
2025-11-04,26.09742061650912,24.951975568305723,20.002885139647425,0.004112371613506492,0.02830285909604698,0.0047161127374884225,26.10548086487159,25.007449172133974,20.012128720612903,26.089360368146647,24.896501964477473,19.993641558681947
2025-11-05,26.097420616509122,24.951975568305727,20.002885139647425,0.004112371613506493,0.02830285909604699,0.004716112737488424,26.105480864871595,25.007449172133978,20.012128720612903,26.08936036814665,24.896501964477476,19.993641558681947
2025-11-06,26.097420616509122,24.951975568305727,20.002885139647425,0.004112371613506493,0.028302859096046993,0.004716112737488424,26.105480864871595,25.007449172133978,20.012128720612903,26.08936036814665,24.896501964477476,19.993641558681947
2025-11-07,26.097420616509122,24.951975568305727,20.002885139647425,0.004112371613506495,0.028302859096047,0.004716112737488426,26.105480864871595,25.007449172133978,20.012128720612903,26.08936036814665,24.896501964477476,19.993641558681947
2025-11-08,26.09742061650912,24.951975568305723,20.002885139647425,0.0041123716135064905,0.028302859096046976,0.004716112737488423,26.10548086487159,25.007449172133974,20.012128720612903,26.089360368146647,24.896501964477473,19.993641558681947
2025-11-09,26.09742061650912,24.951975568305723,20.002885139647425,0.004112371613506491,0.02830285909604698,0.004716112737488424,26.10548086487159,25.007449172133974,20.012128720612903,26.089360368146647,24.896501964477473,19.993641558681947
2025-11-10,26.09742061650912,24.951975568305723,20.002885139647425,0.004112371613506492,0.02830285909604699,0.004716112737488424,26.10548086487159,25.007449172133974,20.012128720612903,26.089360368146647,24.896501964477473,19.993641558681947
2025-11-11,26.09742061650912,24.951975568305723,20.002885139647425,0.004112371613506493,0.028302859096046993,0.004716112737488424,26.10548086487159,25.007449172133974,20.012128720612903,26.089360368146647,24.896501964477473,19.993641558681947
2025-11-12,26.09742061650912,24.951975568305723,20.002885139647425,0.004112371613506494,0.028302859096046996,0.004716112737488426,26.10548086487159,25.007449172133974,20.012128720612903,26.089360368146647,24.896501964477473,19.993641558681947
2025-11-13,26.09742061650912,24.951975568305723,20.002885139647425,0.004112371613506491,0.028302859096046976,0.004716112737488423,26.10548086487159,25.007449172133974,20.012128720612903,26.089360368146647,24.896501964477473,19.993641558681947
2025-11-14,26.09742061650912,24.951975568305723,20.002885139647425,0.004112371613506492,0.02830285909604698,0.004716112737488424,26.10548086487159,25.007449172133974,20.012128720612903,26.089360368146647,24.896501964477473,19.993641558681947
2025-11-15,26.09742061650912,24.951975568305723,20.002885139647425,0.004112371613506492,0.028302859096046986,0.004716112737488423,26.10548086487159,25.007449172133974,20.012128720612903,26.089360368146647,24.896501964477473,19.993641558681947
2025-11-16,26.09742061650912,24.951975568305723,20.002885139647425,0.004112371613506494,0.028302859096046993,0.004716112737488425,26.10548086487159,25.007449172133974,20.012128720612903,26.089360368146647,24.896501964477473,19.993641558681947
2025-11-17,26.09742061650912,24.951975568305723,20.002885139647425,0.004112371613506495,0.028302859096047,0.004716112737488426,26.10548086487159,25.007449172133974,20.012128720612903,26.089360368146647,24.896501964477473,19.993641558681947
2025-11-18,26.097420616509122,24.951975568305727,20.002885139647425,0.004112371613506492,0.028302859096046976,0.004716112737488423,26.105480864871595,25.007449172133978,20.012128720612903,26.08936036814665,24.896501964477476,19.993641558681947
2025-11-19,26.09742061650912,24.951975568305723,20.002885139647425,0.004112371613506492,0.028302859096046983,0.004716112737488424,26.10548086487159,25.007449172133974,20.012128720612903,26.089360368146647,24.896501964477473,19.993641558681947
2025-11-20,26.09742061650912,24.951975568305723,20.002885139647425,0.004112371613506492,0.028302859096046986,0.004716112737488425,26.10548086487159,25.007449172133974,20.012128720612903,26.089360368146647,24.896501964477473,19.993641558681947
2025-11-21,27.089547987218985,24.017471080014328,16.219380614738018,0.23079005779271428,0.21748045484380654,0.8801173937010316,27.541896500492705,24.443732771508188,17.94441070639204,26.637199473945266,23.59120938852047,14.494350523083996
2025-11-22,27.089547987218985,24.01747108001433,16.219380614738018,0.23079005779271433,0.21748045484380663,0.8801173937010318,27.541896500492705,24.44373277150819,17.94441070639204,26.637199473945266,23.591209388520472,14.494350523083996
2025-11-23,27.089547987218985,24.01747108001433,16.219380614738018,0.2307900577927143,0.21748045484380657,0.8801173937010316,27.541896500492705,24.44373277150819,17.94441070639204,26.637199473945266,23.591209388520472,14.494350523083996
2025-11-24,27.089547987218985,24.01747108001433,16.219380614738018,0.2307900577927143,0.21748045484380657,0.8801173937010317,27.541896500492705,24.44373277150819,17.94441070639204,26.637199473945266,23.591209388520472,14.494350523083996
2025-11-25,27.089547987218985,24.01747108001433,16.219380614738018,0.23079005779271428,0.21748045484380654,0.8801173937010316,27.541896500492705,24.44373277150819,17.94441070639204,26.637199473945266,23.591209388520472,14.494350523083996
2025-11-26,27.089547987218985,24.01747108001433,16.219380614738018,0.23079005779271433,0.2174804548438066,0.8801173937010318,27.541896500492705,24.44373277150819,17.94441070639204,26.637199473945266,23.591209388520472,14.494350523083996
2025-11-27,27.08954798721899,24.017471080014335,16.219380614738018,0.2307900577927143,0.21748045484380657,0.8801173937010316,27.541896500492708,24.443732771508195,17.94441070639204,26.63719947394527,23.591209388520475,14.494350523083996
2025-11-28,27.089547987218985,24.017471080014328,16.219380614738018,0.23079005779271428,0.21748045484380654,0.8801173937010316,27.541896500492705,24.443732771508188,17.94441070639204,26.637199473945266,23.59120938852047,14.494350523083996
2025-11-29,27.089547987218985,24.01747108001433,16.219380614738018,0.23079005779271428,0.21748045484380654,0.8801173937010316,27.541896500492705,24.44373277150819,17.94441070639204,26.637199473945266,23.591209388520472,14.494350523083996
2025-11-30,27.089547987218985,24.01747108001433,16.219380614738018,0.23079005779271433,0.2174804548438066,0.8801173937010318,27.541896500492705,24.44373277150819,17.94441070639204,26.637199473945266,23.591209388520472,14.494350523083996
2025-12-01,27.089547987218985,24.01747108001433,16.219380614738018,0.2307900577927143,0.21748045484380657,0.8801173937010317,27.541896500492705,24.44373277150819,17.94441070639204,26.637199473945266,23.591209388520472,14.494350523083996
2025-12-02,27.08954798721899,24.017471080014335,16.219380614738018,0.2307900577927143,0.21748045484380657,0.8801173937010317,27.541896500492708,24.443732771508195,17.94441070639204,26.63719947394527,23.591209388520475,14.494350523083996
2025-12-03,27.08954798721899,24.017471080014335,16.219380614738018,0.2307900577927143,0.21748045484380657,0.8801173937010316,27.541896500492708,24.443732771508195,17.94441070639204,26.63719947394527,23.591209388520475,14.494350523083996
2025-12-04,27.089547987218985,24.01747108001433,16.219380614738018,0.23079005779271433,0.21748045484380663,0.8801173937010318,27.541896500492705,24.44373277150819,17.94441070639204,26.637199473945266,23.591209388520472,14.494350523083996
2025-12-05,27.089547987218985,24.01747108001433,16.219380614738018,0.2307900577927143,0.21748045484380657,0.8801173937010316,27.541896500492705,24.44373277150819,17.94441070639204,26.637199473945266,23.591209388520472,14.494350523083996
2025-12-06,27.089547987218985,24.01747108001433,16.219380614738018,0.23079005779271433,0.2174804548438066,0.8801173937010318,27.541896500492705,24.44373277150819,17.94441070639204,26.637199473945266,23.591209388520472,14.494350523083996
2025-12-07,27.089547987218985,24.01747108001433,16.219380614738018,0.23079005779271433,0.2174804548438066,0.8801173937010318,27.541896500492705,24.44373277150819,17.94441070639204,26.637199473945266,23.591209388520472,14.494350523083996
2025-12-08,27.089547987218985,24.01747108001433,16.219380614738018,0.23079005779271428,0.21748045484380654,0.8801173937010316,27.541896500492705,24.44373277150819,17.94441070639204,26.637199473945266,23.591209388520472,14.494350523083996
2025-12-09,27.089547987218985,24.01747108001433,16.219380614738018,0.2307900577927143,0.21748045484380657,0.8801173937010317,27.541896500492705,24.44373277150819,17.94441070639204,26.637199473945266,23.591209388520472,14.494350523083996
2025-12-10,27.089547987218985,24.017471080014328,16.219380614738018,0.23079005779271425,0.21748045484380654,0.8801173937010315,27.541896500492705,24.443732771508188,17.94441070639204,26.637199473945266,23.59120938852047,14.494350523083996
2025-12-11,27.089547987218985,24.01747108001433,16.219380614738018,0.23079005779271428,0.21748045484380654,0.8801173937010316,27.541896500492705,24.44373277150819,17.94441070639204,26.637199473945266,23.591209388520472,14.494350523083996
2025-12-12,27.08954798721899,24.017471080014335,16.21938061473802,0.23079005779271433,0.21748045484380663,0.8801173937010318,27.541896500492708,24.443732771508195,17.944410706392045,26.63719947394527,23.591209388520475,14.494350523084
2025-12-13,27.089547987218985,24.017471080014328,16.219380614738018,0.23079005779271428,0.21748045484380654,0.8801173937010316,27.541896500492705,24.443732771508188,17.94441070639204,26.637199473945266,23.59120938852047,14.494350523083996
2025-12-14,27.089547987218985,24.01747108001433,16.219380614738018,0.23079005779271433,0.2174804548438066,0.8801173937010318,27.541896500492705,24.44373277150819,17.94441070639204,26.637199473945266,23.591209388520472,14.494350523083996
2025-12-15,27.089547987218985,24.01747108001433,16.219380614738018,0.23079005779271433,0.21748045484380663,0.8801173937010318,27.541896500492705,24.44373277150819,17.94441070639204,26.637199473945266,23.591209388520472,14.494350523083996
2025-12-16,27.089547987218985,24.017471080014328,16.219380614738018,0.23079005779271428,0.21748045484380654,0.8801173937010316,27.541896500492705,24.443732771508188,17.94441070639204,26.637199473945266,23.59120938852047,14.494350523083996
2025-12-17,27.089547987218985,24.01747108001433,16.219380614738018,0.23079005779271433,0.21748045484380663,0.8801173937010318,27.541896500492705,24.44373277150819,17.94441070639204,26.637199473945266,23.591209388520472,14.494350523083996
2025-12-18,27.08954798721899,24.017471080014335,16.219380614738018,0.23079005779271428,0.21748045484380654,0.8801173937010316,27.541896500492708,24.443732771508195,17.94441070639204,26.63719947394527,23.591209388520475,14.494350523083996
2025-12-19,27.089547987218985,24.01747108001433,16.219380614738018,0.2307900577927143,0.21748045484380657,0.8801173937010316,27.541896500492705,24.44373277150819,17.94441070639204,26.637199473945266,23.591209388520472,14.494350523083996
2025-12-20,27.089547987218985,24.01747108001433,16.219380614738018,0.23079005779271433,0.2174804548438066,0.8801173937010318,27.541896500492705,24.44373277150819,17.94441070639204,26.637199473945266,23.591209388520472,14.494350523083996
2025-12-21,27.089547987218985,24.01747108001433,16.219380614738018,0.23079005779271428,0.21748045484380654,0.8801173937010316,27.541896500492705,24.44373277150819,17.94441070639204,26.637199473945266,23.591209388520472,14.494350523083996
2025-12-22,27.089547987218985,24.01747108001433,16.219380614738018,0.23079005779271433,0.2174804548438066,0.8801173937010318,27.541896500492705,24.44373277150819,17.94441070639204,26.637199473945266,23.591209388520472,14.494350523083996
2025-12-23,27.089547987218985,24.01747108001433,16.219380614738018,0.23079005779271433,0.2174804548438066,0.8801173937010318,27.541896500492705,24.44373277150819,17.94441070639204,26.637199473945266,23.591209388520472,14.494350523083996
2025-12-24,27.08954798721899,24.017471080014335,16.219380614738018,0.23079005779271428,0.21748045484380654,0.8801173937010316,27.541896500492708,24.443732771508195,17.94441070639204,26.63719947394527,23.591209388520475,14.494350523083996
2025-12-25,27.089547987218985,24.01747108001433,16.219380614738018,0.23079005779271433,0.21748045484380663,0.8801173937010319,27.541896500492705,24.44373277150819,17.94441070639204,26.637199473945266,23.591209388520472,14.494350523083995
2025-12-26,27.089547987218985,24.01747108001433,16.219380614738018,0.23079005779271428,0.21748045484380654,0.8801173937010316,27.541896500492705,24.44373277150819,17.94441070639204,26.637199473945266,23.591209388520472,14.494350523083996
2025-12-27,27.08954798721899,24.017471080014335,16.219380614738018,0.2307900577927143,0.21748045484380657,0.8801173937010316,27.541896500492708,24.443732771508195,17.94441070639204,26.63719947394527,23.591209388520475,14.494350523083996
2025-12-28,27.089547987218985,24.01747108001433,16.219380614738018,0.23079005779271433,0.2174804548438066,0.8801173937010318,27.541896500492705,24.44373277150819,17.94441070639204,26.637199473945266,23.591209388520472,14.494350523083996
2025-12-29,27.089547987218985,24.017471080014328,16.219380614738018,0.23079005779271428,0.21748045484380654,0.8801173937010316,27.541896500492705,24.443732771508188,17.94441070639204,26.637199473945266,23.59120938852047,14.494350523083996
2025-12-30,27.089547987218985,24.01747108001433,16.219380614738018,0.23079005779271433,0.21748045484380663,0.8801173937010319,27.541896500492705,24.44373277150819,17.94441070639204,26.637199473945266,23.591209388520472,14.494350523083995
2025-12-31,27.08954798721899,24.01747108001433,16.219380614738018,0.23079005779271425,0.21748045484380651,0.8801173937010315,27.541896500492708,24.44373277150819,17.94441070639204,26.63719947394527,23.591209388520472,14.494350523083996
2026-01-01,27.089547987218985,24.01747108001433,16.219380614738018,0.2307900577927143,0.21748045484380657,0.8801173937010316,27.541896500492705,24.44373277150819,17.94441070639204,26.637199473945266,23.591209388520472,14.494350523083996
2026-01-02,27.089547987218985,24.01747108001433,16.219380614738018,0.23079005779271433,0.2174804548438066,0.8801173937010318,27.541896500492705,24.44373277150819,17.94441070639204,26.637199473945266,23.591209388520472,14.494350523083996
2026-01-03,27.08954798721899,24.01747108001433,16.219380614738018,0.23079005779271425,0.21748045484380654,0.8801173937010315,27.541896500492708,24.44373277150819,17.94441070639204,26.63719947394527,23.591209388520472,14.494350523083996
2026-01-04,27.089547987218985,24.01747108001433,16.219380614738018,0.23079005779271433,0.21748045484380663,0.8801173937010318,27.541896500492705,24.44373277150819,17.94441070639204,26.637199473945266,23.591209388520472,14.494350523083996
2026-01-05,27.089547987218985,24.01747108001433,16.219380614738018,0.23079005779271433,0.21748045484380663,0.8801173937010318,27.541896500492705,24.44373277150819,17.94441070639204,26.637199473945266,23.591209388520472,14.494350523083996
2026-01-06,27.08954798721899,24.017471080014335,16.21938061473802,0.23079005779271433,0.2174804548438066,0.8801173937010318,27.541896500492708,24.443732771508195,17.944410706392045,26.63719947394527,23.591209388520475,14.494350523084
2026-01-07,27.089547987218985,24.01747108001433,16.219380614738018,0.2307900577927143,0.21748045484380657,0.8801173937010317,27.541896500492705,24.44373277150819,17.94441070639204,26.637199473945266,23.591209388520472,14.494350523083996
2026-01-08,27.089547987218985,24.01747108001433,16.219380614738018,0.23079005779271422,0.21748045484380651,0.8801173937010314,27.541896500492705,24.44373277150819,17.94441070639204,26.637199473945266,23.591209388520472,14.494350523083996
2026-01-09,27.089547987218985,24.01747108001433,16.219380614738018,0.23079005779271433,0.21748045484380663,0.8801173937010318,27.541896500492705,24.44373277150819,17.94441070639204,26.637199473945266,23.591209388520472,14.494350523083996
2026-01-10,27.089547987218985,24.01747108001433,16.219380614738018,0.23079005779271433,0.21748045484380663,0.8801173937010318,27.541896500492705,24.44373277150819,17.94441070639204,26.637199473945266,23.591209388520472,14.494350523083996
2026-01-11,27.089547987218985,24.017471080014328,16.219380614738018,0.23079005779271425,0.21748045484380651,0.8801173937010315,27.541896500492705,24.443732771508188,17.94441070639204,26.637199473945266,23.59120938852047,14.494350523083996
2026-01-12,27.089547987218985,24.01747108001433,16.219380614738018,0.23079005779271433,0.21748045484380663,0.8801173937010319,27.541896500492705,24.44373277150819,17.94441070639204,26.637199473945266,23.591209388520472,14.494350523083995
2026-01-13,27.089547987218985,24.01747108001433,16.219380614738018,0.23079005779271433,0.21748045484380663,0.8801173937010318,27.541896500492705,24.44373277150819,17.94441070639204,26.637199473945266,23.591209388520472,14.494350523083996
2026-01-14,27.089547987218985,24.01747108001433,16.219380614738018,0.23079005779271433,0.21748045484380663,0.8801173937010318,27.541896500492705,24.44373277150819,17.94441070639204,26.637199473945266,23.591209388520472,14.494350523083996
2026-01-15,27.089547987218985,24.01747108001433,16.219380614738018,0.23079005779271433,0.21748045484380663,0.8801173937010318,27.541896500492705,24.44373277150819,17.94441070639204,26.637199473945266,23.591209388520472,14.494350523083996
2026-01-16,27.08954798721899,24.01747108001433,16.219380614738018,0.23079005779271425,0.21748045484380651,0.8801173937010315,27.541896500492708,24.44373277150819,17.94441070639204,26.63719947394527,23.591209388520472,14.494350523083996
2026-01-17,27.089547987218985,24.01747108001433,16.219380614738018,0.23079005779271433,0.2174804548438066,0.8801173937010318,27.541896500492705,24.44373277150819,17.94441070639204,26.637199473945266,23.591209388520472,14.494350523083996
2026-01-18,27.089547987218985,24.01747108001433,16.219380614738018,0.23079005779271433,0.2174804548438066,0.8801173937010318,27.541896500492705,24.44373277150819,17.94441070639204,26.637199473945266,23.591209388520472,14.494350523083996
2026-01-19,27.089547987218985,24.01747108001433,16.219380614738018,0.23079005779271433,0.21748045484380663,0.8801173937010318,27.541896500492705,24.44373277150819,17.94441070639204,26.637199473945266,23.591209388520472,14.494350523083996
2026-01-20,27.089547987218985,24.01747108001433,16.219380614738018,0.23079005779271422,0.21748045484380651,0.8801173937010314,27.541896500492705,24.44373277150819,17.94441070639204,26.637199473945266,23.591209388520472,14.494350523083996
2026-01-21,27.089547987218985,24.01747108001433,16.219380614738018,0.23079005779271422,0.21748045484380651,0.8801173937010314,27.541896500492705,24.44373277150819,17.94441070639204,26.637199473945266,23.591209388520472,14.494350523083996
2026-01-22,27.089547987218985,24.01747108001433,16.219380614738018,0.23079005779271433,0.21748045484380663,0.8801173937010318,27.541896500492705,24.44373277150819,17.94441070639204,26.637199473945266,23.591209388520472,14.494350523083996
2026-01-23,27.089547987218985,24.01747108001433,16.219380614738018,0.23079005779271433,0.21748045484380663,0.8801173937010318,27.541896500492705,24.44373277150819,17.94441070639204,26.637199473945266,23.591209388520472,14.494350523083996
2026-01-24,27.089547987218985,24.01747108001433,16.219380614738018,0.23079005779271433,0.2174804548438066,0.8801173937010318,27.541896500492705,24.44373277150819,17.94441070639204,26.637199473945266,23.591209388520472,14.494350523083996
2026-01-25,16.71204272071371,22.332071961724075,15.902144299039955,0.09632546129773867,0.015769128130458863,0.008676329460046006,16.900840624857278,22.362979452859776,15.919149904781646,16.523244816570145,22.301164470588375,15.885138693298265
2026-01-26,16.71204272071371,22.332071961724075,15.902144299039955,0.0963254612977387,0.015769128130458866,0.008676329460046008,16.900840624857278,22.362979452859776,15.919149904781646,16.523244816570145,22.301164470588375,15.885138693298265
2026-01-27,16.71204272071371,22.332071961724075,15.902144299039955,0.09632546129773867,0.015769128130458863,0.00867632946004601,16.900840624857278,22.362979452859776,15.919149904781646,16.523244816570145,22.301164470588375,15.885138693298265
2026-01-28,16.71204272071371,22.332071961724075,15.902144299039955,0.09632546129773868,0.015769128130458866,0.008676329460046012,16.900840624857278,22.362979452859776,15.919149904781646,16.523244816570145,22.301164470588375,15.885138693298265
2026-01-29,16.71204272071371,22.332071961724075,15.902144299039955,0.0963254612977387,0.015769128130458866,0.008676329460046013,16.900840624857278,22.362979452859776,15.919149904781646,16.523244816570145,22.301164470588375,15.885138693298265
2026-01-30,16.71204272071371,22.332071961724072,15.902144299039954,0.09632546129773867,0.015769128130458863,0.008676329460046013,16.900840624857278,22.362979452859772,15.919149904781644,16.523244816570145,22.301164470588372,15.885138693298263
2026-01-31,16.71204272071371,22.332071961724075,15.902144299039955,0.09632546129773867,0.015769128130458863,0.008676329460046006,16.900840624857278,22.362979452859776,15.919149904781646,16.523244816570145,22.301164470588375,15.885138693298265
2026-02-01,16.71204272071371,22.332071961724072,15.902144299039954,0.0963254612977387,0.015769128130458866,0.00867632946004601,16.900840624857278,22.362979452859772,15.919149904781644,16.523244816570145,22.301164470588372,15.885138693298263
2026-02-02,16.71204272071371,22.332071961724075,15.902144299039955,0.09632546129773868,0.015769128130458866,0.008676329460046012,16.900840624857278,22.362979452859776,15.919149904781646,16.523244816570145,22.301164470588375,15.885138693298265
2026-02-03,16.71204272071371,22.332071961724072,15.902144299039954,0.09632546129773868,0.015769128130458866,0.008676329460046013,16.900840624857278,22.362979452859772,15.919149904781644,16.523244816570145,22.301164470588372,15.885138693298263
2026-02-04,16.71204272071371,22.332071961724075,15.902144299039955,0.09632546129773865,0.01576912813045886,0.008676329460046013,16.900840624857278,22.362979452859776,15.919149904781646,16.523244816570145,22.301164470588375,15.885138693298265
2026-02-05,16.71204272071371,22.332071961724075,15.902144299039955,0.09632546129773868,0.015769128130458863,0.008676329460046008,16.900840624857278,22.362979452859776,15.919149904781646,16.523244816570145,22.301164470588375,15.885138693298265
2026-02-06,16.71204272071371,22.332071961724072,15.902144299039954,0.09632546129773868,0.015769128130458866,0.008676329460046008,16.900840624857278,22.362979452859772,15.919149904781644,16.523244816570145,22.301164470588372,15.885138693298263
2026-02-07,16.71204272071371,22.332071961724075,15.902144299039955,0.09632546129773867,0.015769128130458863,0.00867632946004601,16.900840624857278,22.362979452859776,15.919149904781646,16.523244816570145,22.301164470588375,15.885138693298265
2026-02-08,16.71204272071371,22.332071961724075,15.902144299039955,0.0963254612977387,0.015769128130458866,0.008676329460046013,16.900840624857278,22.362979452859776,15.919149904781646,16.523244816570145,22.301164470588375,15.885138693298265
2026-02-09,16.71204272071371,22.332071961724072,15.902144299039954,0.09632546129773871,0.01576912813045887,0.008676329460046013,16.900840624857278,22.362979452859772,15.919149904781644,16.523244816570145,22.301164470588372,15.885138693298263
2026-02-10,16.71204272071371,22.332071961724075,15.902144299039955,0.09632546129773867,0.015769128130458863,0.008676329460046006,16.900840624857278,22.362979452859776,15.919149904781646,16.523244816570145,22.301164470588375,15.885138693298265
2026-02-11,16.71204272071371,22.332071961724072,15.902144299039954,0.09632546129773868,0.015769128130458866,0.008676329460046008,16.900840624857278,22.362979452859772,15.919149904781644,16.523244816570145,22.301164470588372,15.885138693298263
2026-02-12,16.71204272071371,22.332071961724075,15.902144299039955,0.09632546129773867,0.015769128130458863,0.00867632946004601,16.900840624857278,22.362979452859776,15.919149904781646,16.523244816570145,22.301164470588375,15.885138693298265
2026-02-13,16.71204272071371,22.332071961724075,15.902144299039955,0.09632546129773868,0.015769128130458866,0.008676329460046013,16.900840624857278,22.362979452859776,15.919149904781646,16.523244816570145,22.301164470588375,15.885138693298265
2026-02-14,16.71204272071371,22.332071961724072,15.902144299039954,0.0963254612977387,0.015769128130458866,0.008676329460046013,16.900840624857278,22.362979452859772,15.919149904781644,16.523244816570145,22.301164470588372,15.885138693298263
2026-02-15,16.71204272071371,22.332071961724072,15.902144299039954,0.09632546129773871,0.01576912813045887,0.008676329460046006,16.900840624857278,22.362979452859772,15.919149904781644,16.523244816570145,22.301164470588372,15.885138693298263
2026-02-16,25.36012623981972,24.255183495669367,23.29142378411458,4.476572596538397,0.9954524201267596,3.824784086662716,34.13420852903498,26.206270239117817,30.788000593973504,16.586043950604463,22.304096752220918,15.794846974255659
2026-02-17,25.360126239819724,24.25518349566937,23.291423784114585,4.476572596538397,0.9954524201267595,3.824784086662716,34.13420852903498,26.20627023911782,30.788000593973507,16.586043950604466,22.30409675222092,15.794846974255663
2026-02-18,25.360126239819724,24.25518349566937,23.29142378411458,4.476572596538397,0.9954524201267597,3.8247840866627163,34.13420852903498,26.20627023911782,30.788000593973507,16.586043950604466,22.30409675222092,15.794846974255657
2026-02-19,25.36012623981972,24.255183495669367,23.29142378411458,4.476572596538397,0.9954524201267596,3.824784086662716,34.13420852903498,26.206270239117817,30.788000593973504,16.586043950604463,22.304096752220918,15.794846974255659
2026-02-20,25.36012623981972,24.255183495669367,23.29142378411458,4.476572596538397,0.9954524201267596,3.824784086662716,34.13420852903498,26.206270239117817,30.788000593973504,16.586043950604463,22.304096752220918,15.794846974255659
2026-02-21,25.36012623981972,24.255183495669367,23.29142378411458,4.476572596538397,0.9954524201267596,3.824784086662716,34.13420852903498,26.206270239117817,30.788000593973504,16.586043950604463,22.304096752220918,15.794846974255659
2026-02-22,25.36012623981972,24.255183495669367,23.29142378411458,4.476572596538397,0.9954524201267596,3.824784086662716,34.13420852903498,26.206270239117817,30.788000593973504,16.586043950604463,22.304096752220918,15.794846974255659
2026-02-23,25.36012623981972,24.255183495669367,23.29142378411458,4.476572596538397,0.9954524201267596,3.824784086662716,34.13420852903498,26.206270239117817,30.788000593973504,16.586043950604463,22.304096752220918,15.794846974255659
2026-02-24,25.36012623981972,24.255183495669367,23.29142378411458,4.476572596538397,0.9954524201267596,3.824784086662716,34.13420852903498,26.206270239117817,30.788000593973504,16.586043950604463,22.304096752220918,15.794846974255659
2026-02-25,25.360126239819724,24.25518349566937,23.291423784114585,4.476572596538397,0.9954524201267596,3.824784086662716,34.13420852903498,26.20627023911782,30.788000593973507,16.586043950604466,22.30409675222092,15.794846974255663
2026-02-26,25.360126239819724,24.25518349566937,23.29142378411458,4.476572596538397,0.9954524201267597,3.8247840866627163,34.13420852903498,26.20627023911782,30.788000593973507,16.586043950604466,22.30409675222092,15.794846974255657
2026-02-27,25.36012623981972,24.255183495669367,23.29142378411458,4.476572596538397,0.9954524201267596,3.824784086662716,34.13420852903498,26.206270239117817,30.788000593973504,16.586043950604463,22.304096752220918,15.794846974255659
2026-02-28,25.360126239819724,24.25518349566937,23.291423784114585,4.476572596538397,0.9954524201267596,3.824784086662716,34.13420852903498,26.20627023911782,30.788000593973507,16.586043950604466,22.30409675222092,15.794846974255663
2026-03-01,25.360126239819724,24.25518349566937,23.291423784114585,4.476572596538397,0.9954524201267596,3.824784086662716,34.13420852903498,26.20627023911782,30.788000593973507,16.586043950604466,22.30409675222092,15.794846974255663
2026-03-02,26.526172272615224,24.658694351457765,23.139932452694207,2.8728591770085368,0.6816636487716247,2.33557542539631,32.15697625955195,25.99475510305015,27.717660286470974,20.895368285678494,23.32263359986538,18.56220461891744
2026-03-03,26.526172272615224,24.65869435145777,23.13993245269421,2.8728591770085363,0.6816636487716247,2.33557542539631,32.15697625955195,25.994755103050153,27.71766028647098,20.895368285678494,23.322633599865384,18.56220461891744
2026-03-04,26.526172272615224,24.658694351457765,23.139932452694207,2.8728591770085363,0.6816636487716246,2.3355754253963097,32.15697625955195,25.99475510305015,27.717660286470974,20.895368285678494,23.32263359986538,18.56220461891744
2026-03-05,26.526172272615224,24.658694351457765,23.139932452694207,2.8728591770085363,0.6816636487716246,2.3355754253963097,32.15697625955195,25.99475510305015,27.717660286470974,20.895368285678494,23.32263359986538,18.56220461891744
2026-03-06,26.526172272615224,24.65869435145777,23.13993245269421,2.8728591770085368,0.6816636487716247,2.33557542539631,32.15697625955195,25.994755103050153,27.71766028647098,20.895368285678494,23.322633599865384,18.56220461891744
2026-03-07,26.526172272615224,24.65869435145777,23.13993245269421,2.8728591770085363,0.6816636487716247,2.33557542539631,32.15697625955195,25.994755103050153,27.71766028647098,20.895368285678494,23.322633599865384,18.56220461891744
2026-03-08,26.52617227261522,24.658694351457765,23.139932452694207,2.8728591770085363,0.6816636487716246,2.3355754253963097,32.15697625955195,25.99475510305015,27.717660286470974,20.89536828567849,23.32263359986538,18.56220461891744
2026-03-09,26.526172272615224,24.658694351457765,23.139932452694207,2.8728591770085363,0.6816636487716246,2.3355754253963097,32.15697625955195,25.99475510305015,27.717660286470974,20.895368285678494,23.32263359986538,18.56220461891744
2026-03-10,26.526172272615227,24.65869435145777,23.13993245269421,2.872859177008536,0.6816636487716246,2.3355754253963097,32.15697625955195,25.994755103050153,27.717660286470977,20.895368285678497,23.322633599865384,18.562204618917445
2026-03-11,26.52617227261522,24.658694351457765,23.139932452694207,2.8728591770085363,0.6816636487716247,2.33557542539631,32.15697625955195,25.99475510305015,27.717660286470974,20.89536828567849,23.32263359986538,18.56220461891744
2026-03-12,26.526172272615224,24.65869435145777,23.13993245269421,2.8728591770085354,0.6816636487716244,2.3355754253963092,32.15697625955195,25.994755103050153,27.717660286470977,20.895368285678494,23.322633599865384,18.562204618917445
2026-03-13,26.526172272615224,24.65869435145777,23.13993245269421,2.8728591770085363,0.6816636487716246,2.3355754253963097,32.15697625955195,25.994755103050153,27.717660286470977,20.895368285678494,23.322633599865384,18.562204618917445
2026-03-14,26.52617227261522,24.658694351457765,23.139932452694207,2.8728591770085363,0.6816636487716247,2.33557542539631,32.15697625955195,25.99475510305015,27.717660286470974,20.89536828567849,23.32263359986538,18.56220461891744
2026-03-15,26.526172272615224,24.658694351457765,23.139932452694207,2.872859177008536,0.6816636487716244,2.3355754253963097,32.15697625955195,25.99475510305015,27.717660286470974,20.895368285678494,23.32263359986538,18.56220461891744
2026-03-16,26.526172272615227,24.65869435145777,23.13993245269421,2.8728591770085363,0.6816636487716246,2.33557542539631,32.15697625955196,25.994755103050153,27.71766028647098,20.895368285678497,23.322633599865384,18.56220461891744
2026-03-17,26.52617227261522,24.658694351457765,23.139932452694207,2.8728591770085363,0.6816636487716247,2.33557542539631,32.15697625955195,25.99475510305015,27.717660286470974,20.89536828567849,23.32263359986538,18.56220461891744
2026-03-18,26.52617227261522,24.658694351457765,23.139932452694207,2.8728591770085363,0.6816636487716246,2.3355754253963097,32.15697625955195,25.99475510305015,27.717660286470974,20.89536828567849,23.32263359986538,18.56220461891744
2026-03-19,26.526172272615224,24.658694351457765,23.139932452694207,2.8728591770085363,0.6816636487716246,2.3355754253963097,32.15697625955195,25.99475510305015,27.717660286470974,20.895368285678494,23.32263359986538,18.56220461891744
2026-03-20,26.526172272615224,24.65869435145777,23.13993245269421,2.8728591770085354,0.6816636487716244,2.3355754253963092,32.15697625955195,25.994755103050153,27.717660286470977,20.895368285678494,23.322633599865384,18.562204618917445
2026-03-21,26.52617227261522,24.658694351457765,23.139932452694207,2.8728591770085363,0.6816636487716246,2.3355754253963097,32.15697625955195,25.99475510305015,27.717660286470974,20.89536828567849,23.32263359986538,18.56220461891744
2026-03-22,23.662988117872054,29.284887467446662,24.974086547480052,1.199801152522811,1.4120359751571847,0.8733633183786857,26.014598376816764,32.052477978754744,26.685878651502275,21.311377858927344,26.51729695613858,23.26229444345783
2026-03-23,23.662988117872054,29.284887467446666,24.974086547480056,1.199801152522811,1.4120359751571847,0.8733633183786856,26.014598376816764,32.052477978754744,26.68587865150228,21.311377858927344,26.517296956138583,23.262294443457833
2026-03-24,23.662988117872054,29.284887467446666,24.974086547480056,1.1998011525228112,1.4120359751571847,0.8733633183786859,26.014598376816764,32.052477978754744,26.68587865150228,21.311377858927344,26.517296956138583,23.262294443457833
2026-03-25,23.662988117872054,29.284887467446666,24.974086547480056,1.1998011525228107,1.4120359751571845,0.8733633183786857,26.014598376816764,32.052477978754744,26.68587865150228,21.311377858927344,26.517296956138583,23.262294443457833
2026-03-26,23.662988117872054,29.284887467446666,24.974086547480056,1.199801152522811,1.4120359751571847,0.8733633183786857,26.014598376816764,32.052477978754744,26.68587865150228,21.311377858927344,26.517296956138583,23.262294443457833
2026-03-27,23.662988117872054,29.284887467446662,24.974086547480052,1.199801152522811,1.4120359751571847,0.8733633183786857,26.014598376816764,32.052477978754744,26.685878651502275,21.311377858927344,26.51729695613858,23.26229444345783
2026-03-28,23.662988117872054,29.284887467446666,24.974086547480056,1.199801152522811,1.4120359751571847,0.8733633183786856,26.014598376816764,32.052477978754744,26.68587865150228,21.311377858927344,26.517296956138583,23.262294443457833
2026-03-29,23.662988117872054,29.284887467446666,24.974086547480056,1.199801152522811,1.4120359751571845,0.8733633183786857,26.014598376816764,32.052477978754744,26.68587865150228,21.311377858927344,26.517296956138583,23.262294443457833
2026-03-30,23.662988117872054,29.284887467446662,24.974086547480052,1.199801152522811,1.4120359751571845,0.8733633183786857,26.014598376816764,32.052477978754744,26.685878651502275,21.311377858927344,26.51729695613858,23.26229444345783
2026-03-31,23.662988117872054,29.284887467446666,24.974086547480056,1.199801152522811,1.4120359751571847,0.8733633183786855,26.014598376816764,32.052477978754744,26.68587865150228,21.311377858927344,26.517296956138583,23.262294443457833
2026-04-01,23.662988117872054,29.284887467446666,24.974086547480056,1.199801152522811,1.4120359751571847,0.8733633183786857,26.014598376816764,32.052477978754744,26.68587865150228,21.311377858927344,26.517296956138583,23.262294443457833
2026-04-02,23.662988117872054,29.284887467446666,24.974086547480056,1.1998011525228107,1.4120359751571845,0.8733633183786855,26.014598376816764,32.052477978754744,26.68587865150228,21.311377858927344,26.517296956138583,23.262294443457833
2026-04-03,23.662988117872054,29.284887467446666,24.974086547480056,1.1998011525228107,1.4120359751571845,0.8733633183786857,26.014598376816764,32.052477978754744,26.68587865150228,21.311377858927344,26.517296956138583,23.262294443457833
2026-04-04,23.662988117872054,29.284887467446662,24.974086547480052,1.199801152522811,1.4120359751571847,0.8733633183786857,26.014598376816764,32.052477978754744,26.685878651502275,21.311377858927344,26.51729695613858,23.26229444345783
2026-04-05,23.662988117872054,29.284887467446666,24.974086547480056,1.1998011525228107,1.4120359751571847,0.8733633183786856,26.014598376816764,32.052477978754744,26.68587865150228,21.311377858927344,26.517296956138583,23.262294443457833
2026-04-06,23.662988117872054,29.284887467446666,24.974086547480056,1.1998011525228107,1.4120359751571845,0.8733633183786857,26.014598376816764,32.052477978754744,26.68587865150228,21.311377858927344,26.517296956138583,23.262294443457833
2026-04-07,23.662988117872054,29.284887467446666,24.974086547480056,1.1998011525228112,1.4120359751571847,0.873363318378686,26.014598376816764,32.052477978754744,26.68587865150228,21.311377858927344,26.517296956138583,23.262294443457833
2026-04-08,23.19895309779265,22.813601736607556,22.350302886259264,0.4300554457733085,2.3231980132854866,0.9669789734794032,24.041861771508334,27.36706984264711,24.245581674278895,22.356044424076966,18.260133630568003,20.455024098239633
2026-04-09,23.198953097792653,22.813601736607563,22.350302886259264,0.4300554457733085,2.3231980132854866,0.9669789734794033,24.041861771508337,27.367069842647116,24.245581674278895,22.35604442407697,18.26013363056801,20.455024098239633
2026-04-10,23.19895309779265,22.813601736607556,22.350302886259264,0.43005544577330845,2.3231980132854866,0.9669789734794032,24.041861771508334,27.36706984264711,24.245581674278895,22.356044424076966,18.260133630568003,20.455024098239633
2026-04-11,23.198953097792653,22.81360173660756,22.35030288625926,0.43005544577330845,2.3231980132854866,0.9669789734794031,24.041861771508337,27.367069842647112,24.245581674278892,22.35604442407697,18.260133630568006,20.45502409823963
2026-04-12,23.198953097792653,22.81360173660756,22.35030288625926,0.4300554457733085,2.3231980132854866,0.9669789734794032,24.041861771508337,27.367069842647112,24.245581674278892,22.35604442407697,18.260133630568006,20.45502409823963
2026-04-13,15.862272362349263,23.367233016010147,23.640318418081776,3.793828518299291,1.1036241389082424,0.7986697583018493,23.29817625821587,25.5303363282703,25.2057111443534,8.426368466482653,21.20412970374999,22.07492569181015
2026-04-14,15.862272362349263,23.36723301601015,23.64031841808178,3.793828518299291,1.1036241389082426,0.7986697583018493,23.29817625821587,25.530336328270305,25.205711144353405,8.426368466482653,21.204129703749995,22.074925691810154
2026-04-15,15.862272362349263,23.36723301601015,23.64031841808178,3.793828518299291,1.1036241389082426,0.7986697583018493,23.29817625821587,25.530336328270305,25.205711144353405,8.426368466482653,21.204129703749995,22.074925691810154
2026-04-16,15.862272362349263,23.367233016010147,23.64031841808178,3.7938285182992915,1.1036241389082426,0.7986697583018493,23.298176258215875,25.5303363282703,25.205711144353405,8.426368466482652,21.20412970374999,22.074925691810154
2026-04-17,15.86227236234926,23.367233016010147,23.640318418081776,3.793828518299291,1.1036241389082424,0.7986697583018493,23.29817625821587,25.5303363282703,25.2057111443534,8.42636846648265,21.20412970374999,22.07492569181015
2026-04-18,15.862272362349263,23.367233016010147,23.640318418081776,3.793828518299291,1.1036241389082424,0.7986697583018493,23.29817625821587,25.5303363282703,25.2057111443534,8.426368466482653,21.20412970374999,22.07492569181015
2026-04-19,19.731603759430882,20.098911608890404,23.298688047960038,4.834323708536645,3.4649717055814566,0.6732842325057645,29.206878228162708,26.89025615183006,24.618325143671335,10.256329290699059,13.30756706595075,21.97905095224874
2026-04-20,19.731603759430886,20.098911608890408,23.29868804796004,4.834323708536645,3.4649717055814566,0.6732842325057646,29.206878228162708,26.890256151830062,24.618325143671342,10.256329290699062,13.307567065950753,21.97905095224874
2026-04-21,19.731603759430882,20.098911608890404,23.298688047960038,4.834323708536645,3.4649717055814566,0.6732842325057645,29.206878228162708,26.89025615183006,24.618325143671335,10.256329290699059,13.30756706595075,21.97905095224874
2026-04-22,19.731603759430882,20.098911608890404,23.298688047960038,4.834323708536645,3.4649717055814566,0.6732842325057645,29.206878228162708,26.89025615183006,24.618325143671335,10.256329290699059,13.30756706595075,21.97905095224874
2026-04-23,19.731603759430882,20.098911608890404,23.298688047960038,4.834323708536645,3.4649717055814566,0.6732842325057645,29.206878228162708,26.89025615183006,24.618325143671335,10.256329290699059,13.30756706595075,21.97905095224874
2026-04-24,19.731603759430886,20.098911608890408,23.29868804796004,4.834323708536645,3.4649717055814566,0.6732842325057646,29.206878228162708,26.890256151830062,24.618325143671342,10.256329290699062,13.307567065950753,21.97905095224874
2026-04-25,19.731603759430886,20.098911608890404,23.298688047960038,4.834323708536645,3.4649717055814566,0.6732842325057645,29.206878228162708,26.89025615183006,24.618325143671335,10.256329290699062,13.30756706595075,21.97905095224874
2026-04-26,19.731603759430882,20.098911608890404,23.298688047960038,4.834323708536645,3.4649717055814566,0.6732842325057645,29.206878228162708,26.89025615183006,24.618325143671335,10.256329290699059,13.30756706595075,21.97905095224874
2026-04-27,19.731603759430886,20.098911608890404,23.29868804796004,4.834323708536645,3.4649717055814566,0.6732842325057645,29.206878228162708,26.89025615183006,24.61832514367134,10.256329290699062,13.30756706595075,21.979050952248745
2026-04-28,19.731603759430886,20.098911608890408,23.29868804796004,4.834323708536645,3.4649717055814566,0.6732842325057646,29.206878228162708,26.890256151830062,24.618325143671342,10.256329290699062,13.307567065950753,21.97905095224874
2026-04-29,19.731603759430882,20.098911608890404,23.298688047960038,4.834323708536645,3.4649717055814566,0.6732842325057645,29.206878228162708,26.89025615183006,24.618325143671335,10.256329290699059,13.30756706595075,21.97905095224874
2026-04-30,19.731603759430886,20.098911608890404,23.29868804796004,4.834323708536645,3.4649717055814566,0.6732842325057645,29.206878228162708,26.89025615183006,24.61832514367134,10.256329290699062,13.30756706595075,21.979050952248745
