end_date,approve,disapprove,net,approve_std,disapprove_std,net_std,approve_lower_ci,approve_upper_ci,disapprove_lower_ci,disapprove_upper_ci,net_lower_ci,net_upper_ci
2025-01-21,48.289420490754516,42.39956025981846,5.889860230936062,0.7739633320753655,4.057020681704783,4.380297022139318,46.7724523598868,49.80638862162223,34.447799723677086,50.35132079595983,-2.695521932457,14.475242394329124
2025-01-22,48.289420490754516,42.39956025981846,5.889860230936062,0.7739633320753655,4.057020681704783,4.380297022139318,46.7724523598868,49.80638862162223,34.447799723677086,50.35132079595983,-2.695521932457,14.475242394329124
2025-01-23,50.00053544172197,45.72908315850355,4.2714522832184265,1.4312718747916675,3.945209876676076,4.142695528133442,47.19524256713031,52.80582831631364,37.996471800218444,53.461694516788654,-3.848230951923119,12.391135518359972
2025-01-24,50.00904194160961,45.44817630206772,4.56086563954189,1.2263209129785717,3.374603375909439,3.5285680100611003,47.60545295217161,52.41263093104761,38.83395368528522,52.06239891885022,-2.3551276601778666,11.476858939261646
2025-01-25,50.00904194160961,45.44817630206772,4.560865639541891,1.2263209129785717,3.374603375909439,3.5285680100611008,47.60545295217161,52.41263093104761,38.83395368528522,52.06239891885022,-2.3551276601778666,11.47685893926165
2025-01-26,49.73864830570486,45.57690591249206,4.161742393212799,1.3612035147318853,2.838687386679826,3.007418235081913,47.07068941683036,52.40660719457935,40.0130786345996,51.140733190384516,-1.7327973475477503,10.056282133973347
2025-01-27,49.605272710672956,44.20412278160856,5.401149929064395,1.2394534850857064,3.1943908980496043,3.224571448773975,47.17594387990497,52.03460154144094,37.94311662143134,50.465128941785785,-0.9190101105325956,11.721309968661387
2025-01-28,49.43050726903469,44.185355054291755,5.245152214742937,1.6278861660510888,2.913086017141572,2.9576843948508276,46.239850383574556,52.62116415449483,38.475706460694276,49.89500364788923,-0.551909199164685,11.04221362865056
2025-01-29,49.43050726903469,44.185355054291755,5.245152214742937,1.6278861660510888,2.9130860171415724,2.9576843948508276,46.239850383574556,52.62116415449483,38.47570646069427,49.89500364788924,-0.551909199164685,11.04221362865056
2025-01-30,49.43050726903469,44.185355054291755,5.245152214742937,1.6278861660510888,2.9130860171415724,2.9576843948508276,46.239850383574556,52.62116415449483,38.47570646069427,49.89500364788924,-0.551909199164685,11.04221362865056
2025-01-31,49.189716359282585,44.69710647574052,4.4926098835420705,1.5692470965941758,3.0373627787604343,3.288831463928914,46.113992049958,52.26544066860717,38.743875429370064,50.65033752211097,-1.9534997857586012,10.938719552842741
2025-02-01,49.11241618955204,44.82618515530159,4.28623103425046,1.5717762508037851,3.0229108508732647,3.3446056069891164,46.03173473797663,52.19309764112746,38.901279887589986,50.75109042301319,-2.2691959554482075,10.841658023949128
2025-02-02,49.4365052156476,45.36168927397198,4.074815941675614,1.5293244147521041,2.8761219237380007,2.997545274830263,46.43902936273348,52.43398106856172,39.7244903034455,50.99888824449847,-1.8003727969917014,9.950004680342929
2025-02-03,49.25467303265836,45.75539906796189,3.499273964696475,1.5687609167402967,2.8227525860016827,3.1708901696007707,46.17990163584738,52.32944442946934,40.22280399939859,51.287994136525185,-2.715670767721036,9.714218697113985
2025-02-04,49.02207030610052,45.58962983184992,3.4324404742505967,1.6679596693272323,2.7781783904807673,3.007049728864833,45.75286935421914,52.29127125798189,40.14440018650762,51.03485947719222,-2.4613769943244757,9.32625794282567
2025-02-05,49.10066398027756,46.48181659186843,2.6188473884091317,1.476961462827178,3.0185230664578055,3.1986424946109326,46.20581951313629,51.99550844741883,40.56551138161113,52.39812180212573,-3.6504919010282966,8.88818667784656
2025-02-06,48.6063236015036,46.640525407004255,1.9657981944993475,1.7936051503225752,2.992181895695314,3.485173337743126,45.09085750687135,52.12178969613584,40.77584889144144,52.50520192256707,-4.8651415474771795,8.796737936475875
2025-02-07,49.21341650562032,46.59324262875462,2.6201738768656986,2.3661987566023477,2.8134368451149094,3.731409825179475,44.575666942679725,53.85116606856092,41.0789064123294,52.107578845179845,-4.693389380486073,9.93373713421747
2025-02-08,49.21341650562032,46.59324262875462,2.620173876865698,2.3661987566023472,2.8134368451149094,3.731409825179475,44.575666942679725,53.85116606856092,41.0789064123294,52.107578845179845,-4.693389380486073,9.93373713421747
2025-02-09,49.14759909586052,46.790428124456334,2.357170971404187,2.328156043961241,2.8343401377641073,3.773202942583133,44.58441324969649,53.71078494202455,41.23512145443868,52.345734794473984,-5.0383067960587535,9.752648738867126
2025-02-10,49.14759909586053,46.79042812445634,2.357170971404187,2.328156043961241,2.8343401377641073,3.7732029425831333,44.584413249696496,53.71078494202456,41.23512145443869,52.34573479447399,-5.0383067960587535,9.752648738867128
2025-02-11,48.6540495276138,46.214675364009416,2.439374163604383,2.411092894675313,3.2438389917064976,3.6627690130945942,43.928307454050184,53.379791601177416,39.85675094026468,52.57259978775415,-4.7396531020610215,9.618401429269788
2025-02-12,48.66504883948472,46.23098705254971,2.434061786935015,2.398527075409786,3.226989147204208,3.639640066776414,43.96393577168154,53.366161907287896,39.90608832402946,52.555885781069954,-4.699632743946756,9.567756317816787
2025-02-13,48.906118940317945,46.364161688186044,2.541957252131902,2.3514675451110105,3.051210989517963,3.433624826273685,44.29724255190037,53.51499532873552,40.38378814873084,52.34453522764125,-4.18794740736452,9.271861911628324
2025-02-14,49.009617057198724,46.523967796327625,2.4856492608711,2.243847955365284,2.949510303308206,3.241959306765971,44.61167506468277,53.40755904971468,40.74292760184354,52.30500799081171,-3.8685909803902025,8.839889502132403
2025-02-15,48.96443543334351,46.51308919931002,2.451346234033492,2.1267965524269234,2.7904495463420487,3.068562500752642,44.79591419058674,53.13295667610028,41.04380808847961,51.98237031014044,-3.563036267441686,8.46572873550867
2025-02-16,48.854006909053325,46.835446467364925,2.0185604416884027,1.8352090853271221,2.4383174623322184,2.788807138743174,45.25699710181217,52.45101671629448,42.05634424119378,51.61454869353607,-3.447501550248219,7.484622433625024
2025-02-17,48.18239081383067,47.01436732288455,1.168023490946119,1.9673450943819704,2.1742288702779087,2.6633590723625207,44.32639442884201,52.038387198819336,42.75287873713985,51.275855908629254,-4.052160290884421,6.3882072727766595
2025-02-18,47.93247664665324,47.293402331459355,0.6390743151938885,1.9153187709599728,2.308046994033209,3.073705537807317,44.178451855571694,51.68650143773479,42.769630223154266,51.81717443976444,-5.385388538908452,6.663537169296229
2025-02-19,47.944009811830476,47.31982061784894,0.624189193981541,1.9090971346519727,2.311324597157003,3.061776470922229,44.20217942791261,51.68584019574834,42.789624407421215,51.850016828276665,-5.376892689026027,6.62527107698911
2025-02-20,47.94419042955052,47.27257792115986,0.6716125083906613,1.7540900880359636,2.341966386859648,3.1148820829406056,44.50617385700003,51.382207002101005,42.68232380291495,51.862832039404765,-5.433556374172925,6.776781390954248
2025-02-21,47.94171310755168,47.37565128694147,0.5660618206102099,1.6979563928514447,2.310227878707803,3.0467761844644796,44.61371857756285,51.269707637540506,42.84760464467418,51.90369792920876,-5.405619500940171,6.53774314216059
2025-02-22,47.941713107551685,47.375651286941476,0.5660618206102099,1.6979563928514447,2.310227878707803,3.04677618446448,44.61371857756285,51.26970763754052,42.847604644674185,51.90369792920877,-5.405619500940171,6.537743142160592
2025-02-23,47.90136831064273,47.37075203442399,0.5306162762187417,1.7027789070482509,2.2761412445420963,3.0157912677643255,44.56392165282816,51.238814968457305,42.90951519512148,51.831988873726495,-5.380334608599337,6.4415671610368195
2025-02-24,47.886511399374896,46.9374411842781,0.9490702150967927,1.585148257783823,2.763513899241671,3.300910460264045,44.7796208141186,50.99340198463119,41.520953941764425,52.353928426791775,-5.520714287020736,7.418854717214321
2025-02-25,47.524854325350105,46.54270350421336,0.9821508211367449,2.1588842607424095,2.865327891137232,3.2391078892397345,43.29344117429498,51.75626747640523,40.92666083758438,52.158746170842335,-5.3665006417731345,7.330802284046625
2025-02-26,47.369583299385816,46.70546499878584,0.6641183005999735,2.0684294706411888,2.7203112543636045,3.1548712114303465,43.315461536929085,51.42370506184255,41.37365494023318,52.037275057338505,-5.519429273803506,6.847665875003453
2025-02-27,47.738143388101264,47.15915707359179,0.5789863145094707,2.1278785212862212,2.766031963362294,2.935493721400031,43.56750148638027,51.908785289822255,41.7377344254017,52.58057972178189,-5.17458137943459,6.332554008453531
2025-02-28,48.17542855517089,47.424570012780336,0.7508585423905515,2.321613779601326,2.643213842670107,2.9358344973562134,43.62506554715229,52.72579156318949,42.243870881146925,52.60526914441375,-5.003377072427627,6.505094157208729
2025-03-01,48.107697796344056,47.47303222241254,0.6346655739315139,2.284927871382969,2.587746342289791,2.9104453297740145,43.629239168433436,52.586156424254675,42.40104939152455,52.54501505330053,-5.069807272425554,6.339138420288582
2025-03-02,48.17491842360914,47.77623570130045,0.3986827223086873,2.2128917558911816,2.570194811142727,2.853616040712521,43.83765058206242,52.51218626515586,42.738653871460706,52.813817531140195,-5.194404717487854,5.991770162105229
2025-03-03,48.03136763209446,47.86105951524649,0.17030811684796657,2.1872060224879495,2.6462777016260195,2.8790632567765546,43.74444382801808,52.31829143617084,42.67435522005949,53.04776381043349,-5.4726558664340805,5.813272100130013
2025-03-04,48.00638708101134,47.785178311393366,0.22120876961796804,2.138292967715859,2.609209703337929,2.90163419784746,43.81533286428826,52.19744129773442,42.671127292851025,52.89922932993571,-5.465994258163053,5.90841179739899
2025-03-05,47.870666970315256,47.991259693492715,-0.12059272317746074,2.0048780435589575,2.568335492351435,2.8581629249956717,43.9411060049397,51.80022793569081,42.9573221284839,53.02519725850153,-5.722592056168977,5.481406609814056
2025-03-06,47.870666970315256,47.991259693492715,-0.12059272317746067,2.0048780435589575,2.568335492351435,2.8581629249956717,43.9411060049397,51.80022793569081,42.9573221284839,53.02519725850153,-5.722592056168977,5.481406609814056
2025-03-07,47.8841423722597,48.04546751472322,-0.16132514246351587,1.991158448491042,2.5816996636339136,2.852237359872239,43.98147181321726,51.786812931302144,42.98533617400075,53.10559885544569,-5.7517103678131045,5.429060082886072
2025-03-08,47.8841423722597,48.04546751472322,-0.16132514246351579,1.9911584484910418,2.5816996636339136,2.852237359872239,43.98147181321726,51.786812931302144,42.98533617400075,53.10559885544569,-5.751710367813104,5.429060082886073
2025-03-09,47.865310711468666,48.24359748814287,-0.378286776674202,1.8604457911745171,2.4999172483948553,2.7833483260444787,44.21883696076661,51.51178446217072,43.34375968128895,53.143435294996785,-5.833649495721381,5.077075942372976
2025-03-10,47.290222622305826,48.496786484845785,-1.2065638625399542,2.1812878062313037,2.420310397619566,3.241689428706486,43.01489852209247,51.56554672251918,43.75297810551144,53.24059486418013,-7.560275142804667,5.147147417724758
2025-03-11,47.22183992479935,48.658297960795956,-1.436458035996607,2.0508033139730144,2.4798956901736435,3.296905477069347,43.202265429412236,51.24141442018646,43.79770240805561,53.5188935135363,-7.898392771052526,5.025476699059313
2025-03-12,47.6470668748936,48.611077871016626,-0.9640109961230182,2.4379050661635624,2.336911658233614,3.634392682228013,42.868772945213024,52.42536080457418,44.03073102087874,53.19142472115451,-8.087420653289923,6.159398661043887
2025-03-13,47.74757437988237,48.689814610649194,-0.9422402307668174,2.2788893121042766,2.168225059140978,3.369724637610718,43.28095132815799,52.214197431606756,44.44009349473288,52.93953572656551,-7.546900520483825,5.6624200589501905
2025-03-14,47.615759250840334,48.791762942200336,-1.1760036913599938,2.245632988725016,2.1185183872956594,3.349626495833925,43.2143185929393,52.01719990874137,44.639466903100846,52.944058981299825,-7.7412716231944865,5.389264240474499
2025-03-15,47.615759250840334,48.79176294220033,-1.1760036913599936,2.245632988725016,2.1185183872956594,3.3496264958339244,43.2143185929393,52.01719990874137,44.63946690310084,52.94405898129982,-7.741271623194486,5.389264240474498
2025-03-16,47.40150902512182,49.04309127351552,-1.6415822483937046,2.187421965538187,2.12185340243597,3.399543699101284,43.11416197266697,51.688856077576666,44.88425860474102,53.20192394229002,-8.30468789863222,5.021523401844812
2025-03-17,47.45270420691085,49.3104985820882,-1.857794375177347,2.018225791410379,2.0706091057726335,3.1510622640212755,43.49698165574651,51.408426758075194,45.25210473477384,53.368892429402564,-8.033876412659046,4.3182876623043525
2025-03-18,47.39483812972074,49.35957515263496,-1.9647370229142198,1.9533398991642086,1.9507679184228126,2.990225594632704,43.56629192735889,51.22338433208259,45.53607003252625,53.18308027274367,-7.82557918839432,3.89610514256588
2025-03-19,47.385552769144496,49.534470894169885,-2.148918125025387,1.8641940431053579,1.9566013411091856,2.9507789103037183,43.73173244465799,51.039373093631,45.699532265595884,53.36940952274389,-7.932444789220675,3.6346085391699003
2025-03-20,47.22889370876846,49.668231260212636,-2.4393375514441757,1.8150970243644744,1.9441315311325988,3.0462954873222228,43.67130354101409,50.78648387652283,45.857733459192744,53.47872906123253,-8.410076706595731,3.5314016037073808
2025-03-21,47.22889370876845,49.66823126021263,-2.4393375514441753,1.8150970243644744,1.9441315311325986,3.0462954873222223,43.67130354101408,50.78648387652282,45.85773345919274,53.47872906123252,-8.410076706595731,3.5314016037073803
2025-03-22,47.22889370876845,49.66823126021263,-2.4393375514441757,1.8150970243644744,1.9441315311325986,3.0462954873222228,43.67130354101408,50.78648387652282,45.85773345919274,53.47872906123252,-8.410076706595731,3.5314016037073808
2025-03-23,47.06606896069958,49.94612150819962,-2.8800525475000387,1.7274816365740586,1.965492876649227,3.0820011980200333,43.680204953014425,50.45193296838474,46.093755469967135,53.7984875464321,-8.920774895619303,3.160669800619226
2025-03-24,46.834886003318935,49.91028345873081,-3.0753974554118786,1.7609804752783864,1.8752491664879674,2.9512670728337485,43.383364271773296,50.286407734864575,46.234795092414394,53.585771825047225,-8.859880918166025,2.7090860073422682
2025-03-25,46.94571653197539,49.65481756710208,-2.7091010351266864,1.7697223573143515,2.115726441432426,3.246901518363828,43.47706071163926,50.414372352311524,45.50799374189452,53.801641392309634,-9.07302801111979,3.654825940866417
2025-03-26,46.94571653197539,49.65481756710208,-2.7091010351266864,1.7697223573143515,2.115726441432426,3.246901518363828,43.47706071163926,50.414372352311524,45.50799374189452,53.801641392309634,-9.07302801111979,3.654825940866417
2025-03-27,46.416018767203134,49.95777943886244,-3.541760671659302,2.029693438538033,2.0672508006303105,3.1881230317296065,42.43781962766859,50.39421790673768,45.90596786962703,54.00959100809785,-9.79048181384933,2.7069604705307264
2025-03-28,46.8947879934854,49.88996954686855,-2.9951815533831483,2.290905498885831,1.915983831472859,3.3148517466935745,42.40461321566917,51.38496277130163,46.13464123718175,53.64529785655535,-9.492290976902554,3.501927870136258
2025-03-29,46.8947879934854,49.88996954686855,-2.995181553383148,2.290905498885831,1.915983831472859,3.314851746693574,42.40461321566917,51.38496277130163,46.13464123718175,53.64529785655535,-9.492290976902552,3.5019278701362575
2025-03-30,46.799643292076965,49.99173116297206,-3.192087870895091,2.279422382979547,1.9259566494035762,3.3583100965065067,42.33197542143705,51.26731116271688,46.216856130141046,53.76660619580307,-9.774375660047845,3.390199918257662
2025-03-31,46.799643292076965,49.99173116297206,-3.192087870895091,2.279422382979547,1.9259566494035762,3.3583100965065067,42.33197542143705,51.26731116271688,46.216856130141046,53.76660619580307,-9.774375660047845,3.390199918257662
2025-04-01,46.759338309922654,49.935381493769626,-3.176043183846971,2.1823842206085433,1.8792603522304148,3.233910664404883,42.48186523752991,51.0368113823154,46.25203120339801,53.61873178414124,-9.514508086080541,3.1624217183865997
2025-04-02,46.643626742797004,50.008381738418215,-3.364754995621208,2.1576350882360233,1.837690082597756,3.207285820910431,42.4146619698544,50.87259151573961,46.40650917652661,53.61025430030982,-9.651035204605652,2.9215252133632363
2025-04-03,46.492169405047036,50.16281294831037,-3.6706435432633295,1.9147217781710584,2.023264640231409,2.8607852241674734,42.73931471983176,50.24502409026231,46.197214253456806,54.12841164316393,-9.277782582631577,1.936495496104918
2025-04-04,46.492169405047036,50.16281294831037,-3.670643543263329,1.9147217781710584,2.023264640231409,2.8607852241674734,42.73931471983176,50.24502409026231,46.197214253456806,54.12841164316393,-9.277782582631577,1.9364954961049183
2025-04-05,46.492169405047036,50.16281294831037,-3.6706435432633295,1.9147217781710584,2.023264640231409,2.8607852241674734,42.73931471983176,50.24502409026231,46.197214253456806,54.12841164316393,-9.277782582631577,1.936495496104918
2025-04-06,46.33344830167194,50.40341676039858,-4.069968458726635,1.9642318597720856,2.1857789943449863,3.202318352855156,42.483553856518654,50.18334274682523,46.119289931482406,54.68754358931475,-10.34651243032274,2.2065755128694713
2025-04-07,45.61519927213188,50.55562047879765,-4.94042120666577,2.028149521949491,2.0497859485067313,3.262963148018734,41.64002620911088,49.590372335152885,46.538040019724455,54.573200937870844,-11.335828976782489,1.4549865634509498
2025-04-08,45.49256295454798,50.55255060331201,-5.059987648764027,2.015293321824785,1.9782276767534404,3.1685848795718057,41.5425880437714,49.44253786532455,46.67522435687526,54.42987684974875,-11.270414012724766,1.150438715196712
2025-04-09,45.48868126623396,50.493892850289164,-5.005211584055199,1.95206439221568,1.9485531327331544,3.1096385270973195,41.66263505749123,49.31472747497669,46.67472871013218,54.31305699044615,-11.100103097165945,1.0896799290555474
2025-04-10,44.78062965773951,50.88546623557365,-6.104836577834141,2.1649123706977464,1.9756736545623026,3.508572716355222,40.53740141117193,49.02385790430709,47.01314587263154,54.757786598515764,-12.981639101890377,0.7719659462220934
2025-04-11,44.971773325616276,51.005286543615,-6.033513217998722,2.178814178286499,1.9320879778367124,3.344945760173479,40.701297536174735,49.24224911505782,47.21839410705505,54.79217898017495,-12.589606907938741,0.5225804719412963
2025-04-12,44.90692832454388,50.912479847288594,-6.005551522744718,2.2075714688968637,2.026192366821563,3.319009036799247,40.580088245506026,49.23376840358173,46.94114280831833,54.883816886258856,-12.510809234871243,0.499706189381806
2025-04-13,44.51573499668019,51.685060990549694,-7.169325993869506,2.06681987658761,2.3386193834582714,3.5987666184094675,40.46476803856847,48.5667019547919,47.101366998971486,56.2687549821279,-14.222908565952062,-0.1157434217869504
2025-04-14,44.82446307972188,51.51450262574529,-6.690039546023403,1.8540572320041098,2.3044564084183174,3.2975059172638925,41.19051090499383,48.45841525444993,46.99776806524538,56.03123718624519,-13.153151143860633,-0.2269279481861739
2025-04-15,44.784289992796126,51.5746271671599,-6.790337174363777,1.8380341425076097,2.2347429216897328,3.1847662786649305,41.18174307348121,48.38683691211104,47.19453104064803,55.954723293671776,-13.032479080547041,-0.5481952681805131
2025-04-16,44.784289992796126,51.574627167159896,-6.790337174363777,1.8380341425076097,2.2347429216897328,3.1847662786649305,41.18174307348121,48.38683691211104,47.194531040648016,55.954723293671776,-13.032479080547041,-0.5481952681805131
2025-04-17,44.59143765194483,51.234480587330154,-6.643042935385318,1.925811232992505,2.5246323838807707,3.1325691705227032,40.81684763527952,48.36602766861014,46.28620111492384,56.18276005973647,-12.782878509609816,-0.5032073611608201
2025-04-18,44.291162105472544,51.66492832608513,-7.373766220612585,2.0051512329466417,2.6745066005994413,3.6065284136385167,40.36106568889713,48.22125852204796,46.42289538891023,56.90696126326004,-14.442561911344079,-0.30497052988109186
2025-04-19,44.32707987992437,51.68807725628722,-7.360997376362852,2.0112425399170397,2.6610052843721412,3.5808309251141504,40.38504450168697,48.26911525816177,46.47250689891783,56.90364761365662,-14.379425989586586,-0.3425687631391181
2025-04-20,44.480983668775586,51.75674208090322,-7.275758412127636,1.9929367007258285,2.647807117475682,3.5933953139100936,40.57482773535296,48.38713960219821,46.56704013065089,56.94644403115556,-14.31881322739142,-0.23270359686385245
2025-04-21,44.33083746121062,52.02525657711907,-7.694419115908457,1.8078340219649915,2.620395700479875,3.49614199542436,40.78748277815924,47.874192144262004,46.88928100417852,57.161232150059625,-14.546857426940203,-0.8419808048767115
2025-04-22,44.210227853016285,52.090308051805124,-7.880080198788838,1.8485593046845503,2.572012942262623,3.5084505996672255,40.58705161583457,47.833404090198,47.04916268497038,57.131453418639865,-14.756643374136601,-1.0035170234410762
2025-04-23,44.04094451427259,52.15107638543294,-8.11013187116035,1.83036149002819,2.3092192079121943,3.2843769561583422,40.45343599381734,47.62845303472784,47.625006737925034,56.67714603294084,-14.5475107052307,-1.6727530370899997
2025-04-24,43.953670490837716,52.38478319396915,-8.43111270313143,1.733509261099955,2.248278191825851,3.1949594412554894,40.555992339081804,47.35134864259363,47.97815793799048,56.791408449947816,-14.693233207992188,-2.1689921982706704
2025-04-25,43.8438245497605,52.53576219728491,-8.69193764752441,1.8291486771152599,2.1503502456379184,3.1058480044617434,40.25869314261459,47.42895595690641,48.32107571583459,56.75044867873523,-14.779399736269427,-2.6044755587793933
2025-04-26,43.84382454976049,52.5357621972849,-8.691937647524409,1.8291486771152599,2.1503502456379184,3.1058480044617434,40.25869314261458,47.4289559569064,48.32107571583458,56.750448678735225,-14.779399736269426,-2.6044755587793915
2025-04-27,43.836745380329546,52.76252019190834,-8.92577481157879,1.7438669513394478,2.2048685252145064,3.069251442429615,40.418766155704226,47.254724604954866,48.44097788248791,57.084062501328766,-14.941507638740836,-2.910041984416745
2025-04-28,43.40266974125901,52.44763301240641,-9.044963271147399,1.9819272404692605,2.236958442054739,3.0466532795085186,39.51809234993926,47.28724713257876,48.06319446597912,56.832071558833704,-15.016403698984096,-3.0735228433107027
2025-04-29,43.40266974125901,52.44763301240641,-9.044963271147399,1.9819272404692605,2.236958442054739,3.0466532795085186,39.51809234993926,47.28724713257876,48.06319446597912,56.832071558833704,-15.016403698984096,-3.0735228433107027
2025-04-30,43.43555981101988,52.48643710183735,-9.050877290817477,1.9566262602405586,2.209239559401866,2.9955874979670494,39.60057234094838,47.270547281091375,48.1563275654097,56.81654663826501,-14.922228786832893,-3.1795257948020597
2025-05-01,43.46941454183262,52.5212844527588,-9.051869910926177,1.8966313162881383,2.1411622380851543,2.896863801697956,39.75201716190787,47.18681192175737,48.324606466111895,56.7179624394057,-14.729722962254172,-3.374016859598183
2025-05-02,43.4036598721523,52.39534616185859,-8.991686289706287,1.814704751866307,2.0712455049387293,2.7583209284584655,39.84683855849434,46.960481185810266,48.33570497217868,56.4549873515385,-14.39799530948488,-3.5853772699276947
2025-05-03,43.30587167596414,52.32416905945827,-9.018297383494124,1.9445765333957217,2.1224577382509446,2.7418066096718494,39.49450167050853,47.117241681419756,48.164151892486416,56.484186226430126,-14.392238338450948,-3.644356428537299
2025-05-04,43.333078718656004,52.40429492856495,-9.071216209908947,1.903543408252737,2.104544860317767,2.685949631008031,39.60213363848064,47.06402379883137,48.279387002342126,56.529202854787776,-14.335677486684688,-3.806754933133206
2025-05-05,43.3322505788122,52.33573351267829,-9.003482933866088,1.8576213987715104,2.0455869418572417,2.6004300181725375,39.69131263722004,46.973188520404364,48.3263831066381,56.34508391871848,-14.100325769484261,-3.906640098247915
2025-05-06,43.29534484001394,52.37956098887461,-9.084216148860666,1.8554751523099724,2.0463155615084236,2.631992526967446,39.658613541486396,46.93207613854148,48.3687824883181,56.39033948943112,-14.242921501716861,-3.9255107960044713
2025-05-07,43.31328738372106,52.370142926929915,-9.0568555432088509,1.8532169228908868,2.036845620802633,2.6301535003372094,39.68098221485492,46.9455925525872,48.37792551015676,56.362360343703074,-14.211956403869781,-3.901754682547921
2025-05-08,43.366246989587026,52.11680542326549,-8.750558433678458,1.7102880649595116,2.1154760306622005,2.564777767713614,40.01408238226638,46.71841159690767,47.97047240316758,56.2631384433634,-13.777522858397141,-3.7235940089597754
2025-05-09,43.77200576153152,52.093695291337326,-8.321689529805806,1.9596632916783128,1.9496000640750732,2.6276175498478413,39.931065709842024,47.61294581322101,48.272479165750184,55.91491141692447,-13.471819927507575,-3.1715591321040364
2025-05-10,43.77200576153152,52.09369529133732,-8.321689529805804,1.9596632916783125,1.949600064075073,2.627617549847841,39.931065709842024,47.61294581322101,48.27247916575018,55.91491141692446,-13.471819927507571,-3.1715591321040355
2025-05-11,43.773615659305634,52.21323239032111,-8.43961673101548,1.9187155716884627,1.9502033359603757,2.596824060681118,40.01293313879625,47.53429817981502,48.39083385183877,56.03563092880345,-13.529391889950471,-3.3498415720804884
2025-05-12,43.87155920573095,52.25741197698996,-8.385852771259014,1.7744728718451088,1.8321325497883119,2.386938574278526,40.39359237691453,47.34952603454736,48.666432179404865,55.84839177457505,-13.064252376844925,-3.707453165673103
2025-05-13,44.07113886488892,52.02333776275176,-7.952198897862837,1.7868584996854682,1.8717062042788106,2.605705359102493,40.5688962055054,47.57338152427244,48.35479360236529,55.691881923138226,-13.059381401703723,-2.8450163940219504
2025-05-14,44.07113886488892,52.02333776275176,-7.952198897862837,1.786858499685468,1.8717062042788106,2.605705359102493,40.5688962055054,47.57338152427244,48.35479360236529,55.691881923138226,-13.059381401703723,-2.8450163940219504
2025-05-15,44.32920006590994,52.091784867499975,-7.7625848015900365,1.8099172682817384,1.7005420902810353,2.336689680921831,40.78176222007773,47.876637911742144,48.758722370549144,55.424847364450805,-12.342496576196826,-3.182673026983248
2025-05-16,44.37118971047037,51.833920284329345,-7.462730573858971,1.759610235573958,1.9956276022322887,2.5869354786851932,40.922353648745414,47.82002577219532,47.92249018395406,55.74535038470463,-12.53312411208195,-2.3923370356359923
2025-05-17,44.37118971047037,51.83392028432934,-7.462730573858971,1.759610235573958,1.9956276022322887,2.5869354786851932,40.922353648745414,47.82002577219532,47.922490183954054,55.74535038470462,-12.53312411208195,-2.3923370356359923
2025-05-18,44.48128603953841,51.68084595479248,-7.199559915254068,1.636074578192076,1.9408347905028112,2.532014726501615,41.27457986628194,47.68799221279488,47.876809765406975,55.48488214417799,-12.162308779197232,-2.2368110513109025
2025-05-19,44.69102271271613,51.6562774795779,-6.9652547668617695,1.5965089749323367,1.7863635239842763,2.287896715043326,41.561865121848754,47.82018030358351,48.15500497256872,55.157549986587085,-11.449532328346688,-2.480977205376851
2025-05-20,44.83350244658377,51.64040285483727,-6.806900408253499,1.5837021710272106,1.6936871802469835,2.1994013633564204,41.72944619137044,47.9375587017971,48.32077598155318,54.960029728121356,-11.117727080432083,-2.496073736074915
2025-05-21,44.66538084117088,51.94501999130425,-7.279639150133373,1.6041026790163857,1.887352421888265,2.585951669408191,41.521339590298766,47.80942209204299,48.24580924440325,55.64423073820525,-12.348104422173428,-2.2111738780933186
2025-05-22,44.66538084117088,51.94501999130426,-7.279639150133374,1.6041026790163857,1.8873524218882647,2.585951669408191,41.521339590298766,47.80942209204299,48.24580924440326,55.64423073820525,-12.348104422173428,-2.2111738780933194
2025-05-23,44.66538084117088,51.94501999130426,-7.279639150133374,1.6041026790163857,1.887352421888265,2.5859516694081917,41.521339590298766,47.80942209204299,48.245809244403254,55.64423073820526,-12.348104422173428,-2.2111738780933186
2025-05-24,44.66538084117088,51.94501999130426,-7.279639150133374,1.6041026790163857,1.887352421888265,2.5859516694081917,41.521339590298766,47.80942209204299,48.245809244403254,55.64423073820526,-12.348104422173428,-2.2111738780933186
2025-05-25,44.75242279952944,51.95790811070766,-7.205485311178222,1.577160884840782,1.818550262238496,2.5041234382371353,41.66118746524151,47.84365813381737,48.39354959672021,55.52226662469511,-12.113567250123008,-2.297403372233437
2025-05-26,44.76292711942181,51.903737157157785,-7.140810037735981,1.5060364874052714,1.748544309534119,2.4054492218485293,41.81109560410748,47.71475863473614,48.47659031047091,55.33088400384466,-11.855490512559097,-2.4261295629128634
2025-05-27,44.3011907896212,52.68171871429782,-8.380527924676619,1.5410076244400774,1.8322810511733365,2.6278582824732117,41.28081584571865,47.321565733523755,49.090447853998086,56.27298957459756,-13.531130158324114,-3.2299256910291234
2025-05-28,44.30114143852657,52.58853895958093,-8.287397521054357,1.4734229504087595,1.7781221435083991,2.5309256355375,41.4132324557254,47.18905042132774,49.103419558304466,56.073658360857394,-13.248011766707858,-3.3267832754008575
2025-05-29,44.45443287220784,52.457853050646825,-8.003420178438985,1.5181681577771442,1.7724373783849328,2.634713935125921,41.47882328296463,47.430042461451045,48.98387578901236,55.93183031228129,-13.16745949128579,-2.8393808655921804
2025-05-30,44.45443287220784,52.45785305064682,-8.003420178438983,1.518168157777144,1.7724373783849328,2.634713935125921,41.47882328296464,47.43004246145104,48.98387578901235,55.931830312281285,-13.167459491285786,-2.8393808655921786
2025-05-31,44.45443287220784,52.45785305064682,-8.003420178438985,1.518168157777144,1.7724373783849328,2.634713935125921,41.47882328296464,47.43004246145104,48.98387578901235,55.931830312281285,-13.16745949128579,-2.8393808655921804
2025-06-01,44.45443287220784,52.457853050646825,-8.003420178438985,1.518168157777144,1.7724373783849328,2.634713935125921,41.47882328296464,47.43004246145104,48.98387578901236,55.93183031228129,-13.16745949128579,-2.8393808655921804
2025-06-02,44.51924865275872,52.13846081535046,-7.619212162591746,1.4530678551852971,2.0502119772255725,2.9352799664554134,41.671235656595535,47.367261648921904,48.12004533998834,56.15687629071259,-13.372360896844356,-1.8660634283391362
2025-06-03,44.72630732412553,51.96876389184145,-7.242456567715919,1.4391366312633995,1.9370013143470302,2.8539303373130798,41.905599526849265,47.54701512140179,48.172241315721266,55.76528646796163,-12.836160028849555,-1.6487531065822836
2025-06-04,44.744016030904966,51.958273035935754,-7.21425700503079,1.4281469725430669,1.9169375732547564,2.8287880948592283,41.94484796472055,47.54318409708938,48.20107539235643,55.71547067951508,-12.758681670954878,-1.6698323391067023
2025-06-05,44.26040502531688,51.556512158514636,-7.296107133197759,2.1904589382029465,2.3258964960279047,2.736815597849473,39.967105506439104,48.55370454419465,46.99775502629994,56.11526929072933,-12.660265704982725,-1.931948561412792
2025-06-06,44.02248799124134,52.120382974701116,-8.097894983459772,2.483742227094491,2.22017919499518,2.901017518828592,39.15435322613614,48.890622756346545,47.768831752510565,56.47193419689167,-13.783889320363812,-2.4119006465557318
2025-06-07,44.02248799124134,52.120382974701116,-8.097894983459772,2.483742227094491,2.22017919499518,2.901017518828592,39.15435322613614,48.890622756346545,47.768831752510565,56.47193419689167,-13.783889320363812,-2.4119006465557318
2025-06-08,44.204611127227444,52.6639950648074,-8.459383937579958,2.1411769981829396,2.10846133586629,2.561848540112091,40.00790421078888,48.40131804366601,48.53141084650947,56.79657928310533,-13.480607076199655,-3.4381607989602596
2025-06-09,43.921148790845194,52.175773327839764,-8.254624536994575,2.441757073292664,2.545409363606442,3.7387113878587686,39.13530492719157,48.70699265449882,47.186770975171136,57.16477568050839,-15.582498857197761,-0.9267502167913886
2025-06-10,44.011930208794944,52.264609552066275,-8.252679343271328,2.4204631936827488,2.5188373377586197,3.6516821601273617,39.267822349176754,48.75603806841313,47.32768837005938,57.201530734073174,-15.409976377120957,-1.0953823094216997
2025-06-11,44.01087396417114,52.26775688930074,-8.256882925129599,2.4086254067863946,2.5072349234474585,3.6336182396496977,39.289968166869805,48.731779761472474,47.353576439343726,57.18193733925776,-15.378774674843006,-1.1349911754161912
2025-06-12,43.8225596717496,52.469282168161165,-8.646722496411565,2.271908304729557,2.3661306386934737,3.4776911760445963,39.36961939447967,48.27549994901953,47.831666116321955,57.106898220000375,-15.462997201458974,-1.830447791364156
2025-06-13,43.8225596717496,52.469282168161165,-8.646722496411565,2.271908304729557,2.3661306386934733,3.4776911760445963,39.36961939447967,48.27549994901953,47.831666116321955,57.106898220000375,-15.462997201458974,-1.830447791364156
2025-06-14,43.853371719254724,52.26791036924521,-8.414538649990481,2.121301469019178,2.2579649480829316,3.2368179947467897,39.69562083997714,48.01112259853231,47.842299071002664,56.69352166748775,-14.75870191969419,-2.070375380286774
2025-06-15,43.86396274196499,52.44917884154784,-8.585216099582853,2.044735730010169,2.1859677893871923,3.0550190262691084,39.85628071114506,47.87164477278492,48.164681974348944,56.73367570874674,-14.573053391070307,-2.5973788080954003
2025-06-16,44.094133451964744,52.61173173107905,-8.517598279114308,1.9052813661700945,1.893651310272925,2.6835271509906344,40.35978197427136,47.82848492965813,48.900175162944116,56.32328829921398,-13.777311495055951,-3.2578850631726644
2025-06-17,44.00184775939471,52.821714813421835,-8.819867054027132,1.7817034033826942,1.8291578384015281,2.592735897374465,40.50970908876462,47.49398643002479,49.23656545015484,56.40686417668883,-13.901629412881082,-3.7381046951731802
2025-06-18,44.16668948688946,52.81716319149051,-8.65047370460105,1.8601563072815792,1.7858218153284326,2.5842740210722535,40.520783124617566,47.812595849161355,49.31695243344678,56.317373949534236,-13.715650785902666,-3.585296623299433
2025-06-19,44.477427472795036,52.72523912389468,-8.247811651099642,2.1051447147578246,1.7540545457496843,3.029909176724891,40.3513438318697,48.60351111372037,49.2872922142253,56.16318603356406,-14.186433637480429,-2.309189664718856
2025-06-20,44.308174963724966,52.843803140651005,-8.535628176926041,2.1441872485717197,1.761528955264262,3.1362132593015035,40.105567956524396,48.510781970925535,49.39120638833305,56.29639989296896,-14.682606165156987,-2.3886501886950944
2025-06-21,44.308174963724966,52.843803140651005,-8.535628176926041,2.1441872485717197,1.761528955264262,3.1362132593015035,40.105567956524396,48.510781970925535,49.39120638833305,56.29639989296896,-14.682606165156987,-2.3886501886950944
2025-06-22,44.17475768924267,52.93281721237655,-8.75805952313388,2.101176546052202,1.7494753833729577,3.0919351428648283,40.05645165898035,48.293063719504985,49.50384546096555,56.361788963787546,-14.818252403148943,-2.697866643118817
2025-06-23,43.932200084190654,53.06108810734639,-9.128888023155742,2.1774654592894027,1.7174372842007248,3.144711476503326,39.66436778398342,48.200032384397886,49.69491103031297,56.42726518437981,-15.292522517102261,-2.965253529209223
2025-06-24,43.875265880493124,52.95640701303601,-9.081141132542882,2.0701301423359477,1.6712482036348677,2.99300694594741,39.81781080151467,47.93272095947158,49.680760533911666,56.23205349216035,-14.947434746599805,-3.214847518485959
2025-06-25,43.72689103824555,52.58205883058578,-8.855167792340232,1.898478482707685,1.8199769594181596,2.68114745324519,40.00587321213848,47.44790886435261,49.014903990126186,56.14921367104537,-14.110216800700805,-3.60011878397966
2025-06-26,43.84734726256378,52.562736517089114,-8.71538925452533,1.7904122785931964,1.7146130564001687,2.5584648954302986,40.33813919652111,47.35655532860645,49.20209492654478,55.92337810763345,-13.729980449568716,-3.7007980594819454
2025-06-27,43.84734726256378,52.562736517089114,-8.71538925452533,1.7904122785931964,1.7146130564001687,2.5584648954302986,40.33813919652111,47.35655532860645,49.20209492654478,55.92337810763345,-13.729980449568716,-3.7007980594819454
2025-06-28,43.84734726256378,52.562736517089114,-8.71538925452533,1.7904122785931964,1.7146130564001687,2.5584648954302986,40.33813919652111,47.35655532860645,49.20209492654478,55.92337810763345,-13.729980449568716,-3.7007980594819454
2025-06-29,43.90208432076399,52.53642995560263,-8.634345634838642,1.7558594616793313,1.6603267408682274,2.4940993901633246,40.4605997758725,47.34356886565548,49.282189543500905,55.79067036770435,-13.522780439558758,-3.7459108301185253
2025-06-30,43.616235563721744,52.778482678279495,-9.162247114557752,1.8755986110731626,1.695597164578219,2.8578294955363903,39.940062286018346,47.29240884142514,49.45511223570619,56.1018531208528,-14.763592925809078,-3.5609013033064274
2025-07-01,43.61623556372174,52.77848267827949,-9.16224711455775,1.8755986110731624,1.6955971645782189,2.8578294955363903,39.94006228601834,47.292408841425136,49.45511223570618,56.101853120852795,-14.763592925809075,-3.5609013033064256
2025-07-02,43.6175756916018,52.770689658386964,-9.153113966785165,1.8606670332096802,1.6832681139116306,2.8359760394462166,39.97066830651083,47.26448307669277,49.471484155120166,56.06989516165376,-14.71162700409975,-3.5946009294705803
2025-07-03,43.61757569160179,52.77068965838696,-9.153113966785165,1.86066703320968,1.6832681139116306,2.835976039446216,39.970668306510824,47.26448307669276,49.47148415512016,56.069895161653754,-14.71162700409975,-3.594600929470581
2025-07-04,43.61757569160179,52.77068965838696,-9.153113966785165,1.86066703320968,1.6832681139116306,2.835976039446216,39.970668306510824,47.26448307669276,49.47148415512016,56.069895161653754,-14.71162700409975,-3.594600929470581
2025-07-05,43.6175756916018,52.770689658386964,-9.153113966785165,1.8606670332096802,1.6832681139116308,2.8359760394462166,39.97066830651083,47.26448307669277,49.471484155120166,56.06989516165376,-14.71162700409975,-3.5946009294705803
2025-07-06,43.54352842962281,52.89218946032295,-9.348661030700146,1.7942473774983825,1.6537577125054361,2.774559604880804,40.02680356972598,47.06025328951964,49.650824343812296,56.13355457683361,-14.786797856266523,-3.91052420513377
2025-07-07,43.47759230344836,52.83183864433602,-9.35424634088766,1.7221467711637997,1.5883981798049038,2.6426140341152182,40.10218463196731,46.85299997492941,49.718578211918405,55.94509907675363,-14.533769847753486,-4.174722834021832
2025-07-08,43.498057515769645,52.758409889659056,-9.26035237388941,1.5673417431760188,1.453836154806755,2.411875355946092,40.426067699144646,46.570047332394644,49.90889102623782,55.607928753080294,-13.98762807154375,-4.533076676235069
2025-07-09,43.498057515769645,52.758409889659056,-9.26035237388941,1.567341743176019,1.453836154806755,2.411875355946092,40.426067699144646,46.570047332394644,49.90889102623782,55.607928753080294,-13.98762807154375,-4.533076676235069
2025-07-10,43.15596917100726,52.508645176063965,-9.352676005056704,1.7558267790825375,1.2507383839049309,2.235526112272616,39.714548684005486,46.59738965800903,50.0571979436103,54.96009240851763,-13.734307185111032,-4.971044825002377
2025-07-11,43.155969171007264,52.508645176063965,-9.352676005056704,1.7558267790825373,1.2507383839049309,2.235526112272616,39.71454868400549,46.597389658009035,50.0571979436103,54.96009240851763,-13.734307185111032,-4.971044825002377
2025-07-12,43.15596917100726,52.508645176063965,-9.352676005056702,1.7558267790825373,1.2507383839049309,2.235526112272616,39.714548684005486,46.59738965800903,50.0571979436103,54.96009240851763,-13.73430718511103,-4.971044825002375
2025-07-13,42.83910947527641,53.00244030946734,-10.163330834190928,2.1410392572207058,1.499057941453044,3.0839764237618836,38.64267253112383,47.03554641942899,50.06428674421937,55.940593874715304,-16.20792462476422,-4.118737043617636
2025-07-14,42.81177296627717,53.11065587654729,-10.29888291027012,1.8689408323931223,1.4042702918725343,2.65799959032334,39.14864893478665,46.47489699776769,50.35828610447712,55.86302564861746,-15.508562107303867,-5.0892037132363726
2025-07-15,42.81177296627717,53.11065587654729,-10.298882910270118,1.8689408323931223,1.4042702918725343,2.65799959032334,39.14864893478665,46.47489699776769,50.35828610447712,55.86302564861746,-15.508562107303865,-5.089203713236371
2025-07-16,43.219633718506884,53.21670434104727,-9.997070622540384,1.9038443403519307,1.3679561539114231,2.4512547989509668,39.4880988114171,46.951168625596665,50.53551027938088,55.89789840271366,-14.80153002848428,-5.1926112165964895
2025-07-17,43.219633718506884,53.21670434104727,-9.997070622540384,1.9038443403519307,1.3679561539114231,2.4512547989509668,39.4880988114171,46.951168625596665,50.53551027938088,55.89789840271366,-14.80153002848428,-5.1926112165964895
2025-07-18,43.280144639817784,53.98201830802723,-10.701873668209446,1.6673250756116353,1.8127184434712973,2.5541901574199484,40.01218749161898,46.54810178801659,50.429090158823485,57.53494645723097,-15.708086376752544,-5.6956609596663474
2025-07-19,43.2868210734701,53.96128317636601,-10.67446210289591,1.6258032840705463,1.7716902650226456,2.493343558719553,40.10024663669183,46.47339551024837,50.488770256921626,57.43379609581039,-15.561415477986234,-5.787508727805586
2025-07-20,43.266398137729055,53.98491816307077,-10.718520025341718,1.595754418442962,1.695601622667999,2.470562340849581,40.13871947758085,46.39407679787726,50.661538982641495,57.30829734350005,-15.560822213406897,-5.876217837276539
2025-07-21,42.85484850940574,54.3351809858588,-11.480332476453057,1.9819718413527683,1.5804932373575196,2.6632097665628365,38.97018370035431,46.73951331845717,51.23741424063806,57.43294773107954,-16.700223618916215,-6.260441333989898
2025-07-22,42.73560830900167,53.82243072833349,-11.086822419331815,1.8770863121229686,2.047520900627055,2.755846337189117,39.05651913724065,46.41469748076269,49.80928976310446,57.835571693562514,-16.488281240222484,-5.685363598441146
2025-07-23,42.74729496122034,53.81631963689737,-11.069024675677031,1.8717345775055465,2.0387450663439166,2.7486625453822913,39.07869518930947,46.41589473313121,49.820379306863295,57.81225996693144,-16.456403264626324,-5.68164608672774
2025-07-24,42.93230892258689,53.78294881706677,-10.85063989447988,1.8924703924090849,1.9658673780531908,2.735965698923376,39.223066953465086,46.6415508917087,49.929848756082514,57.63604887805102,-16.213132664369695,-5.488147124590063
2025-07-25,42.93230892258689,53.782948817066774,-10.85063989447988,1.8924703924090849,1.9658673780531908,2.7359656989233763,39.223066953465086,46.6415508917087,49.92984875608252,57.63604887805103,-16.213132664369695,-5.488147124590062
2025-07-26,42.93230892258689,53.782948817066774,-10.850639894479881,1.8924703924090849,1.965867378053191,2.7359656989233763,39.223066953465086,46.6415508917087,49.92984875608252,57.63604887805103,-16.2131326643697,-5.488147124590064
2025-07-27,42.59730406766476,53.510795074136155,-10.913491006471396,2.303919557966189,1.9907132361493638,2.723210159490388,38.081621734051026,47.11298640127849,49.6089971312834,57.41259301698891,-16.250982919072555,-5.575999093870236
2025-07-28,42.22291503078537,53.715584823230266,-11.492669792444898,2.3130888300265204,1.9102076517523534,2.8909132086373677,37.68926092393339,46.756569137637356,49.971577825795656,57.459591820664876,-17.15885968137414,-5.826479903515658
2025-07-29,42.14708623262488,53.85445494209611,-11.707368709471236,2.2621795463279892,1.9319428137699377,2.9280445431548476,37.71321432182202,46.580958143427736,50.067847027107035,57.64106285708519,-17.446336014054737,-5.968401404887735
2025-07-30,41.997751818496326,54.00369290162808,-12.005941083131756,2.2652165373397373,1.9576529469446313,3.0613913459793096,37.55792740531044,46.437576231682215,50.166693125616604,57.84069267763955,-18.006268121251203,-6.005614045012309
2025-07-31,42.36190612511689,53.86564298076603,-11.503736855649148,2.274065994296662,1.8359482606181015,3.0774627026690164,37.90473677629543,46.81907547393835,50.26718438995455,57.464101571577515,-17.53556375288042,-5.471909958417876
2025-08-01,42.36190612511688,53.86564298076603,-11.503736855649148,2.274065994296662,1.8359482606181012,3.0774627026690164,37.90473677629542,46.81907547393834,50.26718438995456,57.46410157157751,-17.53556375288042,-5.471909958417876
2025-08-02,42.36190612511688,53.86564298076603,-11.503736855649148,2.274065994296662,1.8359482606181012,3.0774627026690164,37.90473677629542,46.81907547393834,50.26718438995456,57.46410157157751,-17.53556375288042,-5.471909958417876
2025-08-03,42.63048371146859,53.71640031456017,-11.08591660309158,2.2176962520989267,1.7661857543649986,3.090774531858475,38.2837990573547,46.977168365582486,50.25467623600477,57.17812439311557,-17.14383468553419,-5.027998520648969
2025-08-04,42.578571143442424,53.75071092027719,-11.172139776834772,2.1526779903523607,1.7127998481920303,3.005930640001252,38.3593222823518,46.79782000453305,50.39362321782082,57.10779862273357,-17.063763831237225,-5.280515722432318
2025-08-05,42.578571143442424,53.75071092027719,-11.172139776834772,2.1526779903523607,1.7127998481920303,3.005930640001252,38.3593222823518,46.79782000453305,50.39362321782082,57.10779862273357,-17.063763831237225,-5.280515722432318
2025-08-06,42.578571143442424,53.75071092027719,-11.172139776834772,2.1526779903523607,1.7127998481920303,3.005930640001252,38.3593222823518,46.79782000453305,50.39362321782082,57.10779862273357,-17.063763831237225,-5.280515722432318
2025-08-07,42.801081161544474,53.79135741601407,-10.990276254469595,2.1651119544498627,1.6304059489047247,2.9154426532232915,38.557461730822745,47.0447005922662,50.59576175616081,56.98695307586733,-16.704543854787246,-5.276008654151944
2025-08-08,42.801081161544474,53.791357416014066,-10.990276254469594,2.1651119544498627,1.6304059489047247,2.915442653223291,38.557461730822745,47.0447005922662,50.595761756160805,56.986953075867326,-16.704543854787243,-5.276008654151943
2025-08-09,42.79090651703087,53.42349730478261,-10.632590787751745,2.0321996579537434,1.813456078790155,2.89778591437647,38.807795187441535,46.774017846620204,49.869123390353906,56.97787121921131,-16.312251179929625,-4.952930395573865
2025-08-10,42.56132029286955,54.02925991674659,-11.467939623877033,1.823705955890522,1.9404140934691045,2.984297002819079,38.98685661932413,46.13578396641498,50.226048293547144,57.832471539946035,-17.317161749402427,-5.618717498351638
2025-08-11,42.641571546936895,53.99598794161963,-11.354416394682742,1.7103950524971754,1.8240134689170264,2.7902447288948684,39.289197244042434,45.993945849831356,50.42092154254226,57.571054340697,-16.823296063316683,-5.8855367260488
2025-08-12,42.54853143935873,53.90756079244949,-11.359029353090758,1.7388346201113378,1.8408830541623797,2.7352045005197247,39.14041558394051,45.95664729477696,50.299430006291225,57.51569157860775,-16.720030174109418,-5.998028532072097
2025-08-13,42.59395601453097,53.91976041691051,-11.325804402379541,1.7328859739386138,1.8148142675523902,2.701324706858196,39.19749950561128,45.99041252345065,50.36272445250783,57.4767963813132,-16.620400827821605,-6.031207976937477
2025-08-14,42.60977884160875,54.15975883479798,-11.549979993189226,1.6279354759088458,1.842791349002871,2.5988921972996373,39.419025308827415,45.80053237439009,50.54788779075235,57.771629878843605,-16.643808699896514,-6.456151286481936
2025-08-15,42.60977884160875,54.15975883479798,-11.549979993189224,1.6279354759088458,1.842791349002871,2.598892197299637,39.419025308827415,45.80053237439009,50.54788779075235,57.771629878843605,-16.64380869989651,-6.456151286481935
2025-08-16,42.609778841608744,54.15975883479797,-11.549979993189224,1.6279354759088458,1.842791349002871,2.598892197299637,39.41902530882741,45.80053237439008,50.54788779075234,57.7716298788436,-16.64380869989651,-6.456151286481935
2025-08-17,43.481304709116316,53.60355120138793,-10.12224649227161,1.9537717253230522,1.8219186144415718,3.2044601197003963,39.651912127483136,47.310697290749495,50.03259071708245,57.17451168569341,-16.402988326884387,-3.8415046576588336
2025-08-18,43.13390685659737,53.38658448926696,-10.252677632669588,1.8831453290282603,1.7435032419698948,2.9634676585536166,39.44294201170198,46.82487170149276,49.96931813500596,56.803850843527954,-16.061074243434675,-4.4442810219045
2025-08-19,43.13390685659737,53.38658448926696,-10.252677632669588,1.88314532902826,1.7435032419698948,2.9634676585536166,39.44294201170198,46.82487170149276,49.96931813500596,56.803850843527954,-16.061074243434675,-4.4442810219045
2025-08-20,43.046634006723416,53.44681501692203,-10.400181010198613,1.7327953726557743,1.6322131734008751,2.7640029096341903,39.6503550763181,46.44291293712873,50.24767719705632,56.64595283678774,-15.817626713081626,-4.9827353073156
2025-08-21,43.1007573589062,53.34371672056372,-10.242959361657519,1.605788742028674,1.5499673141212131,2.608430404803488,39.95341142453,46.2481032932824,50.30578078488614,56.3816526562413,-15.355482955072354,-5.130435768242683
2025-08-22,43.1007573589062,53.34371672056372,-10.242959361657519,1.605788742028674,1.5499673141212131,2.608430404803488,39.95341142453,46.2481032932824,50.30578078488614,56.3816526562413,-15.355482955072354,-5.130435768242683
2025-08-23,43.10075735890619,53.34371672056371,-10.242959361657519,1.605788742028674,1.5499673141212131,2.608430404803488,39.95341142452999,46.2481032932824,50.30578078488613,56.38165265624129,-15.355482955072354,-5.130435768242683
2025-08-24,43.18143562300546,53.28246867317439,-10.101033050168928,1.600091935710925,1.4875593111810814,2.516719199503489,40.04525542901205,46.317615816998874,50.36685242325947,56.19808492308931,-15.033802681195766,-5.1682634191420895
2025-08-25,42.68122560640145,53.30182657357584,-10.620600967174388,2.098812296617033,1.4721546457547108,2.874658450789708,38.567553505032066,46.79489770777083,50.41640346789661,56.18724967925507,-16.254931530722217,-4.986270403626561
2025-08-26,42.5154372002006,52.87296905503798,-10.357531854837374,2.0345961134595694,1.7373588058376097,2.736874492477361,38.527628817819846,46.50324558258136,49.467745795596265,56.27819231447969,-15.721805860093001,-4.993257849581747
2025-08-27,42.5154372002006,52.87296905503798,-10.357531854837374,2.0345961134595694,1.7373588058376097,2.736874492477361,38.527628817819846,46.50324558258136,49.467745795596265,56.27819231447969,-15.721805860093001,-4.993257849581747
2025-08-28,42.799412020513174,52.99790183468948,-10.1984898141763,2.0719275378302973,1.6696326763566764,2.606942688138695,38.73843404636579,46.86038999466056,49.72542178903039,56.270381880348566,-15.308097482928142,-5.088882145424458
2025-08-29,42.799412020513174,52.99790183468948,-10.1984898141763,2.0719275378302973,1.6696326763566764,2.606942688138695,38.73843404636579,46.86038999466056,49.72542178903039,56.270381880348566,-15.308097482928142,-5.088882145424458
2025-08-30,42.799412020513174,52.99790183468948,-10.1984898141763,2.0719275378302973,1.6696326763566764,2.606942688138695,38.73843404636579,46.86038999466056,49.72542178903039,56.270381880348566,-15.308097482928142,-5.088882145424458
2025-08-31,42.61984680406273,52.76917246449383,-10.1493256604311,2.137145737519997,1.790739631412285,2.265968156368079,38.43104115852354,46.80865244960192,49.25932278692575,56.279022142061905,-14.590623246912534,-5.708028073949665
2025-09-01,42.99851855615279,52.2116493939928,-9.21313083784001,2.1259407891828515,2.9624283387939068,3.765526527125367,38.8316746093544,47.165362502951176,46.405289849956745,58.018008938028856,-16.59356283100573,-1.8326988446742911
2025-09-02,42.637314588044745,52.606629177973694,-9.969314589928954,2.0503463914155597,2.769976259233621,3.707651626451492,38.61863566087025,46.655993515219244,47.1774757098758,58.03578264607159,-17.236311777773878,-2.702317402084031
2025-09-03,42.637314588044745,52.6066291779737,-9.969314589928954,2.0503463914155597,2.769976259233621,3.707651626451492,38.61863566087025,46.655993515219244,47.17747570987581,58.035782646071596,-17.236311777773878,-2.702317402084031
2025-09-04,42.637314588044745,52.606629177973694,-9.969314589928954,2.0503463914155597,2.769976259233621,3.707651626451492,38.61863566087025,46.655993515219244,47.1774757098758,58.03578264607159,-17.236311777773878,-2.702317402084031
2025-09-05,42.98646977486355,53.03845072886355,-10.051980954,2.033033148655688,2.713128982678599,3.3942026017177143,39.001724803498405,46.971214746228696,47.7207179228135,58.356183534913605,-16.70461805336672,-3.3993438546332797
2025-09-06,42.986469774863544,53.038450728863545,-10.051980953999998,2.033033148655688,2.713128982678599,3.394202601717714,39.0017248034984,46.97121474622869,47.72071792281349,58.3561835349136,-16.704618053366715,-3.399343854633279
2025-09-07,42.986469774863544,53.038450728863545,-10.051980953999998,2.033033148655688,2.713128982678599,3.394202601717714,39.0017248034984,46.97121474622869,47.72071792281349,58.3561835349136,-16.704618053366715,-3.399343854633279
2025-09-08,42.82613268052419,53.027111062989874,-10.200978382465683,1.7152803306478341,2.357341311139234,2.8819619853602116,39.46418323245443,46.18808212859395,48.40672209315697,57.64750003282278,-15.849623873771698,-4.5523328911596685
2025-09-09,43.095801778568614,53.438118290287186,-10.342316511718574,1.7430475505861236,2.164179063355601,2.6879413843484925,39.67942857941981,46.512174977717414,49.19632732611021,57.679909254464164,-15.610681625041618,-5.073951398395528
2025-09-10,43.095801778568614,53.438118290287186,-10.342316511718574,1.7430475505861236,2.164179063355601,2.6879413843484925,39.67942857941981,46.512174977717414,49.19632732611021,57.679909254464164,-15.610681625041618,-5.073951398395528
2025-09-11,43.3789485708457,53.37805475969372,-9.99910618884802,1.6853056479924613,1.99933157710437,2.598093203334019,40.075749500780475,46.68214764091093,49.45936486856915,57.29674465081828,-15.091368867382696,-4.906843510313342
2025-09-12,43.37894857084571,53.378054759693725,-9.99910618884802,1.6853056479924615,1.9993315771043698,2.598093203334019,40.07574950078048,46.682147640910934,49.45936486856916,57.29674465081829,-15.091368867382696,-4.906843510313342
2025-09-13,43.37894857084571,53.378054759693725,-9.99910618884802,1.6853056479924613,1.99933157710437,2.598093203334019,40.07574950078048,46.682147640910934,49.45936486856916,57.29674465081829,-15.091368867382696,-4.906843510313342
2025-09-14,43.41861854346989,53.43681347261278,-10.018194929142888,1.6441773840281206,1.951526605320084,2.5344325112637445,40.19603087077478,46.641206216165,49.61182132618542,57.261805619040146,-14.985682651219827,-5.050707207065949
2025-09-15,43.25564904102641,53.81466313790133,-10.559014096874915,1.7697976730290015,1.7690017730586456,2.7047063466964487,39.78684560188957,46.72445248016325,50.34741966270638,57.281906613096275,-15.860238536399955,-5.257789657349876
2025-09-16,43.63805798847185,53.60590296749203,-9.967844979020173,1.901663912973506,1.6400361824315297,2.826332176569884,39.91079671904378,47.36531925789992,50.39143204992623,56.820373885057826,-15.507456045097145,-4.428233912943201
2025-09-17,43.63805798847185,53.60590296749202,-9.967844979020171,1.901663912973506,1.6400361824315297,2.826332176569884,39.91079671904378,47.36531925789992,50.39143204992622,56.82037388505782,-15.507456045097143,-4.428233912943199
2025-09-18,43.61214969873291,53.65184946765433,-10.039699768921421,1.8827889428269255,1.6418682672186733,2.8222547227196277,39.92188337079213,47.30241602667368,50.43378766390573,56.86991127140293,-15.571319025451892,-4.508080512390951
2025-09-19,43.611080859783115,53.64545274166868,-10.034371881885562,1.8559138266462503,1.6188276865680016,2.7820157963298078,39.973489759556465,47.248671960009766,50.47255047599539,56.818355007341964,-15.487122842691985,-4.581620921079139
2025-09-20,43.45898408137707,53.65997357232761,-10.200989490950539,1.8961362897503973,1.570001488828395,2.775524382098553,39.74255695346629,47.175411209287844,50.58277065422396,56.73717649043126,-15.641017279863703,-4.760961702037375
2025-09-21,43.11376316834406,53.59682585044271,-10.483062682098652,1.9940272232579666,1.597416672815544,2.5845022636026744,39.205469810758444,47.02205652592967,50.46588917172425,56.727762529161176,-15.548687118759894,-5.41743824543741
2025-09-22,42.983187896351566,53.751809393349646,-10.76862149699808,2.007078305631008,1.5250502246589313,2.637606311760053,39.04931441731479,46.91706137538834,50.76271095301814,56.74090783368115,-15.938329868047783,-5.598913125948377
2025-09-23,42.983187896351566,53.751809393349646,-10.76862149699808,2.007078305631008,1.5250502246589313,2.6376063117600523,39.04931441731479,46.91706137538834,50.76271095301814,56.74090783368115,-15.93832986804778,-5.5989131259483775
2025-09-24,43.24951647337539,54.05576370079218,-10.806247227416796,1.8904751724543538,1.565224468463003,2.4716059772990406,39.544185135364856,46.95484781138592,50.98792374260469,57.12360365897966,-15.650594942922915,-5.961899511910676
2025-09-25,43.24951647337539,54.055763700792184,-10.806247227416796,1.8904751724543538,1.565224468463003,2.4716059772990406,39.544185135364856,46.95484781138592,50.9879237426047,57.12360365897967,-15.650594942922915,-5.961899511910676
2025-09-26,43.09687450487238,53.78116080733495,-10.684286302462562,1.8080049645637837,1.625178986195904,2.327960114708732,39.55318477432736,46.6405642354174,50.595809994390976,56.96651162027892,-15.247088127291676,-6.121484477633447
2025-09-27,43.07133112168068,53.82239797406227,-10.751066852381584,1.6889870891604088,1.5208106351444435,2.1799671727061827,39.76091642692628,46.38174581643508,50.84160912917916,56.80318681894538,-15.023802510885702,-6.478331193877466
2025-09-28,43.19108106011388,53.915298451191475,-10.724217391077596,1.5403469371205474,1.3809998502948877,1.9637847959934118,40.172001063357605,46.210161056870156,51.20853874461349,56.62205815776946,-14.573235591224684,-6.875199190930509
2025-09-29,42.64550810800053,53.639762174824774,-10.994254066824249,1.8782780183571615,1.6063460240820842,1.8341407582297746,38.96408319202049,46.326933023980565,50.49132396762389,56.78820038202566,-14.589169952954608,-7.39933818069389
2025-09-30,42.68958641062766,53.61641409685992,-10.92682768623226,1.8220069127677387,1.554401236817131,1.7892502693091903,39.1184528616029,46.26071995965243,50.56978767269835,56.66304052102149,-14.433758214078273,-7.419897158386247
2025-10-01,42.94786562834601,53.563824334816005,-10.615958706470002,1.9670921262319128,1.5026715991632327,2.0246771594182422,39.092365060931456,46.80336619576056,50.61858800045607,56.50906066917594,-14.584325938929757,-6.647591474010246
2025-10-02,42.90640855554206,53.54810155358299,-10.641692998040934,1.8575280649675647,1.416812282301664,1.909262902752243,39.265653548205634,46.54716356287848,50.771149480271724,56.32505362689425,-14.383848287435331,-6.8995377086465375
2025-10-03,42.88650989193407,53.97647727814008,-11.089967386206014,1.7463004937914246,1.782977599230911,2.1778679810956776,39.46376092410288,46.30925885976526,50.4818411836475,57.471113372632665,-15.358588629153543,-6.821346143258486
2025-10-04,42.886509891934075,53.976477278140095,-11.089967386206016,1.7463004937914248,1.782977599230911,2.1778679810956776,39.463760924102885,46.309258859765265,50.48184118364751,57.47111337263268,-15.358588629153545,-6.821346143258488
2025-10-05,43.012473811726515,53.963452631887485,-10.95097882016097,1.7059737464887115,1.6970235514175942,2.122135397068163,39.66876526860864,46.35618235484439,50.637286471109,57.28961879266597,-15.110364198414569,-6.79159344190737
2025-10-06,43.508946150045425,53.6234295395507,-10.114483389505276,2.026583308577422,1.6487246875064994,2.8613800363981743,39.53684286523368,47.48104943485717,50.39192915203796,56.85492992706344,-15.722788260845697,-4.506178518164854
2025-10-07,43.25189838316095,53.66043856871105,-10.408540185550098,2.0357379890235787,1.6934572866109265,2.848100573806998,39.26185192467474,47.24194484164716,50.341262286953636,56.979614850468465,-15.990817310211813,-4.826263060888382
2025-10-08,43.25783371991981,53.6728203557748,-10.414986635854996,2.0188070682080537,1.6814499529716207,2.8236196570368053,39.300971866232025,47.21469557360759,50.37717844795043,56.96846226359918,-15.949281163647134,-4.880692108062858
2025-10-09,43.473537302644424,53.60997112852011,-10.136433825875686,2.0436400768914393,1.6078559891996165,2.8234086270590564,39.468002751937206,47.47907185335164,50.45857338968886,56.76136886735136,-15.670314734911436,-4.602552916839936
2025-10-10,43.47353730264443,53.609971128520115,-10.136433825875686,2.04364007689144,1.6078559891996165,2.8234086270590564,39.468002751937206,47.479071853351655,50.458573389688866,56.761368867351365,-15.670314734911436,-4.602552916839936
2025-10-11,43.473537302644424,53.60997112852011,-10.136433825875686,2.0436400768914393,1.6078559891996165,2.8234086270590564,39.468002751937206,47.47907185335164,50.45857338968886,56.76136886735136,-15.670314734911436,-4.602552916839936
2025-10-12,43.319517679449056,53.59548723671964,-10.275969557270585,1.863781828595587,1.497349476895939,2.579299040762121,39.666505295401706,46.97253006349641,50.660682262003604,56.53029221143568,-15.331395677164341,-5.220543437376828
2025-10-13,43.174154866841484,53.691166578781775,-10.517011711940292,1.8809337508551134,1.4848157480064186,2.6376820995327646,39.48752471516546,46.860785018517504,50.78092771268919,56.60140544487436,-15.68686862702451,-5.347154796856073
2025-10-14,43.05216383953969,53.485490241461875,-10.433326401922194,1.8209807167334315,1.536878934664334,2.514214293821901,39.483041634742165,46.62128604433721,50.47320752951978,56.49777295340397,-15.36118641781312,-5.5054663860312685
2025-10-15,42.991234400144315,53.02568237323441,-10.034447973090098,1.7587404146814865,2.14830139337015,2.7658370338218354,39.5441031873686,46.43836561292003,48.81501164222892,57.2363531042399,-15.455488559380896,-4.6134073867993
2025-10-16,43.505351203527674,52.755111252332554,-9.249760048804884,2.004829969131899,1.9699224305999519,2.9483800406019083,39.57588446402915,47.4348179430262,48.89406328835665,56.61615921630846,-15.028584928384625,-3.470935169225144
2025-10-17,43.505351203527674,52.755111252332554,-9.249760048804882,2.004829969131899,1.9699224305999516,2.9483800406019083,39.57588446402915,47.4348179430262,48.89406328835665,56.61615921630846,-15.028584928384621,-3.4709351692251422
2025-10-18,43.505351203527674,52.755111252332554,-9.249760048804882,2.004829969131899,1.9699224305999516,2.9483800406019083,39.57588446402915,47.4348179430262,48.89406328835665,56.61615921630846,-15.028584928384621,-3.4709351692251422
2025-10-19,43.58301619689897,52.79948236260962,-9.21646616571066,1.9575480388517594,1.9176683361269342,2.847723517886009,39.746222040749515,47.41981035304842,49.040852423800835,56.55811230141841,-14.798004260767238,-3.634928070654082
2025-10-20,43.30800973289427,53.251823912429174,-9.943814179534908,1.8896374998609944,1.8349515959978913,2.8186876266827285,39.60432023316672,47.01169923262182,49.655318784273305,56.84832904058504,-15.468441927833055,-4.41918643123676
2025-10-21,43.30800973289428,53.25182391242918,-9.94381417953491,1.8896374998609944,1.8349515959978915,2.8186876266827285,39.60432023316673,47.01169923262182,49.65531878427331,56.84832904058505,-15.468441927833057,-4.419186431236762
2025-10-22,43.47080642234734,53.168278082023676,-9.697471659676337,1.9153072213251092,1.7983883681321167,2.8661459804074103,39.71680426855012,47.224808576144554,49.64343688048473,56.69311928356262,-15.31511778127486,-4.079825538077813
2025-10-23,43.50244171565184,53.24018656808845,-9.737744852436606,1.8443023458138557,1.7466892742840954,2.7585285947348224,39.887609117856684,47.117274313447,49.81667559049162,56.663697545685274,-15.144460898116858,-4.331028806756354
2025-10-24,43.502441715651834,53.24018656808844,-9.737744852436604,1.8443023458138554,1.7466892742840954,2.7585285947348224,39.88760911785668,47.11727431344699,49.81667559049161,56.66369754568527,-15.144460898116856,-4.331028806756352
2025-10-25,43.50244171565184,53.24018656808845,-9.737744852436606,1.8443023458138554,1.7466892742840956,2.7585285947348224,39.887609117856684,47.117274313447,49.81667559049162,56.663697545685274,-15.144460898116858,-4.331028806756354
2025-10-26,43.440344589216465,53.32265817565505,-9.882313586438583,1.7808419300657696,1.697694202993241,2.718459924366218,39.949894406287555,46.930794772145376,49.9951775377883,56.6501388135218,-15.21049503819637,-4.5541321346807955
2025-10-27,42.84364724666012,53.88824454422078,-11.044597297560664,1.9875881309057528,1.9245002746582072,3.384735043561135,38.94797451008484,46.7393199832354,50.1162240058907,57.660265082550865,-17.67867798294049,-4.410516612180839
2025-10-28,42.771402554625,54.427829634098266,-11.656427079473264,1.8059445046135727,2.0465174733896507,3.274790458329747,39.231751325582394,46.3110537836676,50.41665538625455,58.439003881941986,-18.075016377799567,-5.23783778114696
2025-10-29,42.81149529556507,54.571914925996715,-11.76041963043165,1.6839445837183096,1.9524262570908717,3.056249016755067,39.51096391147718,46.112026679652956,50.745159462098606,58.398670389894825,-17.75066770327158,-5.77017155759172
2025-10-30,42.725415445317644,54.70853116867739,-11.98311572335974,1.5996106551501357,2.0170307336261413,3.0733614043045505,39.590178561223375,45.86065232941191,50.75515093077015,58.66191140658463,-18.00690407579666,-5.959327370922821
2025-10-31,42.5695001227105,55.00769510438211,-12.438194981671606,1.563568146481778,2.288778457790245,3.21490831249972,39.50490655560622,45.63409368981478,50.52168932711323,59.49370088165099,-18.73941527417106,-6.136974689172154
2025-11-01,42.517981969943165,55.03402700890631,-12.516045038963137,1.547978690492553,2.241677535822912,3.1650379695930404,39.483943736577764,45.552020203308565,50.6403390386934,59.427714979119216,-18.719519459365497,-6.312570618560778
2025-11-02,42.54472096849376,55.00879128149829,-12.464070313004521,1.5119532278085313,2.186005509969577,3.0902825697947676,39.581292641989045,45.50814929499848,50.72422048195792,59.29336208103866,-18.521024149802265,-6.407116476206777
2025-11-03,42.34898614759981,55.092929411352486,-12.74394326375268,1.5939623036805934,2.1077132410611243,3.104874531420542,39.22482003238585,45.47315226281377,50.96181145887268,59.22404736383229,-18.829497345336943,-6.658389182168418
2025-11-04,41.89224879197503,54.822145918169795,-12.929897126194765,2.0093641406028127,2.148650932680981,2.978493512357351,37.953895076393515,45.83060250755654,50.610790090115074,59.033501746224516,-18.767744410415172,-7.092049841974357
2025-11-05,41.89224879197503,54.822145918169795,-12.929897126194765,2.0093641406028127,2.148650932680981,2.9784935123573506,37.953895076393515,45.83060250755654,50.610790090115074,59.033501746224516,-18.767744410415172,-7.092049841974358
2025-11-06,41.631460917219194,54.90386276604024,-13.272401848821048,1.8329295917024866,1.948132496861425,2.6991825207856897,38.03891891748232,45.22400291695607,51.08552307219185,58.722202459888635,-18.562799589561,-7.982004108081096
2025-11-07,41.631460917219194,54.90386276604024,-13.272401848821048,1.8329295917024866,1.948132496861425,2.6991825207856897,38.03891891748232,45.22400291695607,51.08552307219185,58.722202459888635,-18.562799589561,-7.982004108081096
2025-11-08,41.6314609172192,54.90386276604025,-13.272401848821048,1.8329295917024868,1.948132496861425,2.69918252078569,38.03891891748233,45.224002916956074,51.085523072191855,58.72220245988864,-18.562799589561,-7.982004108081095
2025-11-09,41.58631820084264,55.10928544477389,-13.52296724393125,1.7495751795411272,1.9470003634320303,2.668351602082733,38.15715084894203,45.01548555274325,51.29316473244711,58.92540615710067,-18.752936384013406,-8.292998103849094
2025-11-10,41.36072995558019,55.25011902534178,-13.889389069761593,1.7366383291674738,1.8970025220505686,2.690278497913267,37.956918830411944,44.76454108074844,51.531994082122665,58.9682439685609,-19.162334925671594,-8.616443213851591
2025-11-11,41.40482479901646,55.275612697803695,-13.870787898787238,1.703438371318919,1.852207474777493,2.623279851989832,38.06608559123138,44.74356400680154,51.64528604723981,58.90593934836758,-19.012416408687308,-8.729159388887167
2025-11-12,41.727676726286425,55.519556124255914,-13.791879397969486,1.7111451401185458,1.695508897181615,2.4299678699236567,38.37383225165408,45.08152120091877,52.19635868577995,58.84275356273188,-18.55461642301985,-9.02914237291912
2025-11-13,41.63401235593662,55.3124290485793,-13.67841669264267,1.6995132781450228,1.5133683517010634,2.2376446318915963,38.30296633077238,44.96505838110086,52.34622707924521,58.27863101791338,-18.064200171150198,-9.292633214135142
2025-11-14,41.35224653415287,55.22060639481486,-13.868359860661984,1.9862822535270068,1.4841306291600804,2.2723766921136783,37.45913331723993,45.245359751065806,52.3117103616611,58.12950242796862,-18.322218177204793,-9.414501544119176
2025-11-15,41.35224653415287,55.22060639481486,-13.868359860661984,1.9862822535270068,1.4841306291600804,2.2723766921136783,37.45913331723993,45.245359751065806,52.3117103616611,58.12950242796862,-18.322218177204793,-9.414501544119176
2025-11-16,41.4755754439458,55.161481540246406,-13.685906096300606,1.9947109953246107,1.4569680131247933,2.322195253586222,37.56594189310956,45.38520899478204,52.30582423452181,58.017138845971004,-18.2374087933296,-9.134403399271612
2025-11-17,41.236133731976906,55.869939632567956,-14.633805900591044,1.7499381783442984,1.8073681682622509,2.6229617112910146,37.80625490242208,44.66601256153173,52.327498022773945,59.41238124236197,-19.774810854721434,-9.492800946460655
2025-11-18,41.23613373197691,55.86993963256796,-14.633805900591046,1.7499381783442984,1.807368168262251,2.6229617112910146,37.80625490242209,44.66601256153174,52.32749802277395,59.412381242361974,-19.774810854721434,-9.492800946460658
2025-11-19,41.236133731976906,55.869939632567956,-14.633805900591044,1.7499381783442984,1.8073681682622509,2.6229617112910146,37.80625490242208,44.66601256153173,52.327498022773945,59.41238124236197,-19.774810854721434,-9.492800946460655
2025-11-20,40.74761268801412,55.86676299305115,-15.11915030503702,1.9359571972747418,1.9981315135374669,2.5426015184319484,36.95313658135563,44.542088794672615,51.95042522651771,59.783100759584585,-20.10264928116364,-10.135651328910402
2025-11-21,40.54441008283349,56.511196798514995,-15.966786715681506,2.082733947869912,2.0840569451332343,2.819094600963672,36.462251545008456,44.62656862065852,52.426445186053854,60.595948410976135,-21.492212133570302,-10.44136129779271
2025-11-22,40.54441008283349,56.511196798514995,-15.966786715681506,2.082733947869912,2.0840569451332343,2.819094600963672,36.462251545008456,44.62656862065852,52.426445186053854,60.595948410976135,-21.492212133570302,-10.44136129779271
2025-11-23,40.666463545625376,56.38310919729639,-15.716645651671012,2.103585810244298,2.110766646937053,2.966279680659662,36.54343535754655,44.7894917337042,52.246006569299766,60.52021182529302,-21.53055382576395,-9.902737477578075
2025-11-24,40.5656510292433,56.26556301094025,-15.699911981696953,1.9870020170284484,1.9707983138424623,2.788881063527165,36.67112707586754,44.46017498261906,52.40279831580902,60.128327706071474,-21.166118866210198,-10.23370509718371
2025-11-25,40.37542074067667,56.30007681832891,-15.924656077652239,1.9425282236207404,1.9033339636043463,2.732241281476538,36.568065422380016,44.18277605897332,52.569542249664394,60.03061138699343,-21.279848989346256,-10.569463165958224
2025-11-26,40.49874608400722,56.3955461984974,-15.896800114490174,1.8880191046156087,1.8355958255869866,2.6019128564795313,36.79822863896063,44.199263529053816,52.797778380346905,59.993314016647894,-20.996549313190055,-10.797050915790294
2025-11-27,40.49874608400722,56.3955461984974,-15.896800114490174,1.8880191046156087,1.8355958255869866,2.6019128564795313,36.79822863896063,44.199263529053816,52.797778380346905,59.993314016647894,-20.996549313190055,-10.797050915790294
2025-11-28,40.49874608400722,56.3955461984974,-15.896800114490174,1.8880191046156085,1.8355958255869866,2.601912856479531,36.79822863896063,44.199263529053816,52.797778380346905,59.993314016647894,-20.996549313190055,-10.797050915790294
2025-11-29,40.49874608400723,56.3955461984974,-15.896800114490174,1.8880191046156087,1.8355958255869866,2.6019128564795313,36.79822863896064,44.19926352905382,52.797778380346905,59.993314016647894,-20.996549313190055,-10.797050915790294
2025-11-30,40.64643728418234,56.25585256096007,-15.609415276777737,1.9083384706721986,1.850758049727611,2.7387160075503045,36.90609388166483,44.38678068669985,52.62836678349395,59.88333833842619,-20.977298651576334,-10.24153190197914
2025-12-01,40.581204961735665,56.34267615685583,-15.761471195120166,1.8442125230441466,1.79762484454047,2.6779667682211628,36.96654841656914,44.19586150690219,52.81933146155651,59.86602085215515,-21.010286060833643,-10.512656329406687
2025-12-02,40.581204961735665,56.34267615685583,-15.761471195120167,1.8442125230441468,1.79762484454047,2.677966768221163,36.96654841656914,44.19586150690219,52.81933146155651,59.86602085215515,-21.010286060833646,-10.512656329406688
2025-12-03,40.581204961735665,56.34267615685583,-15.761471195120166,1.8442125230441466,1.79762484454047,2.677966768221163,36.96654841656914,44.19586150690219,52.81933146155651,59.86602085215515,-21.010286060833646,-10.512656329406685
2025-12-04,40.99003233902587,55.91586571699686,-14.925833377970989,1.9414628251260346,2.2336925405923487,3.5914102710485767,37.184765201778845,44.7952994762729,51.53782833743586,60.29390309655786,-21.964997509226198,-7.886669246715779
2025-12-05,40.83254750974112,55.604327100088646,-14.771779590347524,1.8538902789696683,2.3069338537464175,3.4088729743547104,37.19892256296057,44.46617245652167,51.08273674674567,60.125917453431626,-21.45317062008276,-8.090388560612292
2025-12-06,40.83254750974111,55.60432710008864,-14.771779590347524,1.8538902789696683,2.3069338537464175,3.4088729743547104,37.19892256296056,44.46617245652166,51.08273674674566,60.12591745343162,-21.45317062008276,-8.090388560612292
2025-12-07,41.28543834322764,55.294480261607376,-14.00904191837974,2.0007461940820215,2.233648093190861,3.5937138977486667,37.36397580282688,45.2069008836284,50.91652999895329,59.672430524261465,-21.052721157967127,-6.965362678792354
2025-12-08,41.90230739301034,55.101688298275214,-13.199380905264876,1.804062263421053,1.9097361208179737,3.158541181181927,38.366345356705075,45.4382694293156,51.358605501471985,58.84477109507844,-19.390121620381453,-7.0086401901482995
2025-12-09,41.90230739301034,55.101688298275214,-13.199380905264876,1.804062263421053,1.9097361208179737,3.158541181181927,38.366345356705075,45.4382694293156,51.358605501471985,58.84477109507844,-19.390121620381453,-7.0086401901482995
2025-12-10,41.95456000350597,55.078676058509096,-13.124116055003125,1.8026183403175773,1.8861491423469625,3.141805866545864,38.421428056483514,45.48769195052842,51.38182373950905,58.77552837750914,-19.28205555343302,-6.966176556573231
2025-12-11,41.688686069166586,55.032662116418415,-13.34397604725183,1.7925832401996082,1.8416169863831706,2.7325926345537424,38.175222918375354,45.20214921995782,51.4230928231074,58.642231409729426,-18.699857610977165,-7.9880944835264955
2025-12-12,41.68868606916659,55.03266211641842,-13.343976047251832,1.7925832401996085,1.8416169863831708,2.7325926345537424,38.17522291837536,45.202149219957825,51.42309282310741,58.64223140972943,-18.69985761097717,-7.988094483526497
2025-12-13,41.68853958133147,55.039912888422364,-13.351373307090896,1.7695848010883881,1.8185418119850938,2.6979213828814737,38.22015337119823,45.15692579146471,51.47557093693158,58.604254839913146,-18.639299217538586,-8.063447396643207
2025-12-14,41.68853958133147,55.039912888422364,-13.351373307090896,1.7695848010883881,1.8185418119850938,2.6979213828814737,38.22015337119823,45.15692579146471,51.47557093693158,58.604254839913146,-18.639299217538586,-8.063447396643207
2025-12-15,41.62703588409421,54.88454479884282,-13.257508914748609,2.011743703757064,1.828920284839055,2.651794603880704,37.684018224730366,45.57005354345806,51.29986104055827,58.469228557127366,-18.455026338354788,-8.05999149114243
2025-12-16,41.618385559280505,54.898922537911346,-13.280536978630838,2.0029757495055565,1.8248675820526465,2.6474955234311355,37.69255309024961,45.5442180283114,51.32218207708816,58.475662998734535,-18.469628204555864,-8.091445752705813
2025-12-17,41.618385559280505,54.898922537911346,-13.280536978630838,2.0029757495055565,1.8248675820526463,2.6474955234311355,37.69255309024961,45.5442180283114,51.32218207708816,58.475662998734535,-18.469628204555864,-8.091445752705813
2025-12-18,41.86452177090011,54.8189413355339,-12.954419564633788,2.125133584020534,1.7713803290382146,2.7779375386416483,37.69925994621987,46.029783595580355,51.347035890619,58.2908467804488,-18.399177140371417,-7.509661988896158
2025-12-19,41.461405780621256,55.869502858767206,-14.408097078145955,2.0933951056835944,2.451823465088726,3.6929389387156304,37.35835137348141,45.5644601877611,51.063928867193304,60.67507685034111,-21.64625739802859,-7.1699367582633196
2025-12-20,41.36650848617729,55.55644671240487,-14.18993822622758,2.032408467054761,2.826135567974885,3.928391750034981,37.38298789074996,45.35002908160462,50.01722099917409,61.09567242563565,-21.889586056296142,-6.4902903961590175
2025-12-21,41.32432073104421,55.19819585631313,-13.87387512526892,1.9982687955234055,2.9576763533514936,3.847628294625374,37.40771389181833,45.24092757027009,49.4011502037442,60.99524150888205,-21.415226582734654,-6.332523667803187
2025-12-22,41.2364182326377,55.26054418913398,-14.024125956496276,1.978229447627872,2.8917268605850808,3.791951649505132,37.35908851528708,45.11374794998833,49.59275954238722,60.92832883588074,-21.456351189526334,-6.5919007234662175
2025-12-23,41.236418232637696,55.260544189133974,-14.024125956496274,1.9782294476278717,2.8917268605850808,3.7919516495051315,37.35908851528707,45.11374794998832,49.59275954238721,60.928328835880734,-21.45635118952633,-6.591900723466217
2025-12-24,41.2364182326377,55.26054418913398,-14.024125956496276,1.978229447627872,2.8917268605850808,3.791951649505132,37.35908851528708,45.11374794998833,49.59275954238722,60.92832883588074,-21.456351189526334,-6.5919007234662175
2025-12-25,41.2364182326377,55.26054418913398,-14.024125956496276,1.978229447627872,2.8917268605850808,3.791951649505132,37.35908851528708,45.11374794998833,49.59275954238722,60.92832883588074,-21.456351189526334,-6.5919007234662175
2025-12-26,41.2364182326377,55.26054418913398,-14.024125956496276,1.978229447627872,2.8917268605850808,3.791951649505132,37.35908851528708,45.11374794998833,49.59275954238722,60.92832883588074,-21.456351189526334,-6.5919007234662175
2025-12-27,41.2364182326377,55.26054418913398,-14.024125956496276,1.978229447627872,2.8917268605850808,3.791951649505132,37.35908851528708,45.11374794998833,49.59275954238722,60.92832883588074,-21.456351189526334,-6.5919007234662175
2025-12-28,41.2364182326377,55.26054418913398,-14.024125956496276,1.978229447627872,2.8917268605850808,3.791951649505132,37.35908851528708,45.11374794998833,49.59275954238722,60.92832883588074,-21.456351189526334,-6.5919007234662175
2025-12-29,41.091066848421384,55.256278360610565,-14.165211512189181,1.9315325558715823,2.7503984673667956,3.628068496507153,37.30526303891308,44.876870657929686,49.865497364571645,60.647059356649486,-21.2762257653432,-7.054197259035162
2025-12-30,41.091066848421384,55.256278360610565,-14.165211512189181,1.9315325558715823,2.7503984673667956,3.6280684965071526,37.30526303891308,44.876870657929686,49.865497364571645,60.647059356649486,-21.2762257653432,-7.0541972590351625
2025-12-31,41.091066848421384,55.256278360610565,-14.165211512189181,1.9315325558715823,2.7503984673667956,3.6280684965071526,37.30526303891308,44.876870657929686,49.865497364571645,60.647059356649486,-21.2762257653432,-7.0541972590351625
2026-01-01,40.929210364486714,55.40077922632434,-14.471568861837625,2.010597421729967,2.7538547143597216,3.780166772557696,36.988439417895975,44.86998131107745,50.003223986179286,60.79833446646939,-21.880695736050708,-7.062441987624541
2026-01-02,40.929210364486714,55.40077922632434,-14.471568861837625,2.010597421729967,2.7538547143597216,3.780166772557696,36.988439417895975,44.86998131107745,50.003223986179286,60.79833446646939,-21.880695736050708,-7.062441987624541
2026-01-03,40.929210364486714,55.40077922632434,-14.471568861837625,2.010597421729967,2.7538547143597216,3.780166772557696,36.988439417895975,44.86998131107745,50.003223986179286,60.79833446646939,-21.880695736050708,-7.062441987624541
2026-01-04,41.24402311300375,54.73606152697615,-13.492038413972402,1.933637144043824,2.5441784862789985,3.6271426112398397,37.45409431067785,45.033951915329645,49.74947169386931,59.72265136008299,-20.601237932002487,-6.382838895942316
2026-01-05,41.48728839992682,54.6740542691338,-13.18676586920698,2.0247002455716947,2.231406145045313,3.4668819592786404,37.5188759186063,45.45570088124734,50.300498224844986,59.04761031342261,-19.981854509393116,-6.391677229020845
2026-01-06,41.48728839992682,54.6740542691338,-13.18676586920698,2.0247002455716947,2.231406145045313,3.4668819592786404,37.5188759186063,45.45570088124734,50.300498224844986,59.04761031342261,-19.981854509393116,-6.391677229020845
2026-01-07,41.54874117421008,55.472124563404115,-13.923383389194038,1.787291431264441,2.464075027842116,3.347830861892773,38.04564996893178,45.05183237948838,50.64253750883357,60.30171161797466,-20.48513187850387,-7.361634899884204
2026-01-08,41.62537399307183,55.5701079446661,-13.944733951594266,1.6284302366877486,2.2434560420705236,3.035007726680252,38.433650729163844,44.81709725697982,51.172934102207876,59.96728178712432,-19.893349095887558,-7.996118807300972
2026-01-09,41.625373993071825,55.57010794466609,-13.944733951594266,1.6284302366877483,2.243456042070523,3.035007726680252,38.43365072916384,44.817097256979814,51.17293410220787,59.967281787124314,-19.893349095887558,-7.996118807300972
